-- phpMyAdmin SQL Dump
-- version 4.8.4
-- https://www.phpmyadmin.net/
--
-- Host: 127.0.0.1
-- Generation Time: Jan 31, 2021 at 07:27 PM
-- Server version: 5.7.27
-- PHP Version: 7.3.1

SET SQL_MODE = "NO_AUTO_VALUE_ON_ZERO";
SET AUTOCOMMIT = 0;
START TRANSACTION;
SET time_zone = "+00:00";


/*!40101 SET @OLD_CHARACTER_SET_CLIENT=@@CHARACTER_SET_CLIENT */;
/*!40101 SET @OLD_CHARACTER_SET_RESULTS=@@CHARACTER_SET_RESULTS */;
/*!40101 SET @OLD_COLLATION_CONNECTION=@@COLLATION_CONNECTION */;
/*!40101 SET NAMES utf8mb4 */;

--
-- Database: `cpp_fonesafe`
--

-- --------------------------------------------------------

--
-- Table structure for table `activation_histories`
--

CREATE TABLE `activation_histories` (
  `id` bigint(20) NOT NULL,
  `store_id` int(11) NOT NULL,
  `imei` varchar(191) NOT NULL,
  `model` varchar(191) NOT NULL,
  `price` varchar(191) NOT NULL,
  `fs_code` varchar(191) NOT NULL,
  `purchase_date` varchar(191) NOT NULL,
  `status` tinyint(4) NOT NULL,
  `created_at` timestamp NOT NULL DEFAULT CURRENT_TIMESTAMP ON UPDATE CURRENT_TIMESTAMP,
  `updated_at` timestamp NOT NULL DEFAULT '0000-00-00 00:00:00'
) ENGINE=InnoDB DEFAULT CHARSET=utf8;

--
-- Dumping data for table `activation_histories`
--

INSERT INTO `activation_histories` (`id`, `store_id`, `imei`, `model`, `price`, `fs_code`, `purchase_date`, `status`, `created_at`, `updated_at`) VALUES
(6, 296, '866405047039106', 'P30 Lite', '25999', '51621T420829', '2020-12-03 13:44:14', 1, '2020-12-03 19:02:11', '2020-12-03 19:02:11'),
(7, 296, '866405047035559', 'P30 Lite', '25999', '36263T410683', '2020-12-03 15:15:11', 1, '2020-12-03 20:19:06', '2020-12-03 20:19:06'),
(8, 296, '868054047029788', 'P30 Pro', '89990', '6031T730206', '2020-12-05 13:03:30', 1, '2020-12-05 18:16:13', '2020-12-05 18:16:13'),
(9, 296, '866795046986566', 'Matepad T8', '13999', '48027T216991', '2020-12-06 12:47:17', 1, '2020-12-06 17:52:40', '2020-12-06 17:52:40'),
(10, 296, '860251043271541', 'Y9 Prime 2019', '23999', '36794T454475', '2020-12-06 14:26:53', 1, '2020-12-06 19:32:42', '2020-12-06 19:32:42'),
(11, 296, '860251043274339', 'Y9 Prime 2019', '23999', '37554T423497', '2020-12-06 15:43:06', 1, '2020-12-06 20:52:01', '2020-12-06 20:52:01'),
(12, 296, '866795046949812', 'Matepad T8', '13999', '33498T249346', '2020-12-10 16:13:55', 1, '2020-12-10 21:17:28', '2020-12-10 21:17:28'),
(13, 296, '866795046981500', 'Matepad T8', '13999', '4293T219388', '2020-12-11 17:53:05', 1, '2020-12-12 15:30:31', '2020-12-12 15:30:31');

-- --------------------------------------------------------

--
-- Table structure for table `bongo_tv_codes`
--

CREATE TABLE `bongo_tv_codes` (
  `id` bigint(20) NOT NULL,
  `bongo_tv_code` varchar(191) NOT NULL,
  `status` tinyint(4) NOT NULL,
  `use_date` varchar(191) DEFAULT NULL,
  `imei` varchar(191) DEFAULT NULL,
  `created_at` timestamp NOT NULL DEFAULT CURRENT_TIMESTAMP ON UPDATE CURRENT_TIMESTAMP,
  `updated_at` timestamp NOT NULL DEFAULT '0000-00-00 00:00:00'
) ENGINE=InnoDB DEFAULT CHARSET=utf8;

--
-- Dumping data for table `bongo_tv_codes`
--

INSERT INTO `bongo_tv_codes` (`id`, `bongo_tv_code`, `status`, `use_date`, `imei`, `created_at`, `updated_at`) VALUES
(313, 'BDMN07FC6B17', 1, '2020-12-03 14:02:11', '866405047039106', '2020-12-03 08:02:11', '2020-12-03 19:02:11'),
(314, 'BDMN102E3B70', 1, '2020-12-03 14:02:11', '866405047039106', '2020-12-03 08:02:11', '2020-12-03 19:02:11'),
(315, 'BDMN4123E021', 1, '2020-12-03 14:02:11', '866405047039106', '2020-12-03 08:02:11', '2020-12-03 19:02:11'),
(316, 'BDMN7F17DB83', 1, '2020-12-03 15:19:06', '866405047035559', '2020-12-03 09:19:06', '2020-12-03 20:19:06'),
(317, 'BDMNF7B838CF', 1, '2020-12-03 15:19:06', '866405047035559', '2020-12-03 09:19:06', '2020-12-03 20:19:06'),
(318, 'BDMN7EC57999', 1, '2020-12-03 15:19:06', '866405047035559', '2020-12-03 09:19:06', '2020-12-03 20:19:06'),
(319, 'BDMNC47B7458', 1, '2020-12-05 13:16:13', '868054047029788', '2020-12-05 07:16:13', '2020-12-05 18:16:13'),
(320, 'BDMN404FC739', 1, '2020-12-05 13:16:13', '868054047029788', '2020-12-05 07:16:13', '2020-12-05 18:16:13'),
(321, 'BDMNF8547611', 1, '2020-12-05 13:16:13', '868054047029788', '2020-12-05 07:16:13', '2020-12-05 18:16:13'),
(322, 'BDMNADD802F7', 1, '2020-12-06 12:52:40', '866795046986566', '2020-12-06 06:52:40', '2020-12-06 17:52:40'),
(323, 'BDMN7FE8828E', 1, '2020-12-06 12:52:40', '866795046986566', '2020-12-06 06:52:40', '2020-12-06 17:52:40'),
(324, 'BDMN4BB5A80F', 1, '2020-12-06 12:52:40', '866795046986566', '2020-12-06 06:52:40', '2020-12-06 17:52:40'),
(325, 'BDMNA4F4A13F', 1, '2020-12-06 14:32:42', '860251043271541', '2020-12-06 08:32:42', '2020-12-06 19:32:42'),
(326, 'BDMND415A92E', 1, '2020-12-06 14:32:42', '860251043271541', '2020-12-06 08:32:42', '2020-12-06 19:32:42'),
(327, 'BDMN3634D127', 1, '2020-12-06 14:32:42', '860251043271541', '2020-12-06 08:32:42', '2020-12-06 19:32:42'),
(328, 'BDMN53271166', 1, '2020-12-06 15:52:01', '860251043274339', '2020-12-06 09:52:01', '2020-12-06 20:52:01'),
(329, 'BDMND21DCCCE', 1, '2020-12-06 15:52:01', '860251043274339', '2020-12-06 09:52:01', '2020-12-06 20:52:01'),
(330, 'BDMNA854A093', 1, '2020-12-06 15:52:01', '860251043274339', '2020-12-06 09:52:01', '2020-12-06 20:52:01'),
(331, 'BDMNFDA0449A', 1, '2020-12-10 16:17:28', '866795046949812', '2020-12-10 10:17:28', '2020-12-10 21:17:28'),
(332, 'BDMN90BDB719', 1, '2020-12-10 16:17:28', '866795046949812', '2020-12-10 10:17:28', '2020-12-10 21:17:28'),
(333, 'BDMN9172AC58', 1, '2020-12-10 16:17:28', '866795046949812', '2020-12-10 10:17:28', '2020-12-10 21:17:28'),
(334, 'BDMN74A8690B', 1, '2020-12-12 10:30:31', '866795046981500', '2020-12-12 04:30:31', '2020-12-12 15:30:31'),
(335, 'BDMNC25BFBC2', 1, '2020-12-12 10:30:31', '866795046981500', '2020-12-12 04:30:31', '2020-12-12 15:30:31'),
(336, 'BDMN9EE16894', 1, '2020-12-12 10:30:31', '866795046981500', '2020-12-12 04:30:31', '2020-12-12 15:30:31'),
(337, 'BDMN3D5343C1', 1, '2020-12-12 13:56:19', '865881043309100', '2020-12-12 07:56:19', '2020-12-12 18:56:19'),
(338, 'BDMN9B8F13E5', 1, '2020-12-12 13:56:19', '865881043309100', '2020-12-12 07:56:19', '2020-12-12 18:56:19'),
(339, 'BDMN1163095C', 1, '2020-12-12 13:56:19', '865881043309100', '2020-12-12 07:56:19', '2020-12-12 18:56:19'),
(340, 'BDMN45CF80AB', 1, '2020-12-12 17:45:25', '865163047104690', '2020-12-12 11:45:25', '2020-12-12 22:45:25'),
(341, 'BDMN45ABD04C', 1, '2020-12-12 17:45:25', '865163047104690', '2020-12-12 11:45:25', '2020-12-12 22:45:25'),
(342, 'BDMNFD813DE8', 1, '2020-12-12 17:45:25', '865163047104690', '2020-12-12 11:45:25', '2020-12-12 22:45:25'),
(343, 'BDMN2AF5F58B', 0, NULL, NULL, '2020-12-01 19:28:40', '2020-12-01 19:28:40'),
(344, 'BDMNC4DE9481', 0, NULL, NULL, '2020-12-01 19:28:40', '2020-12-01 19:28:40'),
(345, 'BDMNE710C579', 0, NULL, NULL, '2020-12-01 19:28:40', '2020-12-01 19:28:40'),
(346, 'BDMN6EDC1D5D', 0, NULL, NULL, '2020-12-01 19:28:40', '2020-12-01 19:28:40'),
(347, 'BDMN5E534EF6', 0, NULL, NULL, '2020-12-01 19:28:40', '2020-12-01 19:28:40'),
(348, 'BDMN6069406F', 0, NULL, NULL, '2020-12-01 19:28:40', '2020-12-01 19:28:40'),
(349, 'BDMN8DA7FD77', 0, NULL, NULL, '2020-12-01 19:28:40', '2020-12-01 19:28:40'),
(350, 'BDMN31B03551', 0, NULL, NULL, '2020-12-01 19:28:40', '2020-12-01 19:28:40'),
(351, 'BDMNDB0D9819', 0, NULL, NULL, '2020-12-01 19:28:40', '2020-12-01 19:28:40'),
(352, 'BDMND7193AED', 0, NULL, NULL, '2020-12-01 19:28:40', '2020-12-01 19:28:40'),
(353, 'BDMN5157D0FD', 0, NULL, NULL, '2020-12-01 19:28:40', '2020-12-01 19:28:40'),
(354, 'BDMND8559410', 0, NULL, NULL, '2020-12-01 19:28:40', '2020-12-01 19:28:40'),
(355, 'BDMN90506546', 0, NULL, NULL, '2020-12-01 19:28:40', '2020-12-01 19:28:40'),
(356, 'BDMN53BFCA9D', 0, NULL, NULL, '2020-12-01 19:28:40', '2020-12-01 19:28:40'),
(357, 'BDMNF0BE2847', 0, NULL, NULL, '2020-12-01 19:28:40', '2020-12-01 19:28:40'),
(358, 'BDMNAF191CE4', 0, NULL, NULL, '2020-12-01 19:28:40', '2020-12-01 19:28:40'),
(359, 'BDMN120E9E80', 0, NULL, NULL, '2020-12-01 19:28:40', '2020-12-01 19:28:40'),
(360, 'BDMN8677018A', 0, NULL, NULL, '2020-12-01 19:28:40', '2020-12-01 19:28:40'),
(361, 'BDMNB848ADE2', 0, NULL, NULL, '2020-12-01 19:28:40', '2020-12-01 19:28:40'),
(362, 'BDMN6C2C8270', 0, NULL, NULL, '2020-12-01 19:28:40', '2020-12-01 19:28:40'),
(363, 'BDMN0B57980D', 0, NULL, NULL, '2020-12-01 19:28:40', '2020-12-01 19:28:40'),
(364, 'BDMNC8C3C485', 0, NULL, NULL, '2020-12-01 19:28:40', '2020-12-01 19:28:40'),
(365, 'BDMNEABDE2FF', 0, NULL, NULL, '2020-12-01 19:28:40', '2020-12-01 19:28:40'),
(366, 'BDMNFB60C9E2', 0, NULL, NULL, '2020-12-01 19:28:40', '2020-12-01 19:28:40'),
(367, 'BDMN5B4400EA', 0, NULL, NULL, '2020-12-01 19:28:40', '2020-12-01 19:28:40'),
(368, 'BDMND896EB0F', 0, NULL, NULL, '2020-12-01 19:28:40', '2020-12-01 19:28:40'),
(369, 'BDMN22F6B430', 0, NULL, NULL, '2020-12-01 19:28:40', '2020-12-01 19:28:40'),
(370, 'BDMN567A3B72', 0, NULL, NULL, '2020-12-01 19:28:40', '2020-12-01 19:28:40'),
(371, 'BDMN547C4F47', 0, NULL, NULL, '2020-12-01 19:28:40', '2020-12-01 19:28:40'),
(372, 'BDMNBA14DA3D', 0, NULL, NULL, '2020-12-01 19:28:40', '2020-12-01 19:28:40'),
(373, 'BDMN3CFA1162', 0, NULL, NULL, '2020-12-01 19:28:40', '2020-12-01 19:28:40'),
(374, 'BDMN9B46924E', 0, NULL, NULL, '2020-12-01 19:28:40', '2020-12-01 19:28:40'),
(375, 'BDMN9B1DA247', 0, NULL, NULL, '2020-12-01 19:28:40', '2020-12-01 19:28:40'),
(376, 'BDMN17A1565E', 0, NULL, NULL, '2020-12-01 19:28:40', '2020-12-01 19:28:40'),
(377, 'BDMNC4286564', 0, NULL, NULL, '2020-12-01 19:28:40', '2020-12-01 19:28:40'),
(378, 'BDMN9E9EC51A', 0, NULL, NULL, '2020-12-01 19:28:40', '2020-12-01 19:28:40'),
(379, 'BDMN0CCC7722', 0, NULL, NULL, '2020-12-01 19:28:40', '2020-12-01 19:28:40'),
(380, 'BDMN815FAEA4', 0, NULL, NULL, '2020-12-01 19:28:40', '2020-12-01 19:28:40'),
(381, 'BDMNC5F9D156', 0, NULL, NULL, '2020-12-01 19:28:40', '2020-12-01 19:28:40'),
(382, 'BDMN780AD646', 0, NULL, NULL, '2020-12-01 19:28:40', '2020-12-01 19:28:40'),
(383, 'BDMN459DEC0A', 0, NULL, NULL, '2020-12-01 19:28:40', '2020-12-01 19:28:40'),
(384, 'BDMNACAC438F', 0, NULL, NULL, '2020-12-01 19:28:40', '2020-12-01 19:28:40'),
(385, 'BDMNF4C643FB', 0, NULL, NULL, '2020-12-01 19:28:40', '2020-12-01 19:28:40'),
(386, 'BDMNA0081B36', 0, NULL, NULL, '2020-12-01 19:28:40', '2020-12-01 19:28:40'),
(387, 'BDMN14107C00', 0, NULL, NULL, '2020-12-01 19:28:40', '2020-12-01 19:28:40'),
(388, 'BDMN3674EEF3', 0, NULL, NULL, '2020-12-01 19:28:40', '2020-12-01 19:28:40'),
(389, 'BDMN8D9FF47D', 0, NULL, NULL, '2020-12-01 19:28:40', '2020-12-01 19:28:40'),
(390, 'BDMN5BEDBF8B', 0, NULL, NULL, '2020-12-01 19:28:40', '2020-12-01 19:28:40'),
(391, 'BDMNAB0BE15E', 0, NULL, NULL, '2020-12-01 19:28:40', '2020-12-01 19:28:40'),
(392, 'BDMNC69D121E', 0, NULL, NULL, '2020-12-01 19:28:40', '2020-12-01 19:28:40'),
(393, 'BDMN27302DE1', 0, NULL, NULL, '2020-12-01 19:28:40', '2020-12-01 19:28:40'),
(394, 'BDMN2581CB7F', 0, NULL, NULL, '2020-12-01 19:28:40', '2020-12-01 19:28:40'),
(395, 'BDMN3E473F91', 0, NULL, NULL, '2020-12-01 19:28:40', '2020-12-01 19:28:40'),
(396, 'BDMN9AC10C29', 0, NULL, NULL, '2020-12-01 19:28:40', '2020-12-01 19:28:40'),
(397, 'BDMNF8AAE6E1', 0, NULL, NULL, '2020-12-01 19:28:40', '2020-12-01 19:28:40'),
(398, 'BDMNC5A61E81', 0, NULL, NULL, '2020-12-01 19:28:40', '2020-12-01 19:28:40'),
(399, 'BDMNDF0F6F4B', 0, NULL, NULL, '2020-12-01 19:28:40', '2020-12-01 19:28:40'),
(400, 'BDMN65E4A43D', 0, NULL, NULL, '2020-12-01 19:28:40', '2020-12-01 19:28:40'),
(401, 'BDMN682014EA', 0, NULL, NULL, '2020-12-01 19:28:40', '2020-12-01 19:28:40'),
(402, 'BDMN3B32F3C8', 0, NULL, NULL, '2020-12-01 19:28:40', '2020-12-01 19:28:40'),
(403, 'BDMNC338DC99', 0, NULL, NULL, '2020-12-01 19:28:40', '2020-12-01 19:28:40'),
(404, 'BDMNFE333951', 0, NULL, NULL, '2020-12-01 19:28:40', '2020-12-01 19:28:40'),
(405, 'BDMNE53A7053', 0, NULL, NULL, '2020-12-01 19:28:40', '2020-12-01 19:28:40'),
(406, 'BDMN30DE3C68', 0, NULL, NULL, '2020-12-01 19:28:40', '2020-12-01 19:28:40'),
(407, 'BDMNAB90526B', 0, NULL, NULL, '2020-12-01 19:28:40', '2020-12-01 19:28:40'),
(408, 'BDMN29B9D4E1', 0, NULL, NULL, '2020-12-01 19:28:40', '2020-12-01 19:28:40'),
(409, 'BDMN0245C35A', 0, NULL, NULL, '2020-12-01 19:28:40', '2020-12-01 19:28:40'),
(410, 'BDMN98BBF355', 0, NULL, NULL, '2020-12-01 19:28:40', '2020-12-01 19:28:40'),
(411, 'BDMN9813AADE', 0, NULL, NULL, '2020-12-01 19:28:40', '2020-12-01 19:28:40'),
(412, 'BDMNA992426F', 0, NULL, NULL, '2020-12-01 19:28:40', '2020-12-01 19:28:40'),
(413, 'BDMN3FF8C809', 0, NULL, NULL, '2020-12-01 19:28:40', '2020-12-01 19:28:40'),
(414, 'BDMNC35D70C4', 0, NULL, NULL, '2020-12-01 19:28:40', '2020-12-01 19:28:40'),
(415, 'BDMNC00CBC21', 0, NULL, NULL, '2020-12-01 19:28:40', '2020-12-01 19:28:40'),
(416, 'BDMNC587232E', 0, NULL, NULL, '2020-12-01 19:28:40', '2020-12-01 19:28:40'),
(417, 'BDMN1F8B03C2', 0, NULL, NULL, '2020-12-01 19:28:40', '2020-12-01 19:28:40'),
(418, 'BDMNC7A1E886', 0, NULL, NULL, '2020-12-01 19:28:40', '2020-12-01 19:28:40'),
(419, 'BDMN4E12D9C2', 0, NULL, NULL, '2020-12-01 19:28:40', '2020-12-01 19:28:40'),
(420, 'BDMN03751CBF', 0, NULL, NULL, '2020-12-01 19:28:40', '2020-12-01 19:28:40'),
(421, 'BDMNFC497086', 0, NULL, NULL, '2020-12-01 19:28:40', '2020-12-01 19:28:40'),
(422, 'BDMN09C14B2B', 0, NULL, NULL, '2020-12-01 19:28:40', '2020-12-01 19:28:40'),
(423, 'BDMN8921C4F7', 0, NULL, NULL, '2020-12-01 19:28:40', '2020-12-01 19:28:40'),
(424, 'BDMN492DAA59', 0, NULL, NULL, '2020-12-01 19:28:40', '2020-12-01 19:28:40'),
(425, 'BDMN5049F43B', 0, NULL, NULL, '2020-12-01 19:28:40', '2020-12-01 19:28:40'),
(426, 'BDMN60D647B5', 0, NULL, NULL, '2020-12-01 19:28:40', '2020-12-01 19:28:40'),
(427, 'BDMN43908B8D', 0, NULL, NULL, '2020-12-01 19:28:40', '2020-12-01 19:28:40'),
(428, 'BDMNC614A800', 0, NULL, NULL, '2020-12-01 19:28:40', '2020-12-01 19:28:40'),
(429, 'BDMNC8956A45', 0, NULL, NULL, '2020-12-01 19:28:40', '2020-12-01 19:28:40'),
(430, 'BDMN6EBBE78C', 0, NULL, NULL, '2020-12-01 19:28:40', '2020-12-01 19:28:40'),
(431, 'BDMNF9EA74A6', 0, NULL, NULL, '2020-12-01 19:28:40', '2020-12-01 19:28:40'),
(432, 'BDMN43720249', 0, NULL, NULL, '2020-12-01 19:28:40', '2020-12-01 19:28:40'),
(433, 'BDMN2A72A14D', 0, NULL, NULL, '2020-12-01 19:28:40', '2020-12-01 19:28:40'),
(434, 'BDMNE0BE4BEF', 0, NULL, NULL, '2020-12-01 19:28:40', '2020-12-01 19:28:40'),
(435, 'BDMN81E23505', 0, NULL, NULL, '2020-12-01 19:28:40', '2020-12-01 19:28:40'),
(436, 'BDMNF8B3AD77', 0, NULL, NULL, '2020-12-01 19:28:40', '2020-12-01 19:28:40'),
(437, 'BDMNBC48B81E', 0, NULL, NULL, '2020-12-01 19:28:40', '2020-12-01 19:28:40'),
(438, 'BDMN0FB84B62', 0, NULL, NULL, '2020-12-01 19:28:40', '2020-12-01 19:28:40'),
(439, 'BDMN6491BC41', 0, NULL, NULL, '2020-12-01 19:28:40', '2020-12-01 19:28:40'),
(440, 'BDMN485AEAB5', 0, NULL, NULL, '2020-12-01 19:28:40', '2020-12-01 19:28:40'),
(441, 'BDMN62A8501B', 0, NULL, NULL, '2020-12-01 19:28:40', '2020-12-01 19:28:40'),
(442, 'BDMN419DDD17', 0, NULL, NULL, '2020-12-01 19:28:40', '2020-12-01 19:28:40'),
(443, 'BDMNB92554EF', 0, NULL, NULL, '2020-12-01 19:28:40', '2020-12-01 19:28:40'),
(444, 'BDMNA0A33047', 0, NULL, NULL, '2020-12-01 19:28:40', '2020-12-01 19:28:40'),
(445, 'BDMNE5A9ED19', 0, NULL, NULL, '2020-12-01 19:28:40', '2020-12-01 19:28:40'),
(446, 'BDMNB584A84A', 0, NULL, NULL, '2020-12-01 19:28:40', '2020-12-01 19:28:40'),
(447, 'BDMN3A154576', 0, NULL, NULL, '2020-12-01 19:28:40', '2020-12-01 19:28:40'),
(448, 'BDMN8D2DFCF5', 0, NULL, NULL, '2020-12-01 19:28:40', '2020-12-01 19:28:40'),
(449, 'BDMNCC114655', 0, NULL, NULL, '2020-12-01 19:28:40', '2020-12-01 19:28:40'),
(450, 'BDMN5D1D0C33', 0, NULL, NULL, '2020-12-01 19:28:40', '2020-12-01 19:28:40'),
(451, 'BDMN3E542807', 0, NULL, NULL, '2020-12-01 19:28:40', '2020-12-01 19:28:40'),
(452, 'BDMNCA7076E7', 0, NULL, NULL, '2020-12-01 19:28:40', '2020-12-01 19:28:40'),
(453, 'BDMNF9A0C442', 0, NULL, NULL, '2020-12-01 19:28:40', '2020-12-01 19:28:40'),
(454, 'BDMNC1B5A0F1', 0, NULL, NULL, '2020-12-01 19:28:40', '2020-12-01 19:28:40'),
(455, 'BDMN30B10D26', 0, NULL, NULL, '2020-12-01 19:28:40', '2020-12-01 19:28:40'),
(456, 'BDMN54420288', 0, NULL, NULL, '2020-12-01 19:28:40', '2020-12-01 19:28:40'),
(457, 'BDMN66B0C4EE', 0, NULL, NULL, '2020-12-01 19:28:40', '2020-12-01 19:28:40'),
(458, 'BDMNFE7B063C', 0, NULL, NULL, '2020-12-01 19:28:40', '2020-12-01 19:28:40'),
(459, 'BDMN4C2BF142', 0, NULL, NULL, '2020-12-01 19:28:40', '2020-12-01 19:28:40'),
(460, 'BDMN59B6189A', 0, NULL, NULL, '2020-12-01 19:28:40', '2020-12-01 19:28:40'),
(461, 'BDMN26936360', 0, NULL, NULL, '2020-12-01 19:28:40', '2020-12-01 19:28:40'),
(462, 'BDMN76E3322C', 0, NULL, NULL, '2020-12-01 19:28:40', '2020-12-01 19:28:40'),
(463, 'BDMN098BD99A', 0, NULL, NULL, '2020-12-01 19:28:40', '2020-12-01 19:28:40'),
(464, 'BDMN097E6720', 0, NULL, NULL, '2020-12-01 19:28:40', '2020-12-01 19:28:40'),
(465, 'BDMN62B08B7F', 0, NULL, NULL, '2020-12-01 19:28:40', '2020-12-01 19:28:40'),
(466, 'BDMNE23635B2', 0, NULL, NULL, '2020-12-01 19:28:40', '2020-12-01 19:28:40'),
(467, 'BDMN471C731E', 0, NULL, NULL, '2020-12-01 19:28:40', '2020-12-01 19:28:40'),
(468, 'BDMNB34D72BA', 0, NULL, NULL, '2020-12-01 19:28:40', '2020-12-01 19:28:40'),
(469, 'BDMN02D9305A', 0, NULL, NULL, '2020-12-01 19:28:40', '2020-12-01 19:28:40'),
(470, 'BDMNB31956FB', 0, NULL, NULL, '2020-12-01 19:28:40', '2020-12-01 19:28:40'),
(471, 'BDMNC44D5423', 0, NULL, NULL, '2020-12-01 19:28:40', '2020-12-01 19:28:40'),
(472, 'BDMN9AB9E2DB', 0, NULL, NULL, '2020-12-01 19:28:40', '2020-12-01 19:28:40'),
(473, 'BDMN492FCCE2', 0, NULL, NULL, '2020-12-01 19:28:40', '2020-12-01 19:28:40'),
(474, 'BDMN30627E06', 0, NULL, NULL, '2020-12-01 19:28:40', '2020-12-01 19:28:40'),
(475, 'BDMNFADE0510', 0, NULL, NULL, '2020-12-01 19:28:40', '2020-12-01 19:28:40'),
(476, 'BDMNC3BB5D4D', 0, NULL, NULL, '2020-12-01 19:28:40', '2020-12-01 19:28:40'),
(477, 'BDMNB1FC064F', 0, NULL, NULL, '2020-12-01 19:28:40', '2020-12-01 19:28:40'),
(478, 'BDMNC36DCEB3', 0, NULL, NULL, '2020-12-01 19:28:40', '2020-12-01 19:28:40'),
(479, 'BDMN4DC59086', 0, NULL, NULL, '2020-12-01 19:28:40', '2020-12-01 19:28:40'),
(480, 'BDMNE992FDC8', 0, NULL, NULL, '2020-12-01 19:28:40', '2020-12-01 19:28:40'),
(481, 'BDMNE2AE69FA', 0, NULL, NULL, '2020-12-01 19:28:40', '2020-12-01 19:28:40'),
(482, 'BDMN172FA46F', 0, NULL, NULL, '2020-12-01 19:28:40', '2020-12-01 19:28:40'),
(483, 'BDMN27B61D1F', 0, NULL, NULL, '2020-12-01 19:28:40', '2020-12-01 19:28:40'),
(484, 'BDMNE0FCED01', 0, NULL, NULL, '2020-12-01 19:28:40', '2020-12-01 19:28:40'),
(485, 'BDMNB2704F89', 0, NULL, NULL, '2020-12-01 19:28:40', '2020-12-01 19:28:40'),
(486, 'BDMNAD22F5F2', 0, NULL, NULL, '2020-12-01 19:28:40', '2020-12-01 19:28:40'),
(487, 'BDMN5C19424E', 0, NULL, NULL, '2020-12-01 19:28:40', '2020-12-01 19:28:40'),
(488, 'BDMNAA2F8534', 0, NULL, NULL, '2020-12-01 19:28:40', '2020-12-01 19:28:40'),
(489, 'BDMNB21B6778', 0, NULL, NULL, '2020-12-01 19:28:40', '2020-12-01 19:28:40'),
(490, 'BDMN117B6D5D', 0, NULL, NULL, '2020-12-01 19:28:40', '2020-12-01 19:28:40'),
(491, 'BDMNCE78E4F8', 0, NULL, NULL, '2020-12-01 19:28:40', '2020-12-01 19:28:40'),
(492, 'BDMN3541EF7A', 0, NULL, NULL, '2020-12-01 19:28:40', '2020-12-01 19:28:40'),
(493, 'BDMN0325CB9D', 0, NULL, NULL, '2020-12-01 19:28:40', '2020-12-01 19:28:40'),
(494, 'BDMNE9524B35', 0, NULL, NULL, '2020-12-01 19:28:40', '2020-12-01 19:28:40'),
(495, 'BDMNAFC40718', 0, NULL, NULL, '2020-12-01 19:28:40', '2020-12-01 19:28:40'),
(496, 'BDMN22CEA2E3', 0, NULL, NULL, '2020-12-01 19:28:40', '2020-12-01 19:28:40'),
(497, 'BDMN59618C57', 0, NULL, NULL, '2020-12-01 19:28:40', '2020-12-01 19:28:40'),
(498, 'BDMN01E73C4E', 0, NULL, NULL, '2020-12-01 19:28:40', '2020-12-01 19:28:40'),
(499, 'BDMN8F6544F0', 0, NULL, NULL, '2020-12-01 19:28:40', '2020-12-01 19:28:40'),
(500, 'BDMN6FD12129', 0, NULL, NULL, '2020-12-01 19:28:40', '2020-12-01 19:28:40'),
(501, 'BDMND11C0896', 0, NULL, NULL, '2020-12-01 19:28:40', '2020-12-01 19:28:40'),
(502, 'BDMN5DD04175', 0, NULL, NULL, '2020-12-01 19:28:40', '2020-12-01 19:28:40'),
(503, 'BDMND00DC546', 0, NULL, NULL, '2020-12-01 19:28:40', '2020-12-01 19:28:40'),
(504, 'BDMNE04FCFC6', 0, NULL, NULL, '2020-12-01 19:28:40', '2020-12-01 19:28:40'),
(505, 'BDMN63DA80BB', 0, NULL, NULL, '2020-12-01 19:28:40', '2020-12-01 19:28:40'),
(506, 'BDMNAE2CB299', 0, NULL, NULL, '2020-12-01 19:28:40', '2020-12-01 19:28:40'),
(507, 'BDMN7DA04E4D', 0, NULL, NULL, '2020-12-01 19:28:40', '2020-12-01 19:28:40'),
(508, 'BDMN6F4B968F', 0, NULL, NULL, '2020-12-01 19:28:40', '2020-12-01 19:28:40'),
(509, 'BDMN99C9F338', 0, NULL, NULL, '2020-12-01 19:28:40', '2020-12-01 19:28:40'),
(510, 'BDMN5D6E4066', 0, NULL, NULL, '2020-12-01 19:28:40', '2020-12-01 19:28:40'),
(511, 'BDMN38530EB7', 0, NULL, NULL, '2020-12-01 19:28:40', '2020-12-01 19:28:40'),
(512, 'BDMND65EF52A', 0, NULL, NULL, '2020-12-01 19:28:40', '2020-12-01 19:28:40'),
(513, 'BDMN3F750DA9', 0, NULL, NULL, '2020-12-01 19:28:40', '2020-12-01 19:28:40'),
(514, 'BDMN7484F161', 0, NULL, NULL, '2020-12-01 19:28:40', '2020-12-01 19:28:40'),
(515, 'BDMNE3412AAB', 0, NULL, NULL, '2020-12-01 19:28:40', '2020-12-01 19:28:40'),
(516, 'BDMN18E95B88', 0, NULL, NULL, '2020-12-01 19:28:40', '2020-12-01 19:28:40'),
(517, 'BDMND5F210C3', 0, NULL, NULL, '2020-12-01 19:28:40', '2020-12-01 19:28:40'),
(518, 'BDMN9AB993BD', 0, NULL, NULL, '2020-12-01 19:28:40', '2020-12-01 19:28:40'),
(519, 'BDMN66D10ACB', 0, NULL, NULL, '2020-12-01 19:28:41', '2020-12-01 19:28:41'),
(520, 'BDMNE58E4ABE', 0, NULL, NULL, '2020-12-01 19:28:41', '2020-12-01 19:28:41'),
(521, 'BDMN4217D34D', 0, NULL, NULL, '2020-12-01 19:28:41', '2020-12-01 19:28:41'),
(522, 'BDMN2510F6FC', 0, NULL, NULL, '2020-12-01 19:28:41', '2020-12-01 19:28:41'),
(523, 'BDMNB94BC91A', 0, NULL, NULL, '2020-12-01 19:28:41', '2020-12-01 19:28:41'),
(524, 'BDMN622B6676', 0, NULL, NULL, '2020-12-01 19:28:41', '2020-12-01 19:28:41'),
(525, 'BDMN58306C5B', 0, NULL, NULL, '2020-12-01 19:28:41', '2020-12-01 19:28:41'),
(526, 'BDMNA1694DEF', 0, NULL, NULL, '2020-12-01 19:28:41', '2020-12-01 19:28:41'),
(527, 'BDMNBEDD2EE5', 0, NULL, NULL, '2020-12-01 19:28:41', '2020-12-01 19:28:41'),
(528, 'BDMN4C95C18F', 0, NULL, NULL, '2020-12-01 19:28:41', '2020-12-01 19:28:41'),
(529, 'BDMN79E82273', 0, NULL, NULL, '2020-12-01 19:28:41', '2020-12-01 19:28:41'),
(530, 'BDMNE2A1D4AD', 0, NULL, NULL, '2020-12-01 19:28:41', '2020-12-01 19:28:41'),
(531, 'BDMNBCFD7614', 0, NULL, NULL, '2020-12-01 19:28:41', '2020-12-01 19:28:41'),
(532, 'BDMN2232E055', 0, NULL, NULL, '2020-12-01 19:28:41', '2020-12-01 19:28:41'),
(533, 'BDMN0A91ABB5', 0, NULL, NULL, '2020-12-01 19:28:41', '2020-12-01 19:28:41'),
(534, 'BDMN95CA9A10', 0, NULL, NULL, '2020-12-01 19:28:41', '2020-12-01 19:28:41'),
(535, 'BDMNBFCE06FC', 0, NULL, NULL, '2020-12-01 19:28:41', '2020-12-01 19:28:41'),
(536, 'BDMN38B58FAC', 0, NULL, NULL, '2020-12-01 19:28:41', '2020-12-01 19:28:41'),
(537, 'BDMN777D0DF1', 0, NULL, NULL, '2020-12-01 19:28:41', '2020-12-01 19:28:41'),
(538, 'BDMN83EA8C75', 0, NULL, NULL, '2020-12-01 19:28:41', '2020-12-01 19:28:41'),
(539, 'BDMNC50B9618', 0, NULL, NULL, '2020-12-01 19:28:41', '2020-12-01 19:28:41'),
(540, 'BDMN567292DD', 0, NULL, NULL, '2020-12-01 19:28:41', '2020-12-01 19:28:41'),
(541, 'BDMN93269C77', 0, NULL, NULL, '2020-12-01 19:28:41', '2020-12-01 19:28:41'),
(542, 'BDMN8D3E7831', 0, NULL, NULL, '2020-12-01 19:28:41', '2020-12-01 19:28:41'),
(543, 'BDMNF9CA5B44', 0, NULL, NULL, '2020-12-01 19:28:41', '2020-12-01 19:28:41'),
(544, 'BDMNF8DD0EAB', 0, NULL, NULL, '2020-12-01 19:28:41', '2020-12-01 19:28:41'),
(545, 'BDMN60568F88', 0, NULL, NULL, '2020-12-01 19:28:41', '2020-12-01 19:28:41'),
(546, 'BDMNADE6610B', 0, NULL, NULL, '2020-12-01 19:28:41', '2020-12-01 19:28:41'),
(547, 'BDMN16B9F02E', 0, NULL, NULL, '2020-12-01 19:28:41', '2020-12-01 19:28:41'),
(548, 'BDMN8E0DC02C', 0, NULL, NULL, '2020-12-01 19:28:41', '2020-12-01 19:28:41'),
(549, 'BDMN14E5DFF9', 0, NULL, NULL, '2020-12-01 19:28:41', '2020-12-01 19:28:41'),
(550, 'BDMN8D301302', 0, NULL, NULL, '2020-12-01 19:28:41', '2020-12-01 19:28:41'),
(551, 'BDMN47B71A12', 0, NULL, NULL, '2020-12-01 19:28:41', '2020-12-01 19:28:41'),
(552, 'BDMNFC78BD96', 0, NULL, NULL, '2020-12-01 19:28:41', '2020-12-01 19:28:41'),
(553, 'BDMN82523F66', 0, NULL, NULL, '2020-12-01 19:28:41', '2020-12-01 19:28:41'),
(554, 'BDMN30281994', 0, NULL, NULL, '2020-12-01 19:28:41', '2020-12-01 19:28:41'),
(555, 'BDMN4EF4ADA0', 0, NULL, NULL, '2020-12-01 19:28:41', '2020-12-01 19:28:41'),
(556, 'BDMNFB8BE757', 0, NULL, NULL, '2020-12-01 19:28:41', '2020-12-01 19:28:41'),
(557, 'BDMNF646FA99', 0, NULL, NULL, '2020-12-01 19:28:41', '2020-12-01 19:28:41'),
(558, 'BDMN3012CCC6', 0, NULL, NULL, '2020-12-01 19:28:41', '2020-12-01 19:28:41'),
(559, 'BDMN7399298C', 0, NULL, NULL, '2020-12-01 19:28:41', '2020-12-01 19:28:41'),
(560, 'BDMN43F78B03', 0, NULL, NULL, '2020-12-01 19:28:41', '2020-12-01 19:28:41'),
(561, 'BDMN0DA71064', 0, NULL, NULL, '2020-12-01 19:28:41', '2020-12-01 19:28:41'),
(562, 'BDMN6D6384EF', 0, NULL, NULL, '2020-12-01 19:28:41', '2020-12-01 19:28:41'),
(563, 'BDMNC454A1A6', 0, NULL, NULL, '2020-12-01 19:28:41', '2020-12-01 19:28:41'),
(564, 'BDMNAE06CEF1', 0, NULL, NULL, '2020-12-01 19:28:41', '2020-12-01 19:28:41'),
(565, 'BDMNFE4931C1', 0, NULL, NULL, '2020-12-01 19:28:41', '2020-12-01 19:28:41'),
(566, 'BDMNBEE0D0DB', 0, NULL, NULL, '2020-12-01 19:28:41', '2020-12-01 19:28:41'),
(567, 'BDMN68022039', 0, NULL, NULL, '2020-12-01 19:28:41', '2020-12-01 19:28:41'),
(568, 'BDMN54DF5922', 0, NULL, NULL, '2020-12-01 19:28:41', '2020-12-01 19:28:41'),
(569, 'BDMN68DCCB90', 0, NULL, NULL, '2020-12-01 19:28:41', '2020-12-01 19:28:41'),
(570, 'BDMN61415A55', 0, NULL, NULL, '2020-12-01 19:28:41', '2020-12-01 19:28:41'),
(571, 'BDMN7F064522', 0, NULL, NULL, '2020-12-01 19:28:41', '2020-12-01 19:28:41'),
(572, 'BDMNB173B8A6', 0, NULL, NULL, '2020-12-01 19:28:41', '2020-12-01 19:28:41'),
(573, 'BDMN594B8C77', 0, NULL, NULL, '2020-12-01 19:28:41', '2020-12-01 19:28:41'),
(574, 'BDMN3ED12879', 0, NULL, NULL, '2020-12-01 19:28:41', '2020-12-01 19:28:41'),
(575, 'BDMN76FB1747', 0, NULL, NULL, '2020-12-01 19:28:41', '2020-12-01 19:28:41'),
(576, 'BDMN8EE15C50', 0, NULL, NULL, '2020-12-01 19:28:41', '2020-12-01 19:28:41'),
(577, 'BDMN02B56238', 0, NULL, NULL, '2020-12-01 19:28:41', '2020-12-01 19:28:41'),
(578, 'BDMNF5BAAFB0', 0, NULL, NULL, '2020-12-01 19:28:41', '2020-12-01 19:28:41'),
(579, 'BDMN3B6E0C7A', 0, NULL, NULL, '2020-12-01 19:28:41', '2020-12-01 19:28:41'),
(580, 'BDMNE4CB144A', 0, NULL, NULL, '2020-12-01 19:28:41', '2020-12-01 19:28:41'),
(581, 'BDMN28F9AE56', 0, NULL, NULL, '2020-12-01 19:28:41', '2020-12-01 19:28:41'),
(582, 'BDMN3BB9BA51', 0, NULL, NULL, '2020-12-01 19:28:41', '2020-12-01 19:28:41'),
(583, 'BDMNBAB281A0', 0, NULL, NULL, '2020-12-01 19:28:41', '2020-12-01 19:28:41'),
(584, 'BDMN51F97258', 0, NULL, NULL, '2020-12-01 19:28:41', '2020-12-01 19:28:41'),
(585, 'BDMNA8313436', 0, NULL, NULL, '2020-12-01 19:28:41', '2020-12-01 19:28:41'),
(586, 'BDMN954364E9', 0, NULL, NULL, '2020-12-01 19:28:41', '2020-12-01 19:28:41'),
(587, 'BDMNDF2FF487', 0, NULL, NULL, '2020-12-01 19:28:41', '2020-12-01 19:28:41'),
(588, 'BDMNA54A6500', 0, NULL, NULL, '2020-12-01 19:28:41', '2020-12-01 19:28:41'),
(589, 'BDMN742A3D66', 0, NULL, NULL, '2020-12-01 19:28:41', '2020-12-01 19:28:41'),
(590, 'BDMN7E4D70A4', 0, NULL, NULL, '2020-12-01 19:28:41', '2020-12-01 19:28:41'),
(591, 'BDMNCD902162', 0, NULL, NULL, '2020-12-01 19:28:41', '2020-12-01 19:28:41'),
(592, 'BDMNE09282EE', 0, NULL, NULL, '2020-12-01 19:28:41', '2020-12-01 19:28:41'),
(593, 'BDMN37945A68', 0, NULL, NULL, '2020-12-01 19:28:41', '2020-12-01 19:28:41'),
(594, 'BDMNC6B3BF7B', 0, NULL, NULL, '2020-12-01 19:28:41', '2020-12-01 19:28:41'),
(595, 'BDMNECA4958B', 0, NULL, NULL, '2020-12-01 19:28:41', '2020-12-01 19:28:41'),
(596, 'BDMND4697DB2', 0, NULL, NULL, '2020-12-01 19:28:41', '2020-12-01 19:28:41'),
(597, 'BDMN2C00FA94', 0, NULL, NULL, '2020-12-01 19:28:41', '2020-12-01 19:28:41'),
(598, 'BDMN09A66F44', 0, NULL, NULL, '2020-12-01 19:28:41', '2020-12-01 19:28:41'),
(599, 'BDMN501CE6BA', 0, NULL, NULL, '2020-12-01 19:28:41', '2020-12-01 19:28:41'),
(600, 'BDMN822500F0', 0, NULL, NULL, '2020-12-01 19:28:41', '2020-12-01 19:28:41'),
(601, 'BDMN1872AAB7', 0, NULL, NULL, '2020-12-01 19:28:41', '2020-12-01 19:28:41'),
(602, 'BDMN855B931E', 0, NULL, NULL, '2020-12-01 19:28:41', '2020-12-01 19:28:41'),
(603, 'BDMN2FA5C16B', 0, NULL, NULL, '2020-12-01 19:28:41', '2020-12-01 19:28:41'),
(604, 'BDMNC3A7BBA7', 0, NULL, NULL, '2020-12-01 19:28:41', '2020-12-01 19:28:41'),
(605, 'BDMNDE3A98BB', 0, NULL, NULL, '2020-12-01 19:28:41', '2020-12-01 19:28:41'),
(606, 'BDMN11C93D76', 0, NULL, NULL, '2020-12-01 19:28:41', '2020-12-01 19:28:41'),
(607, 'BDMNA96F514F', 0, NULL, NULL, '2020-12-01 19:28:41', '2020-12-01 19:28:41'),
(608, 'BDMN89423B21', 0, NULL, NULL, '2020-12-01 19:28:41', '2020-12-01 19:28:41'),
(609, 'BDMNAD323C71', 0, NULL, NULL, '2020-12-01 19:28:41', '2020-12-01 19:28:41'),
(610, 'BDMN1F1D5C6E', 0, NULL, NULL, '2020-12-01 19:28:41', '2020-12-01 19:28:41'),
(611, 'BDMN060B051E', 0, NULL, NULL, '2020-12-01 19:28:41', '2020-12-01 19:28:41'),
(612, 'BDMND87291BB', 0, NULL, NULL, '2020-12-01 19:28:41', '2020-12-01 19:28:41');

-- --------------------------------------------------------

--
-- Table structure for table `failed_jobs`
--

CREATE TABLE `failed_jobs` (
  `id` bigint(20) UNSIGNED NOT NULL,
  `connection` text COLLATE utf8mb4_unicode_ci NOT NULL,
  `queue` text COLLATE utf8mb4_unicode_ci NOT NULL,
  `payload` longtext COLLATE utf8mb4_unicode_ci NOT NULL,
  `exception` longtext COLLATE utf8mb4_unicode_ci NOT NULL,
  `failed_at` timestamp NOT NULL DEFAULT CURRENT_TIMESTAMP
) ENGINE=InnoDB DEFAULT CHARSET=utf8mb4 COLLATE=utf8mb4_unicode_ci;

-- --------------------------------------------------------

--
-- Table structure for table `files`
--

CREATE TABLE `files` (
  `file_id` bigint(20) UNSIGNED NOT NULL,
  `sales_id` int(11) NOT NULL,
  `imei` varchar(191) COLLATE utf8mb4_unicode_ci NOT NULL,
  `file_name` varchar(191) COLLATE utf8mb4_unicode_ci NOT NULL,
  `file_for` varchar(191) COLLATE utf8mb4_unicode_ci NOT NULL,
  `file_type` varchar(191) COLLATE utf8mb4_unicode_ci NOT NULL,
  `upload_by` int(11) NOT NULL,
  `status` int(11) NOT NULL,
  `file_location` varchar(191) COLLATE utf8mb4_unicode_ci NOT NULL,
  `created_at` timestamp NULL DEFAULT NULL,
  `updated_at` timestamp NULL DEFAULT NULL
) ENGINE=InnoDB DEFAULT CHARSET=utf8mb4 COLLATE=utf8mb4_unicode_ci;

--
-- Dumping data for table `files`
--

INSERT INTO `files` (`file_id`, `sales_id`, `imei`, `file_name`, `file_for`, `file_type`, `upload_by`, `status`, `file_location`, `created_at`, `updated_at`) VALUES
(123, 31, '866405047039106', '1606981434_P30 Lite POP.jpg', 'sales', 'image', 219, 1, 'uploads/sales/', '2020-12-03 18:44:14', '2020-12-03 18:44:14'),
(124, 31, '866405047039106', '1606981435_Front Picture.jpg', 'sales', 'image', 219, 1, 'uploads/sales/', '2020-12-03 18:44:14', '2020-12-03 18:44:14'),
(125, 32, '866405047035559', '1606986867_IMG-20201203-WA0000.jpg', 'sales', 'image', 248, 1, 'uploads/sales/', '2020-12-03 20:15:11', '2020-12-03 20:15:11'),
(126, 32, '866405047035559', '1606986867_16069867877664734412836117490343.jpg', 'sales', 'image', 248, 1, 'uploads/sales/', '2020-12-03 20:15:11', '2020-12-03 20:15:11'),
(127, 33, '868054047029788', '1607151764_p30 pro invoice.jpg', 'sales', 'image', 235, 1, 'uploads/sales/', '2020-12-05 18:03:30', '2020-12-05 18:03:30'),
(128, 33, '868054047029788', '1607151764_p30 pro front side.jpg', 'sales', 'image', 235, 1, 'uploads/sales/', '2020-12-05 18:03:30', '2020-12-05 18:03:30'),
(129, 34, '866795046986566', '1607237210_mmexport1607236024952.jpg', 'sales', 'image', 292, 1, 'uploads/sales/', '2020-12-06 17:47:17', '2020-12-06 17:47:17'),
(130, 34, '866795046986566', '1607237211_mmexport1607236263222.jpg', 'sales', 'image', 292, 1, 'uploads/sales/', '2020-12-06 17:47:17', '2020-12-06 17:47:17'),
(131, 35, '860251043271541', '1607243180_WeChat Image_20201206142539 06.png', 'sales', 'image', 220, 1, 'uploads/sales/', '2020-12-06 19:26:53', '2020-12-06 19:26:53'),
(132, 35, '860251043271541', '1607243180_SD7.jpg', 'sales', 'image', 220, 1, 'uploads/sales/', '2020-12-06 19:26:53', '2020-12-06 19:26:53'),
(133, 36, '860251043274339', '1607247759_860251043274339.png', 'sales', 'image', 223, 1, 'uploads/sales/', '2020-12-06 20:43:06', '2020-12-06 20:43:06'),
(134, 36, '860251043274339', '1607247759_860251043274339.png', 'sales', 'image', 223, 1, 'uploads/sales/', '2020-12-06 20:43:06', '2020-12-06 20:43:06'),
(135, 37, '866795046949812', '1607595209_mmexport1607595153508.jpg', 'sales', 'image', 248, 1, 'uploads/sales/', '2020-12-10 21:13:55', '2020-12-10 21:13:55'),
(136, 37, '866795046949812', '1607595210_mmexport1607595157115.jpg', 'sales', 'image', 248, 1, 'uploads/sales/', '2020-12-10 21:13:55', '2020-12-10 21:13:55'),
(137, 38, '866795046981500', '1607687549_received_469422147379374.jpeg', 'sales', 'image', 248, 1, 'uploads/sales/', '2020-12-11 22:53:05', '2020-12-11 22:53:05'),
(138, 38, '866795046981500', '1607687549_received_1023571624786205.jpeg', 'sales', 'image', 248, 1, 'uploads/sales/', '2020-12-11 22:53:05', '2020-12-11 22:53:05'),
(141, 40, '865163047104690', '1607773178_IMG_20201212_173747.jpg', 'sales', 'image', 266, 1, 'uploads/sales/', '2020-12-12 22:40:15', '2020-12-12 22:40:15'),
(142, 40, '865163047104690', '1607773178_IMG_20201212_173832.jpg', 'sales', 'image', 266, 1, 'uploads/sales/', '2020-12-12 22:40:15', '2020-12-12 22:40:15'),
(143, 41, '864400047583700', '1607780142_16077798081295072374549350811048.jpg', 'sales', 'image', 248, 1, 'uploads/sales/', '2020-12-13 00:36:22', '2020-12-13 00:36:22'),
(144, 41, '864400047583700', '1607780144_16077798477013589455150238629083.jpg', 'sales', 'image', 248, 1, 'uploads/sales/', '2020-12-13 00:36:22', '2020-12-13 00:36:22'),
(145, 42, '808012345678123', '1607866037_P30.jpg', 'sales', 'image', 219, 1, 'uploads/sales/', '2020-12-14 00:27:47', '2020-12-14 00:27:47'),
(146, 42, '808012345678123', '1607866037_mate30.jpg', 'sales', 'image', 219, 1, 'uploads/sales/', '2020-12-14 00:27:47', '2020-12-14 00:27:47'),
(147, 43, '808012345678999', '1607867247_P30.jpg', 'sales', 'image', 319, 1, 'uploads/sales/', '2020-12-14 00:47:48', '2020-12-14 00:47:48'),
(148, 43, '808012345678999', '1607867247_mate30.jpg', 'sales', 'image', 319, 1, 'uploads/sales/', '2020-12-14 00:47:48', '2020-12-14 00:47:48');

-- --------------------------------------------------------

--
-- Table structure for table `fscodes`
--

CREATE TABLE `fscodes` (
  `id` bigint(20) UNSIGNED NOT NULL,
  `fscode` varchar(191) COLLATE utf8mb4_unicode_ci NOT NULL,
  `tier` varchar(191) COLLATE utf8mb4_unicode_ci NOT NULL,
  `status` int(11) NOT NULL,
  `sale_date` varchar(191) COLLATE utf8mb4_unicode_ci NOT NULL,
  `sale_by` int(11) NOT NULL,
  `created_at` timestamp NULL DEFAULT NULL,
  `updated_at` timestamp NULL DEFAULT NULL
) ENGINE=InnoDB DEFAULT CHARSET=utf8mb4 COLLATE=utf8mb4_unicode_ci;

--
-- Dumping data for table `fscodes`
--

INSERT INTO `fscodes` (`id`, `fscode`, `tier`, `status`, `sale_date`, `sale_by`, `created_at`, `updated_at`) VALUES
(813, '15393T160722', 'T1', 1, '', 0, '2020-09-30 22:52:40', '2020-10-05 14:18:29'),
(814, '17032T117920', 'T1', 1, '', 0, '2020-09-30 22:52:40', '2020-10-05 14:23:47'),
(815, '62137T128368', 'T1', 1, '', 0, '2020-09-30 22:52:40', '2020-10-05 23:27:47'),
(816, '49784T15734', 'T1', 1, '', 0, '2020-09-30 22:52:40', '2020-10-22 18:46:26'),
(817, '15525T18448', 'T1', 1, '', 0, '2020-09-30 22:52:40', '2020-10-22 18:48:52'),
(818, '12429T124547', 'T1', 1, '', 0, '2020-09-30 22:52:40', '2020-11-30 00:09:32'),
(819, '50232T148850', 'T1', 1, 'None', 0, '2020-09-30 22:52:40', '2020-09-30 22:52:40'),
(820, '39540T149556', 'T1', 1, 'None', 0, '2020-09-30 22:52:40', '2020-09-30 22:52:40'),
(821, '37584T156008', 'T1', 1, 'None', 0, '2020-09-30 22:52:40', '2020-09-30 22:52:40'),
(822, '56962T140338', 'T1', 1, 'None', 0, '2020-09-30 22:52:40', '2020-09-30 22:52:40'),
(823, '48027T216991', 'T2', 3, '2020-12-06 12:47:17', 276, '2020-09-30 22:52:40', '2020-12-06 17:47:17'),
(824, '33498T249346', 'T2', 3, '2020-12-10 16:13:55', 232, '2020-09-30 22:52:40', '2020-12-10 21:13:55'),
(825, '4293T219388', 'T2', 3, '2020-12-11 17:53:05', 232, '2020-09-30 22:52:40', '2020-12-11 22:53:05'),
(826, '11260T263140', 'T2', 1, '', 0, '2020-09-30 22:52:40', '2021-01-31 18:25:30'),
(827, '39185T217942', 'T2', 3, '2020-12-13 19:27:47', 203, '2020-09-30 22:52:40', '2020-12-14 00:27:47'),
(828, '27678T225876', 'T2', 1, 'None', 0, '2020-09-30 22:52:40', '2020-09-30 22:52:40'),
(829, '64943T244697', 'T2', 1, 'None', 0, '2020-09-30 22:52:40', '2020-09-30 22:52:40'),
(830, '13804T210357', 'T2', 1, 'None', 0, '2020-09-30 22:52:40', '2020-09-30 22:52:40'),
(831, '39529T219256', 'T2', 1, 'None', 0, '2020-09-30 22:52:40', '2020-09-30 22:52:40'),
(832, '29169T220044', 'T2', 1, 'None', 0, '2020-09-30 22:52:40', '2020-09-30 22:52:40'),
(833, '60678T311520', 'T3', 1, '', 0, '2020-09-30 22:52:40', '2021-01-31 16:40:44'),
(834, '36864T319396', 'T3', 1, '', 0, '2020-09-30 22:52:40', '2020-11-29 23:16:26'),
(835, '29775T363698', 'T3', 1, '', 0, '2020-09-30 22:52:40', '2020-11-29 23:21:46'),
(836, '53073T329615', 'T3', 1, '', 0, '2020-09-30 22:52:40', '2020-11-30 15:15:55'),
(837, '16446T347196', 'T3', 1, '', 0, '2020-09-30 22:52:40', '2020-11-30 18:56:11'),
(838, '23494T315678', 'T3', 1, 'None', 0, '2020-09-30 22:52:40', '2020-09-30 22:52:40'),
(839, '10007T360693', 'T3', 1, 'None', 0, '2020-09-30 22:52:41', '2020-09-30 22:52:41'),
(840, '56970T341378', 'T3', 1, 'None', 0, '2020-09-30 22:52:41', '2020-09-30 22:52:41'),
(841, '61464T340215', 'T3', 1, 'None', 0, '2020-09-30 22:52:41', '2020-09-30 22:52:41'),
(842, '40457T350718', 'T3', 1, 'None', 0, '2020-09-30 22:52:41', '2020-09-30 22:52:41'),
(843, '51621T420829', 'T4', 3, '2020-12-03 13:44:14', 203, '2020-09-30 22:52:41', '2020-12-03 18:44:14'),
(844, '36263T410683', 'T4', 3, '2020-12-03 15:15:11', 232, '2020-09-30 22:52:41', '2020-12-03 20:15:11'),
(845, '36794T454475', 'T4', 3, '2020-12-06 14:26:53', 204, '2020-09-30 22:52:41', '2020-12-06 19:26:53'),
(846, '37554T423497', 'T4', 3, '2020-12-06 15:43:06', 207, '2020-09-30 22:52:41', '2020-12-06 20:43:06'),
(847, '53989T448032', 'T4', 1, '', 0, '2020-09-30 22:52:41', '2021-01-31 18:17:51'),
(848, '12130T450043', 'T4', 1, '', 0, '2020-09-30 22:52:41', '2021-01-31 12:39:48'),
(849, '33994T430214', 'T4', 1, '', 0, '2020-09-30 22:52:41', '2020-11-30 00:22:08'),
(850, '37387T462346', 'T4', 1, '', 0, '2020-09-30 22:52:41', '2020-11-30 00:57:07'),
(851, '59301T457083', 'T4', 1, '', 0, '2020-09-30 22:52:41', '2020-11-30 15:46:26'),
(852, '14655T463137', 'T4', 1, '', 0, '2020-09-30 22:52:41', '2020-11-30 15:51:56'),
(853, '37212T524464', 'T5', 1, '', 0, '2020-09-30 22:52:41', '2020-10-04 23:40:42'),
(854, '15695T533054', 'T5', 1, '', 0, '2020-09-30 22:52:41', '2020-10-05 14:25:38'),
(855, '61045T512633', 'T5', 1, '', 0, '2020-09-30 22:52:41', '2020-10-05 20:08:14'),
(856, '60319T55647', 'T5', 1, '', 0, '2020-09-30 22:52:41', '2020-10-06 00:34:56'),
(857, '13638T533474', 'T5', 1, '', 0, '2020-09-30 22:52:41', '2020-10-07 04:19:08'),
(858, '62496T550899', 'T5', 1, '', 0, '2020-09-30 22:52:41', '2020-10-11 15:18:38'),
(859, '49503T511173', 'T5', 1, '', 0, '2020-09-30 22:52:41', '2020-11-22 16:16:02'),
(860, '49660T545383', 'T5', 1, 'None', 0, '2020-09-30 22:52:41', '2020-09-30 22:52:41'),
(861, '63490T546322', 'T5', 1, 'None', 0, '2020-09-30 22:52:41', '2020-09-30 22:52:41'),
(862, '58776T562971', 'T5', 1, 'None', 0, '2020-09-30 22:52:41', '2020-09-30 22:52:41'),
(863, '18465T654674', 'T6', 1, 'None', 0, '2020-09-30 22:52:41', '2020-10-04 20:47:59'),
(864, '5094T660229', 'T6', 1, 'None', 0, '2020-09-30 22:52:41', '2020-09-30 22:52:41'),
(865, '47871T650754', 'T6', 1, 'None', 0, '2020-09-30 22:52:41', '2020-09-30 22:52:41'),
(866, '11851T663749', 'T6', 1, 'None', 0, '2020-09-30 22:52:41', '2020-09-30 22:52:41'),
(867, '5686T618901', 'T6', 1, 'None', 0, '2020-09-30 22:52:41', '2020-09-30 22:52:41'),
(868, '19678T618651', 'T6', 1, 'None', 0, '2020-09-30 22:52:41', '2020-09-30 22:52:41'),
(869, '50968T68696', 'T6', 1, 'None', 0, '2020-09-30 22:52:41', '2020-09-30 22:52:41'),
(870, '56479T647259', 'T6', 1, 'None', 0, '2020-09-30 22:52:41', '2020-09-30 22:52:41'),
(871, '49843T656950', 'T6', 1, 'None', 0, '2020-09-30 22:52:41', '2020-09-30 22:52:41'),
(872, '54416T644668', 'T6', 1, 'None', 0, '2020-09-30 22:52:41', '2020-09-30 22:52:41'),
(873, '6031T730206', 'T7', 3, '2020-12-05 13:03:30', 219, '2020-09-30 22:52:41', '2020-12-05 18:03:30'),
(874, '20339T744516', 'T7', 1, '', 0, '2020-09-30 22:52:41', '2020-11-29 22:08:43'),
(875, '4933T726293', 'T7', 1, 'None', 0, '2020-09-30 22:52:41', '2020-09-30 22:52:41'),
(876, '11848T744433', 'T7', 1, 'None', 0, '2020-09-30 22:52:41', '2020-09-30 22:52:41'),
(877, '60824T729011', 'T7', 1, 'None', 0, '2020-09-30 22:52:41', '2020-09-30 22:52:41'),
(878, '15542T760919', 'T7', 1, 'None', 0, '2020-09-30 22:52:41', '2020-09-30 22:52:41'),
(879, '33047T733591', 'T7', 1, 'None', 0, '2020-09-30 22:52:41', '2020-09-30 22:52:41'),
(880, '38730T734801', 'T7', 1, 'None', 0, '2020-09-30 22:52:41', '2020-09-30 22:52:41'),
(881, '11049T744946', 'T7', 1, 'None', 0, '2020-09-30 22:52:41', '2020-09-30 22:52:41'),
(882, '50785T736334', 'T7', 1, 'None', 0, '2020-09-30 22:52:41', '2020-09-30 22:52:41'),
(883, '43340T820957', 'T8', 1, 'None', 0, '2020-09-30 22:52:41', '2020-09-30 22:52:41'),
(884, '32410T828439', 'T8', 1, 'None', 0, '2020-09-30 22:52:41', '2020-09-30 22:52:41'),
(885, '33418T844813', 'T8', 1, 'None', 0, '2020-09-30 22:52:41', '2020-09-30 22:52:41'),
(886, '49539T84519', 'T8', 1, 'None', 0, '2020-09-30 22:52:41', '2020-09-30 22:52:41'),
(887, '52528T847228', 'T8', 1, 'None', 0, '2020-09-30 22:52:41', '2020-09-30 22:52:41'),
(888, '57480T849997', 'T8', 1, 'None', 0, '2020-09-30 22:52:41', '2020-09-30 22:52:41'),
(889, '33244T843358', 'T8', 1, 'None', 0, '2020-09-30 22:52:41', '2020-09-30 22:52:41'),
(890, '61711T846471', 'T8', 1, 'None', 0, '2020-09-30 22:52:41', '2020-09-30 22:52:41'),
(891, '38251T849827', 'T8', 1, 'None', 0, '2020-09-30 22:52:41', '2020-09-30 22:52:41'),
(892, '60598T84992', 'T8', 1, 'None', 0, '2020-09-30 22:52:41', '2020-09-30 22:52:41'),
(893, '5DB4T159B9', 'T1', 1, 'None', 0, '2020-12-02 16:49:28', '2020-12-02 16:49:28'),
(894, 'F579T17EDF', 'T1', 1, 'None', 0, '2020-12-02 16:49:28', '2020-12-02 16:49:28'),
(895, 'E80CT140BE', 'T1', 1, 'None', 0, '2020-12-02 16:49:28', '2020-12-02 16:49:28'),
(896, '2DE1T1A05B', 'T1', 1, 'None', 0, '2020-12-02 16:49:28', '2020-12-02 16:49:28'),
(897, 'FA5DT1371F', 'T1', 1, 'None', 0, '2020-12-02 16:49:28', '2020-12-02 16:49:28'),
(898, '89AFT1BF04', 'T1', 1, 'None', 0, '2020-12-02 16:49:28', '2020-12-02 16:49:28'),
(899, '7416T1BE45', 'T1', 1, 'None', 0, '2020-12-02 16:49:28', '2020-12-02 16:49:28'),
(900, 'D55BT174EB', 'T1', 1, 'None', 0, '2020-12-02 16:49:28', '2020-12-02 16:49:28'),
(901, 'E309T1FE48', 'T1', 1, 'None', 0, '2020-12-02 16:49:28', '2020-12-02 16:49:28'),
(902, '79ECT142E6', 'T1', 1, 'None', 0, '2020-12-02 16:49:28', '2020-12-02 16:49:28'),
(903, '948ET1E621', 'T1', 1, 'None', 0, '2020-12-02 16:49:28', '2020-12-02 16:49:28'),
(904, 'BDBBT1C5F7', 'T1', 1, 'None', 0, '2020-12-02 16:49:28', '2020-12-02 16:49:28'),
(905, '7CF3T1BC28', 'T1', 1, 'None', 0, '2020-12-02 16:49:28', '2020-12-02 16:49:28'),
(906, '1408T16FE8', 'T1', 1, 'None', 0, '2020-12-02 16:49:28', '2020-12-02 16:49:28'),
(907, 'E0A7T1BD65', 'T1', 1, 'None', 0, '2020-12-02 16:49:28', '2020-12-02 16:49:28'),
(908, '39D0T1AC74', 'T1', 1, 'None', 0, '2020-12-02 16:49:28', '2020-12-02 16:49:28'),
(909, '3310T17886', 'T1', 1, 'None', 0, '2020-12-02 16:49:28', '2020-12-02 16:49:28'),
(910, 'F109T1E44F', 'T1', 1, 'None', 0, '2020-12-02 16:49:28', '2020-12-02 16:49:28'),
(911, '6865T15FD3', 'T1', 1, 'None', 0, '2020-12-02 16:49:28', '2020-12-02 16:49:28'),
(912, '3682T1D9F9', 'T1', 1, 'None', 0, '2020-12-02 16:49:28', '2020-12-02 16:49:28'),
(913, 'EA46T158A8', 'T1', 1, 'None', 0, '2020-12-02 16:49:28', '2020-12-02 16:49:28'),
(914, '615AT1F759', 'T1', 1, 'None', 0, '2020-12-02 16:49:28', '2020-12-02 16:49:28'),
(915, '1469T1E859', 'T1', 1, 'None', 0, '2020-12-02 16:49:28', '2020-12-02 16:49:28'),
(916, 'D93CT1575D', 'T1', 1, 'None', 0, '2020-12-02 16:49:28', '2020-12-02 16:49:28'),
(917, 'B3AFT1D3C1', 'T1', 1, 'None', 0, '2020-12-02 16:49:28', '2020-12-02 16:49:28'),
(918, 'BB00T195A6', 'T1', 1, 'None', 0, '2020-12-02 16:49:28', '2020-12-02 16:49:28'),
(919, '128DT175F1', 'T1', 1, 'None', 0, '2020-12-02 16:49:28', '2020-12-02 16:49:28'),
(920, 'FA51T1D016', 'T1', 1, 'None', 0, '2020-12-02 16:49:28', '2020-12-02 16:49:28'),
(921, '7EB6T1F58A', 'T1', 1, 'None', 0, '2020-12-02 16:49:28', '2020-12-02 16:49:28'),
(922, 'D175T18096', 'T1', 1, 'None', 0, '2020-12-02 16:49:28', '2020-12-02 16:49:28'),
(923, '5D3BT11AF3', 'T1', 1, 'None', 0, '2020-12-02 16:49:28', '2020-12-02 16:49:28'),
(924, 'F99CT1F221', 'T1', 1, 'None', 0, '2020-12-02 16:49:28', '2020-12-02 16:49:28'),
(925, '145ET17B1C', 'T1', 1, 'None', 0, '2020-12-02 16:49:28', '2020-12-02 16:49:28'),
(926, '41BFT15509', 'T1', 1, 'None', 0, '2020-12-02 16:49:28', '2020-12-02 16:49:28'),
(927, '38DCT1E32D', 'T1', 1, 'None', 0, '2020-12-02 16:49:28', '2020-12-02 16:49:28'),
(928, '3522T12737', 'T1', 1, 'None', 0, '2020-12-02 16:49:28', '2020-12-02 16:49:28'),
(929, '2905T1A6EB', 'T1', 1, 'None', 0, '2020-12-02 16:49:28', '2020-12-02 16:49:28'),
(930, '7132T155B8', 'T1', 1, 'None', 0, '2020-12-02 16:49:28', '2020-12-02 16:49:28'),
(931, '4167T129F9', 'T1', 1, 'None', 0, '2020-12-02 16:49:28', '2020-12-02 16:49:28'),
(932, '7221T1DBD3', 'T1', 1, 'None', 0, '2020-12-02 16:49:28', '2020-12-02 16:49:28'),
(933, '5DFCT12E9F', 'T1', 1, 'None', 0, '2020-12-02 16:49:28', '2020-12-02 16:49:28'),
(934, '51B5T194CD', 'T1', 1, 'None', 0, '2020-12-02 16:49:28', '2020-12-02 16:49:28'),
(935, '44E3T1F16D', 'T1', 1, 'None', 0, '2020-12-02 16:49:28', '2020-12-02 16:49:28'),
(936, 'D8A1T1D4EF', 'T1', 1, 'None', 0, '2020-12-02 16:49:28', '2020-12-02 16:49:28'),
(937, '7506T17D49', 'T1', 1, 'None', 0, '2020-12-02 16:49:28', '2020-12-02 16:49:28'),
(938, '5B07T1FAB2', 'T1', 1, 'None', 0, '2020-12-02 16:49:28', '2020-12-02 16:49:28'),
(939, '8EF0T14BFE', 'T1', 1, 'None', 0, '2020-12-02 16:49:28', '2020-12-02 16:49:28'),
(940, '40E1T19CD1', 'T1', 1, 'None', 0, '2020-12-02 16:49:28', '2020-12-02 16:49:28'),
(941, 'B17ET15FCA', 'T1', 1, 'None', 0, '2020-12-02 16:49:29', '2020-12-02 16:49:29'),
(942, '35F2T19DD9', 'T1', 1, 'None', 0, '2020-12-02 16:49:29', '2020-12-02 16:49:29'),
(943, 'AEE5T1BB97', 'T1', 1, 'None', 0, '2020-12-02 16:49:29', '2020-12-02 16:49:29'),
(944, 'A004T143F5', 'T1', 1, 'None', 0, '2020-12-02 16:49:29', '2020-12-02 16:49:29'),
(945, '674ET1A63E', 'T1', 1, 'None', 0, '2020-12-02 16:49:29', '2020-12-02 16:49:29'),
(946, '43A8T11679', 'T1', 1, 'None', 0, '2020-12-02 16:49:29', '2020-12-02 16:49:29'),
(947, '5E0FT1FFE3', 'T1', 1, 'None', 0, '2020-12-02 16:49:29', '2020-12-02 16:49:29'),
(948, 'D0F1T14140', 'T1', 1, 'None', 0, '2020-12-02 16:49:29', '2020-12-02 16:49:29'),
(949, '24ACT1F34A', 'T1', 1, 'None', 0, '2020-12-02 16:49:29', '2020-12-02 16:49:29'),
(950, 'CA96T1D911', 'T1', 1, 'None', 0, '2020-12-02 16:49:29', '2020-12-02 16:49:29'),
(951, '4DBAT1E28A', 'T1', 1, 'None', 0, '2020-12-02 16:49:29', '2020-12-02 16:49:29'),
(952, '1A38T1D9F8', 'T1', 1, 'None', 0, '2020-12-02 16:49:29', '2020-12-02 16:49:29'),
(953, 'F871T11A97', 'T1', 1, 'None', 0, '2020-12-02 16:49:29', '2020-12-02 16:49:29'),
(954, '4469T15477', 'T1', 1, 'None', 0, '2020-12-02 16:49:29', '2020-12-02 16:49:29'),
(955, 'D02DT1CF08', 'T1', 1, 'None', 0, '2020-12-02 16:49:29', '2020-12-02 16:49:29'),
(956, '9B94T1F3AB', 'T1', 1, 'None', 0, '2020-12-02 16:49:29', '2020-12-02 16:49:29'),
(957, '740AT1F0C4', 'T1', 1, 'None', 0, '2020-12-02 16:49:29', '2020-12-02 16:49:29'),
(958, 'FA8BT17029', 'T1', 1, 'None', 0, '2020-12-02 16:49:29', '2020-12-02 16:49:29'),
(959, 'D19AT12B7E', 'T1', 1, 'None', 0, '2020-12-02 16:49:29', '2020-12-02 16:49:29'),
(960, '4509T11016', 'T1', 1, 'None', 0, '2020-12-02 16:49:29', '2020-12-02 16:49:29'),
(961, '4C91T167EB', 'T1', 1, 'None', 0, '2020-12-02 16:49:29', '2020-12-02 16:49:29'),
(962, 'BF2FT19D38', 'T1', 1, 'None', 0, '2020-12-02 16:49:29', '2020-12-02 16:49:29'),
(963, 'B5AET175DC', 'T1', 1, 'None', 0, '2020-12-02 16:49:29', '2020-12-02 16:49:29'),
(964, '89E4T1F396', 'T1', 1, 'None', 0, '2020-12-02 16:49:29', '2020-12-02 16:49:29'),
(965, 'F0EBT16F97', 'T1', 1, 'None', 0, '2020-12-02 16:49:29', '2020-12-02 16:49:29'),
(966, '18D4T1FE0F', 'T1', 1, 'None', 0, '2020-12-02 16:49:29', '2020-12-02 16:49:29'),
(967, '9C97T15B63', 'T1', 1, 'None', 0, '2020-12-02 16:49:29', '2020-12-02 16:49:29'),
(968, '51DDT1E143', 'T1', 1, 'None', 0, '2020-12-02 16:49:29', '2020-12-02 16:49:29'),
(969, 'E6B7T17432', 'T1', 1, 'None', 0, '2020-12-02 16:49:29', '2020-12-02 16:49:29'),
(970, '4AEDT15FD8', 'T1', 1, 'None', 0, '2020-12-02 16:49:29', '2020-12-02 16:49:29'),
(971, '6251T16715', 'T1', 1, 'None', 0, '2020-12-02 16:49:29', '2020-12-02 16:49:29'),
(972, '2643T1AF6E', 'T1', 1, 'None', 0, '2020-12-02 16:49:29', '2020-12-02 16:49:29'),
(973, '13A1T1B823', 'T1', 1, 'None', 0, '2020-12-02 16:49:29', '2020-12-02 16:49:29'),
(974, '3648T1E077', 'T1', 1, 'None', 0, '2020-12-02 16:49:29', '2020-12-02 16:49:29'),
(975, 'A6F6T12D71', 'T1', 1, 'None', 0, '2020-12-02 16:49:29', '2020-12-02 16:49:29'),
(976, '170AT1F786', 'T1', 1, 'None', 0, '2020-12-02 16:49:29', '2020-12-02 16:49:29'),
(977, '9B02T19799', 'T1', 1, 'None', 0, '2020-12-02 16:49:29', '2020-12-02 16:49:29'),
(978, 'E47FT153C6', 'T1', 1, 'None', 0, '2020-12-02 16:49:29', '2020-12-02 16:49:29'),
(979, '3C1CT1A313', 'T1', 1, 'None', 0, '2020-12-02 16:49:29', '2020-12-02 16:49:29'),
(980, 'A160T1C3F5', 'T1', 1, 'None', 0, '2020-12-02 16:49:29', '2020-12-02 16:49:29'),
(981, '5014T14272', 'T1', 1, 'None', 0, '2020-12-02 16:49:29', '2020-12-02 16:49:29'),
(982, '2359T1F2E2', 'T1', 1, 'None', 0, '2020-12-02 16:49:29', '2020-12-02 16:49:29'),
(983, '4B22T11140', 'T1', 1, 'None', 0, '2020-12-02 16:49:29', '2020-12-02 16:49:29'),
(984, '9BE5T1D583', 'T1', 1, 'None', 0, '2020-12-02 16:49:29', '2020-12-02 16:49:29'),
(985, '3643T1F1DA', 'T1', 1, 'None', 0, '2020-12-02 16:49:29', '2020-12-02 16:49:29'),
(986, 'C4EFT1AAA1', 'T1', 1, 'None', 0, '2020-12-02 16:49:29', '2020-12-02 16:49:29'),
(987, '7C89T16583', 'T1', 1, 'None', 0, '2020-12-02 16:49:29', '2020-12-02 16:49:29'),
(988, 'BCE3T1A3F0', 'T1', 1, 'None', 0, '2020-12-02 16:49:29', '2020-12-02 16:49:29'),
(989, '67D2T1B728', 'T1', 1, 'None', 0, '2020-12-02 16:49:29', '2020-12-02 16:49:29'),
(990, 'E292T1855F', 'T1', 1, 'None', 0, '2020-12-02 16:49:29', '2020-12-02 16:49:29'),
(991, '727AT13D4E', 'T1', 1, 'None', 0, '2020-12-02 16:49:29', '2020-12-02 16:49:29'),
(992, '27DAT1C70B', 'T1', 1, 'None', 0, '2020-12-02 16:49:29', '2020-12-02 16:49:29'),
(993, '5C98T2A039', 'T2', 1, 'None', 0, '2020-12-02 16:49:29', '2020-12-02 16:49:29'),
(994, '6E83T28023', 'T2', 1, 'None', 0, '2020-12-02 16:49:29', '2020-12-02 16:49:29'),
(995, '286ET2F9F5', 'T2', 1, 'None', 0, '2020-12-02 16:49:29', '2020-12-02 16:49:29'),
(996, '3C70T21549', 'T2', 1, 'None', 0, '2020-12-02 16:49:29', '2020-12-02 16:49:29'),
(997, '7F55T28A8C', 'T2', 1, 'None', 0, '2020-12-02 16:49:29', '2020-12-02 16:49:29'),
(998, '130BT28E32', 'T2', 1, 'None', 0, '2020-12-02 16:49:29', '2020-12-02 16:49:29'),
(999, 'ABF9T2A916', 'T2', 1, 'None', 0, '2020-12-02 16:49:29', '2020-12-02 16:49:29'),
(1000, '7FBET24822', 'T2', 1, 'None', 0, '2020-12-02 16:49:29', '2020-12-02 16:49:29'),
(1001, 'B5A2T2A1A3', 'T2', 1, 'None', 0, '2020-12-02 16:49:29', '2020-12-02 16:49:29'),
(1002, '3A66T22B8D', 'T2', 1, 'None', 0, '2020-12-02 16:49:29', '2020-12-02 16:49:29'),
(1003, '4EC2T27D65', 'T2', 1, 'None', 0, '2020-12-02 16:49:29', '2020-12-02 16:49:29'),
(1004, '5326T21B5A', 'T2', 1, 'None', 0, '2020-12-02 16:49:29', '2020-12-02 16:49:29'),
(1005, 'EBFCT21684', 'T2', 1, 'None', 0, '2020-12-02 16:49:29', '2020-12-02 16:49:29'),
(1006, 'CC33T2A8DB', 'T2', 1, 'None', 0, '2020-12-02 16:49:29', '2020-12-02 16:49:29'),
(1007, 'A3E3T27D34', 'T2', 1, 'None', 0, '2020-12-02 16:49:29', '2020-12-02 16:49:29'),
(1008, 'A0C8T2A62A', 'T2', 1, 'None', 0, '2020-12-02 16:49:29', '2020-12-02 16:49:29'),
(1009, '392ET26548', 'T2', 1, 'None', 0, '2020-12-02 16:49:29', '2020-12-02 16:49:29'),
(1010, 'DE40T2E888', 'T2', 1, 'None', 0, '2020-12-02 16:49:29', '2020-12-02 16:49:29'),
(1011, '515CT27620', 'T2', 1, 'None', 0, '2020-12-02 16:49:29', '2020-12-02 16:49:29'),
(1012, 'BC13T29AF7', 'T2', 1, 'None', 0, '2020-12-02 16:49:29', '2020-12-02 16:49:29'),
(1013, '9B9CT23974', 'T2', 1, 'None', 0, '2020-12-02 16:49:29', '2020-12-02 16:49:29'),
(1014, 'D6D7T27978', 'T2', 1, 'None', 0, '2020-12-02 16:49:29', '2020-12-02 16:49:29'),
(1015, 'ED1CT25B3F', 'T2', 1, 'None', 0, '2020-12-02 16:49:29', '2020-12-02 16:49:29'),
(1016, '5591T22BD4', 'T2', 1, 'None', 0, '2020-12-02 16:49:29', '2020-12-02 16:49:29'),
(1017, 'F5BFT2617B', 'T2', 1, 'None', 0, '2020-12-02 16:49:29', '2020-12-02 16:49:29'),
(1018, '5B3FT25215', 'T2', 1, 'None', 0, '2020-12-02 16:49:29', '2020-12-02 16:49:29'),
(1019, '5380T2126B', 'T2', 1, 'None', 0, '2020-12-02 16:49:29', '2020-12-02 16:49:29'),
(1020, '793FT2F015', 'T2', 1, 'None', 0, '2020-12-02 16:49:29', '2020-12-02 16:49:29'),
(1021, 'BFE0T2A39A', 'T2', 1, 'None', 0, '2020-12-02 16:49:29', '2020-12-02 16:49:29'),
(1022, 'FBF6T2ADB3', 'T2', 1, 'None', 0, '2020-12-02 16:49:29', '2020-12-02 16:49:29'),
(1023, 'E872T2E561', 'T2', 1, 'None', 0, '2020-12-02 16:49:29', '2020-12-02 16:49:29'),
(1024, '2B72T2CAEA', 'T2', 1, 'None', 0, '2020-12-02 16:49:29', '2020-12-02 16:49:29'),
(1025, '9F41T2E70F', 'T2', 1, 'None', 0, '2020-12-02 16:49:29', '2020-12-02 16:49:29'),
(1026, 'FD81T22E42', 'T2', 1, 'None', 0, '2020-12-02 16:49:29', '2020-12-02 16:49:29'),
(1027, '2504T212E9', 'T2', 1, 'None', 0, '2020-12-02 16:49:29', '2020-12-02 16:49:29'),
(1028, '1E29T2E0D3', 'T2', 1, 'None', 0, '2020-12-02 16:49:29', '2020-12-02 16:49:29'),
(1029, '4334T22239', 'T2', 1, 'None', 0, '2020-12-02 16:49:29', '2020-12-02 16:49:29'),
(1030, '84C7T23DFE', 'T2', 1, 'None', 0, '2020-12-02 16:49:29', '2020-12-02 16:49:29'),
(1031, '2D55T29C38', 'T2', 1, 'None', 0, '2020-12-02 16:49:29', '2020-12-02 16:49:29'),
(1032, '1AB9T2A4FF', 'T2', 1, 'None', 0, '2020-12-02 16:49:29', '2020-12-02 16:49:29'),
(1033, 'EB9DT27FAA', 'T2', 1, 'None', 0, '2020-12-02 16:49:29', '2020-12-02 16:49:29'),
(1034, 'C26CT29A0A', 'T2', 1, 'None', 0, '2020-12-02 16:49:29', '2020-12-02 16:49:29'),
(1035, '3B90T236EC', 'T2', 1, 'None', 0, '2020-12-02 16:49:29', '2020-12-02 16:49:29'),
(1036, 'D786T2FEB3', 'T2', 1, 'None', 0, '2020-12-02 16:49:29', '2020-12-02 16:49:29'),
(1037, '4609T2C025', 'T2', 1, 'None', 0, '2020-12-02 16:49:29', '2020-12-02 16:49:29'),
(1038, 'F31CT294EC', 'T2', 1, 'None', 0, '2020-12-02 16:49:29', '2020-12-02 16:49:29'),
(1039, 'B8BCT2F732', 'T2', 1, 'None', 0, '2020-12-02 16:49:29', '2020-12-02 16:49:29'),
(1040, '7ED6T2C528', 'T2', 1, 'None', 0, '2020-12-02 16:49:29', '2020-12-02 16:49:29'),
(1041, '3246T2E196', 'T2', 1, 'None', 0, '2020-12-02 16:49:29', '2020-12-02 16:49:29'),
(1042, 'A6B4T22200', 'T2', 1, 'None', 0, '2020-12-02 16:49:29', '2020-12-02 16:49:29'),
(1043, '6817T2470B', 'T2', 1, 'None', 0, '2020-12-02 16:49:29', '2020-12-02 16:49:29'),
(1044, '72E6T24D74', 'T2', 1, 'None', 0, '2020-12-02 16:49:29', '2020-12-02 16:49:29'),
(1045, '28EBT21F1B', 'T2', 1, 'None', 0, '2020-12-02 16:49:29', '2020-12-02 16:49:29'),
(1046, 'CE08T2FC38', 'T2', 1, 'None', 0, '2020-12-02 16:49:29', '2020-12-02 16:49:29'),
(1047, '768FT25F1B', 'T2', 1, 'None', 0, '2020-12-02 16:49:29', '2020-12-02 16:49:29'),
(1048, '5DCAT238D6', 'T2', 1, 'None', 0, '2020-12-02 16:49:29', '2020-12-02 16:49:29'),
(1049, 'E41FT296A3', 'T2', 1, 'None', 0, '2020-12-02 16:49:29', '2020-12-02 16:49:29'),
(1050, '65F0T21DF4', 'T2', 1, 'None', 0, '2020-12-02 16:49:29', '2020-12-02 16:49:29'),
(1051, '8CA5T21347', 'T2', 1, 'None', 0, '2020-12-02 16:49:29', '2020-12-02 16:49:29'),
(1052, '9172T24790', 'T2', 1, 'None', 0, '2020-12-02 16:49:29', '2020-12-02 16:49:29'),
(1053, 'EE64T2F367', 'T2', 1, 'None', 0, '2020-12-02 16:49:29', '2020-12-02 16:49:29'),
(1054, '6F0DT26938', 'T2', 1, 'None', 0, '2020-12-02 16:49:29', '2020-12-02 16:49:29'),
(1055, '9CF2T21CD8', 'T2', 1, 'None', 0, '2020-12-02 16:49:29', '2020-12-02 16:49:29'),
(1056, 'C763T2116C', 'T2', 1, 'None', 0, '2020-12-02 16:49:29', '2020-12-02 16:49:29'),
(1057, 'B97FT2D570', 'T2', 1, 'None', 0, '2020-12-02 16:49:29', '2020-12-02 16:49:29'),
(1058, 'DEFBT26752', 'T2', 1, 'None', 0, '2020-12-02 16:49:29', '2020-12-02 16:49:29'),
(1059, '345FT2C319', 'T2', 1, 'None', 0, '2020-12-02 16:49:29', '2020-12-02 16:49:29'),
(1060, '73A1T2CC8D', 'T2', 1, 'None', 0, '2020-12-02 16:49:29', '2020-12-02 16:49:29'),
(1061, '7BFFT22DC2', 'T2', 1, 'None', 0, '2020-12-02 16:49:29', '2020-12-02 16:49:29'),
(1062, '763BT2633B', 'T2', 1, 'None', 0, '2020-12-02 16:49:29', '2020-12-02 16:49:29'),
(1063, '8D92T2A2F0', 'T2', 1, 'None', 0, '2020-12-02 16:49:29', '2020-12-02 16:49:29'),
(1064, '51F2T2A781', 'T2', 1, 'None', 0, '2020-12-02 16:49:29', '2020-12-02 16:49:29'),
(1065, 'F0E7T2DADF', 'T2', 1, 'None', 0, '2020-12-02 16:49:29', '2020-12-02 16:49:29'),
(1066, '1333T21B8A', 'T2', 1, 'None', 0, '2020-12-02 16:49:29', '2020-12-02 16:49:29'),
(1067, '23BAT2B7CF', 'T2', 1, 'None', 0, '2020-12-02 16:49:29', '2020-12-02 16:49:29'),
(1068, 'AC02T2DA4D', 'T2', 1, 'None', 0, '2020-12-02 16:49:29', '2020-12-02 16:49:29'),
(1069, '1672T2A30E', 'T2', 1, 'None', 0, '2020-12-02 16:49:29', '2020-12-02 16:49:29'),
(1070, '7138T21CAD', 'T2', 1, 'None', 0, '2020-12-02 16:49:29', '2020-12-02 16:49:29'),
(1071, '43D3T21F83', 'T2', 1, 'None', 0, '2020-12-02 16:49:29', '2020-12-02 16:49:29'),
(1072, 'AACET2BF9B', 'T2', 1, 'None', 0, '2020-12-02 16:49:29', '2020-12-02 16:49:29'),
(1073, '5479T27777', 'T2', 1, 'None', 0, '2020-12-02 16:49:29', '2020-12-02 16:49:29'),
(1074, 'A77DT24E8C', 'T2', 1, 'None', 0, '2020-12-02 16:49:29', '2020-12-02 16:49:29'),
(1075, '6B72T284B8', 'T2', 1, 'None', 0, '2020-12-02 16:49:29', '2020-12-02 16:49:29'),
(1076, '7796T2D8BA', 'T2', 1, 'None', 0, '2020-12-02 16:49:29', '2020-12-02 16:49:29'),
(1077, 'D196T2C31A', 'T2', 1, 'None', 0, '2020-12-02 16:49:29', '2020-12-02 16:49:29'),
(1078, '5C02T26174', 'T2', 1, 'None', 0, '2020-12-02 16:49:29', '2020-12-02 16:49:29'),
(1079, '342ET2119A', 'T2', 1, 'None', 0, '2020-12-02 16:49:29', '2020-12-02 16:49:29'),
(1080, '3D42T2872E', 'T2', 1, 'None', 0, '2020-12-02 16:49:29', '2020-12-02 16:49:29'),
(1081, '6746T2F6D1', 'T2', 1, 'None', 0, '2020-12-02 16:49:29', '2020-12-02 16:49:29'),
(1082, '385DT23851', 'T2', 1, 'None', 0, '2020-12-02 16:49:29', '2020-12-02 16:49:29'),
(1083, '4C3CT243FE', 'T2', 1, 'None', 0, '2020-12-02 16:49:29', '2020-12-02 16:49:29'),
(1084, '2D14T25979', 'T2', 1, 'None', 0, '2020-12-02 16:49:29', '2020-12-02 16:49:29'),
(1085, '7A40T265A7', 'T2', 1, 'None', 0, '2020-12-02 16:49:29', '2020-12-02 16:49:29'),
(1086, '9CEFT2B201', 'T2', 1, 'None', 0, '2020-12-02 16:49:29', '2020-12-02 16:49:29'),
(1087, 'C7ACT25F9F', 'T2', 1, 'None', 0, '2020-12-02 16:49:29', '2020-12-02 16:49:29'),
(1088, '9269T2293D', 'T2', 1, 'None', 0, '2020-12-02 16:49:29', '2020-12-02 16:49:29'),
(1089, '7416T23925', 'T2', 1, 'None', 0, '2020-12-02 16:49:29', '2020-12-02 16:49:29'),
(1090, '596BT2BE6D', 'T2', 1, 'None', 0, '2020-12-02 16:49:29', '2020-12-02 16:49:29'),
(1091, '9D56T28C57', 'T2', 1, 'None', 0, '2020-12-02 16:49:29', '2020-12-02 16:49:29'),
(1092, '6577T2CD7A', 'T2', 1, 'None', 0, '2020-12-02 16:49:29', '2020-12-02 16:49:29'),
(1093, '169FT34B7B', 'T3', 1, 'None', 0, '2020-12-02 16:49:29', '2020-12-02 16:49:29'),
(1094, '5164T397CC', 'T3', 1, 'None', 0, '2020-12-02 16:49:29', '2020-12-02 16:49:29'),
(1095, 'AB08T32459', 'T3', 1, 'None', 0, '2020-12-02 16:49:29', '2020-12-02 16:49:29'),
(1096, '62ABT343D2', 'T3', 1, 'None', 0, '2020-12-02 16:49:29', '2020-12-02 16:49:29'),
(1097, 'ECA7T3C231', 'T3', 1, 'None', 0, '2020-12-02 16:49:29', '2020-12-02 16:49:29'),
(1098, 'B5F6T31CD7', 'T3', 1, 'None', 0, '2020-12-02 16:49:29', '2020-12-02 16:49:29'),
(1099, '6F0ET31239', 'T3', 1, 'None', 0, '2020-12-02 16:49:29', '2020-12-02 16:49:29'),
(1100, 'F8E6T395FB', 'T3', 1, 'None', 0, '2020-12-02 16:49:29', '2020-12-02 16:49:29'),
(1101, '218AT3BD86', 'T3', 1, 'None', 0, '2020-12-02 16:49:29', '2020-12-02 16:49:29'),
(1102, '557BT3D477', 'T3', 1, 'None', 0, '2020-12-02 16:49:29', '2020-12-02 16:49:29'),
(1103, '1B7DT31259', 'T3', 1, 'None', 0, '2020-12-02 16:49:29', '2020-12-02 16:49:29'),
(1104, '27EBT3791E', 'T3', 1, 'None', 0, '2020-12-02 16:49:29', '2020-12-02 16:49:29'),
(1105, 'F02FT3E905', 'T3', 1, 'None', 0, '2020-12-02 16:49:29', '2020-12-02 16:49:29'),
(1106, '51C1T3C3A0', 'T3', 1, 'None', 0, '2020-12-02 16:49:29', '2020-12-02 16:49:29'),
(1107, 'C90DT3B3CE', 'T3', 1, 'None', 0, '2020-12-02 16:49:29', '2020-12-02 16:49:29'),
(1108, '26C6T32ACA', 'T3', 1, 'None', 0, '2020-12-02 16:49:29', '2020-12-02 16:49:29'),
(1109, 'B4A2T3D4F4', 'T3', 1, 'None', 0, '2020-12-02 16:49:29', '2020-12-02 16:49:29'),
(1110, '5426T37319', 'T3', 1, 'None', 0, '2020-12-02 16:49:29', '2020-12-02 16:49:29'),
(1111, 'ACACT3CE5C', 'T3', 1, 'None', 0, '2020-12-02 16:49:29', '2020-12-02 16:49:29'),
(1112, 'A973T3A21D', 'T3', 1, 'None', 0, '2020-12-02 16:49:29', '2020-12-02 16:49:29'),
(1113, 'A27ET35580', 'T3', 1, 'None', 0, '2020-12-02 16:49:29', '2020-12-02 16:49:29'),
(1114, '7550T34449', 'T3', 1, 'None', 0, '2020-12-02 16:49:29', '2020-12-02 16:49:29'),
(1115, 'F892T3BB19', 'T3', 1, 'None', 0, '2020-12-02 16:49:29', '2020-12-02 16:49:29'),
(1116, '4ECCT32600', 'T3', 1, 'None', 0, '2020-12-02 16:49:29', '2020-12-02 16:49:29'),
(1117, '3015T3F6FF', 'T3', 1, 'None', 0, '2020-12-02 16:49:29', '2020-12-02 16:49:29'),
(1118, '4C4CT35EB0', 'T3', 1, 'None', 0, '2020-12-02 16:49:29', '2020-12-02 16:49:29'),
(1119, 'D1B3T3A564', 'T3', 1, 'None', 0, '2020-12-02 16:49:29', '2020-12-02 16:49:29'),
(1120, 'EE11T3F909', 'T3', 1, 'None', 0, '2020-12-02 16:49:30', '2020-12-02 16:49:30'),
(1121, '4CE1T38AE6', 'T3', 1, 'None', 0, '2020-12-02 16:49:30', '2020-12-02 16:49:30'),
(1122, 'F360T3781A', 'T3', 1, 'None', 0, '2020-12-02 16:49:30', '2020-12-02 16:49:30'),
(1123, '9559T34171', 'T3', 1, 'None', 0, '2020-12-02 16:49:30', '2020-12-02 16:49:30'),
(1124, 'A95BT361F8', 'T3', 1, 'None', 0, '2020-12-02 16:49:30', '2020-12-02 16:49:30'),
(1125, '6908T3D345', 'T3', 1, 'None', 0, '2020-12-02 16:49:30', '2020-12-02 16:49:30'),
(1126, '12CBT3FA2E', 'T3', 1, 'None', 0, '2020-12-02 16:49:30', '2020-12-02 16:49:30'),
(1127, '6E72T3A07D', 'T3', 1, 'None', 0, '2020-12-02 16:49:30', '2020-12-02 16:49:30'),
(1128, 'D990T3D1B1', 'T3', 1, 'None', 0, '2020-12-02 16:49:30', '2020-12-02 16:49:30'),
(1129, '69AET37F81', 'T3', 1, 'None', 0, '2020-12-02 16:49:30', '2020-12-02 16:49:30'),
(1130, '8BA1T34402', 'T3', 1, 'None', 0, '2020-12-02 16:49:30', '2020-12-02 16:49:30'),
(1131, '90E2T379F5', 'T3', 1, 'None', 0, '2020-12-02 16:49:30', '2020-12-02 16:49:30'),
(1132, '72FDT3E39D', 'T3', 1, 'None', 0, '2020-12-02 16:49:30', '2020-12-02 16:49:30'),
(1133, '20CFT3D62A', 'T3', 1, 'None', 0, '2020-12-02 16:49:30', '2020-12-02 16:49:30'),
(1134, 'BF0BT37587', 'T3', 1, 'None', 0, '2020-12-02 16:49:30', '2020-12-02 16:49:30'),
(1135, '6674T31FB2', 'T3', 1, 'None', 0, '2020-12-02 16:49:30', '2020-12-02 16:49:30'),
(1136, 'C2CET39F66', 'T3', 1, 'None', 0, '2020-12-02 16:49:30', '2020-12-02 16:49:30'),
(1137, '1C0ET34514', 'T3', 1, 'None', 0, '2020-12-02 16:49:30', '2020-12-02 16:49:30'),
(1138, '8F76T3C17F', 'T3', 1, 'None', 0, '2020-12-02 16:49:30', '2020-12-02 16:49:30'),
(1139, 'B3DAT3BC83', 'T3', 1, 'None', 0, '2020-12-02 16:49:30', '2020-12-02 16:49:30'),
(1140, '29EBT3316C', 'T3', 1, 'None', 0, '2020-12-02 16:49:30', '2020-12-02 16:49:30'),
(1141, '2757T31970', 'T3', 1, 'None', 0, '2020-12-02 16:49:30', '2020-12-02 16:49:30'),
(1142, 'E031T38453', 'T3', 1, 'None', 0, '2020-12-02 16:49:30', '2020-12-02 16:49:30'),
(1143, 'C3AET343F1', 'T3', 1, 'None', 0, '2020-12-02 16:49:30', '2020-12-02 16:49:30'),
(1144, '496FT3ED81', 'T3', 1, 'None', 0, '2020-12-02 16:49:30', '2020-12-02 16:49:30'),
(1145, '4F7DT3AEC7', 'T3', 1, 'None', 0, '2020-12-02 16:49:30', '2020-12-02 16:49:30'),
(1146, '5FF4T361E7', 'T3', 1, 'None', 0, '2020-12-02 16:49:30', '2020-12-02 16:49:30'),
(1147, '8E12T371C9', 'T3', 1, 'None', 0, '2020-12-02 16:49:30', '2020-12-02 16:49:30'),
(1148, '2F65T3F7DC', 'T3', 1, 'None', 0, '2020-12-02 16:49:30', '2020-12-02 16:49:30'),
(1149, '1976T3F635', 'T3', 1, 'None', 0, '2020-12-02 16:49:30', '2020-12-02 16:49:30'),
(1150, 'F1E9T3396F', 'T3', 1, 'None', 0, '2020-12-02 16:49:30', '2020-12-02 16:49:30'),
(1151, '2588T33DA1', 'T3', 1, 'None', 0, '2020-12-02 16:49:30', '2020-12-02 16:49:30'),
(1152, '924FT3D3FE', 'T3', 1, 'None', 0, '2020-12-02 16:49:30', '2020-12-02 16:49:30'),
(1153, '6340T3E315', 'T3', 1, 'None', 0, '2020-12-02 16:49:30', '2020-12-02 16:49:30'),
(1154, 'AEE6T3960C', 'T3', 1, 'None', 0, '2020-12-02 16:49:30', '2020-12-02 16:49:30'),
(1155, '7C01T33CE6', 'T3', 1, 'None', 0, '2020-12-02 16:49:30', '2020-12-02 16:49:30'),
(1156, 'D2B3T3A520', 'T3', 1, 'None', 0, '2020-12-02 16:49:30', '2020-12-02 16:49:30'),
(1157, '9F50T3BB03', 'T3', 1, 'None', 0, '2020-12-02 16:49:30', '2020-12-02 16:49:30'),
(1158, 'FB3AT3C1A6', 'T3', 1, 'None', 0, '2020-12-02 16:49:30', '2020-12-02 16:49:30'),
(1159, 'C49ET3D944', 'T3', 1, 'None', 0, '2020-12-02 16:49:30', '2020-12-02 16:49:30'),
(1160, 'DF9AT336C3', 'T3', 1, 'None', 0, '2020-12-02 16:49:30', '2020-12-02 16:49:30'),
(1161, '7CD8T328ED', 'T3', 1, 'None', 0, '2020-12-02 16:49:30', '2020-12-02 16:49:30'),
(1162, 'EB62T361D3', 'T3', 1, 'None', 0, '2020-12-02 16:49:30', '2020-12-02 16:49:30'),
(1163, 'A061T3C4FD', 'T3', 1, 'None', 0, '2020-12-02 16:49:30', '2020-12-02 16:49:30'),
(1164, '631ET3B777', 'T3', 1, 'None', 0, '2020-12-02 16:49:30', '2020-12-02 16:49:30'),
(1165, '612DT39C44', 'T3', 1, 'None', 0, '2020-12-02 16:49:30', '2020-12-02 16:49:30'),
(1166, '39AFT36B0D', 'T3', 1, 'None', 0, '2020-12-02 16:49:30', '2020-12-02 16:49:30'),
(1167, '5EDDT35497', 'T3', 1, 'None', 0, '2020-12-02 16:49:30', '2020-12-02 16:49:30'),
(1168, '4689T32DCE', 'T3', 1, 'None', 0, '2020-12-02 16:49:30', '2020-12-02 16:49:30'),
(1169, '7579T3CD5C', 'T3', 1, 'None', 0, '2020-12-02 16:49:30', '2020-12-02 16:49:30'),
(1170, '124BT3792C', 'T3', 1, 'None', 0, '2020-12-02 16:49:30', '2020-12-02 16:49:30'),
(1171, '3C1FT38F49', 'T3', 1, 'None', 0, '2020-12-02 16:49:30', '2020-12-02 16:49:30'),
(1172, 'EE4BT3BEFE', 'T3', 1, 'None', 0, '2020-12-02 16:49:30', '2020-12-02 16:49:30'),
(1173, 'ED02T3EC4A', 'T3', 1, 'None', 0, '2020-12-02 16:49:30', '2020-12-02 16:49:30'),
(1174, 'E2EAT39FFE', 'T3', 1, 'None', 0, '2020-12-02 16:49:30', '2020-12-02 16:49:30'),
(1175, '8E1ET3BD7B', 'T3', 1, 'None', 0, '2020-12-02 16:49:30', '2020-12-02 16:49:30'),
(1176, '2E00T35EC8', 'T3', 1, 'None', 0, '2020-12-02 16:49:30', '2020-12-02 16:49:30'),
(1177, '9994T35DBF', 'T3', 1, 'None', 0, '2020-12-02 16:49:30', '2020-12-02 16:49:30'),
(1178, 'D0F3T3824F', 'T3', 1, 'None', 0, '2020-12-02 16:49:30', '2020-12-02 16:49:30'),
(1179, '4D3AT3C6E8', 'T3', 1, 'None', 0, '2020-12-02 16:49:30', '2020-12-02 16:49:30'),
(1180, '4E65T33756', 'T3', 1, 'None', 0, '2020-12-02 16:49:30', '2020-12-02 16:49:30'),
(1181, 'CDBET32F36', 'T3', 1, 'None', 0, '2020-12-02 16:49:30', '2020-12-02 16:49:30'),
(1182, '2CBAT3E6F7', 'T3', 1, 'None', 0, '2020-12-02 16:49:30', '2020-12-02 16:49:30'),
(1183, 'E06DT3AC3A', 'T3', 1, 'None', 0, '2020-12-02 16:49:30', '2020-12-02 16:49:30'),
(1184, 'CE5BT35AEA', 'T3', 1, 'None', 0, '2020-12-02 16:49:30', '2020-12-02 16:49:30'),
(1185, '8C00T33145', 'T3', 1, 'None', 0, '2020-12-02 16:49:30', '2020-12-02 16:49:30'),
(1186, '7341T33299', 'T3', 1, 'None', 0, '2020-12-02 16:49:30', '2020-12-02 16:49:30'),
(1187, '3810T32737', 'T3', 1, 'None', 0, '2020-12-02 16:49:30', '2020-12-02 16:49:30'),
(1188, 'A162T3ED9C', 'T3', 1, 'None', 0, '2020-12-02 16:49:30', '2020-12-02 16:49:30'),
(1189, 'C8D4T32BDF', 'T3', 1, 'None', 0, '2020-12-02 16:49:30', '2020-12-02 16:49:30'),
(1190, 'D590T3CB2E', 'T3', 1, 'None', 0, '2020-12-02 16:49:30', '2020-12-02 16:49:30'),
(1191, '1821T3555B', 'T3', 1, 'None', 0, '2020-12-02 16:49:30', '2020-12-02 16:49:30'),
(1192, 'B9ADT3DD64', 'T3', 1, 'None', 0, '2020-12-02 16:49:30', '2020-12-02 16:49:30'),
(1193, 'F4B7T41F34', 'T4', 1, 'None', 0, '2020-12-02 16:49:30', '2020-12-02 16:49:30'),
(1194, 'AE62T4EAC8', 'T4', 1, 'None', 0, '2020-12-02 16:49:30', '2020-12-02 16:49:30'),
(1195, '8773T410C4', 'T4', 1, 'None', 0, '2020-12-02 16:49:30', '2020-12-02 16:49:30'),
(1196, '9365T45F5C', 'T4', 1, 'None', 0, '2020-12-02 16:49:30', '2020-12-02 16:49:30'),
(1197, '5D96T42117', 'T4', 1, 'None', 0, '2020-12-02 16:49:30', '2020-12-02 16:49:30'),
(1198, 'F1D5T4EA39', 'T4', 1, 'None', 0, '2020-12-02 16:49:30', '2020-12-02 16:49:30'),
(1199, '902BT4E2F6', 'T4', 1, 'None', 0, '2020-12-02 16:49:30', '2020-12-02 16:49:30'),
(1200, '4408T44C39', 'T4', 1, 'None', 0, '2020-12-02 16:49:30', '2020-12-02 16:49:30'),
(1201, 'DBCFT48F78', 'T4', 1, 'None', 0, '2020-12-02 16:49:30', '2020-12-02 16:49:30'),
(1202, '8D35T4D5A4', 'T4', 1, 'None', 0, '2020-12-02 16:49:30', '2020-12-02 16:49:30'),
(1203, 'CA5BT4DBDE', 'T4', 1, 'None', 0, '2020-12-02 16:49:30', '2020-12-02 16:49:30'),
(1204, '53C9T45E46', 'T4', 1, 'None', 0, '2020-12-02 16:49:30', '2020-12-02 16:49:30'),
(1205, '4BFFT4FA82', 'T4', 1, 'None', 0, '2020-12-02 16:49:30', '2020-12-02 16:49:30'),
(1206, '7273T48A94', 'T4', 1, 'None', 0, '2020-12-02 16:49:30', '2020-12-02 16:49:30'),
(1207, '5DEBT4ABBE', 'T4', 1, 'None', 0, '2020-12-02 16:49:30', '2020-12-02 16:49:30'),
(1208, '37EBT4839E', 'T4', 1, 'None', 0, '2020-12-02 16:49:30', '2020-12-02 16:49:30'),
(1209, '5657T4E388', 'T4', 1, 'None', 0, '2020-12-02 16:49:30', '2020-12-02 16:49:30'),
(1210, '738BT47E3E', 'T4', 1, 'None', 0, '2020-12-02 16:49:30', '2020-12-02 16:49:30'),
(1211, 'B516T4FDB3', 'T4', 1, 'None', 0, '2020-12-02 16:49:30', '2020-12-02 16:49:30'),
(1212, '8F77T4FA04', 'T4', 1, 'None', 0, '2020-12-02 16:49:30', '2020-12-02 16:49:30'),
(1213, '97A2T46D10', 'T4', 1, 'None', 0, '2020-12-02 16:49:30', '2020-12-02 16:49:30'),
(1214, '82CCT46F78', 'T4', 1, 'None', 0, '2020-12-02 16:49:30', '2020-12-02 16:49:30'),
(1215, 'E75ET45A94', 'T4', 1, 'None', 0, '2020-12-02 16:49:30', '2020-12-02 16:49:30'),
(1216, 'AA99T47BB7', 'T4', 1, 'None', 0, '2020-12-02 16:49:30', '2020-12-02 16:49:30'),
(1217, '4379T47FBA', 'T4', 1, 'None', 0, '2020-12-02 16:49:30', '2020-12-02 16:49:30'),
(1218, '7728T42492', 'T4', 1, 'None', 0, '2020-12-02 16:49:30', '2020-12-02 16:49:30'),
(1219, '65F1T482AA', 'T4', 1, 'None', 0, '2020-12-02 16:49:30', '2020-12-02 16:49:30'),
(1220, '3EBET478D0', 'T4', 1, 'None', 0, '2020-12-02 16:49:30', '2020-12-02 16:49:30'),
(1221, '8765T426BC', 'T4', 1, 'None', 0, '2020-12-02 16:49:30', '2020-12-02 16:49:30'),
(1222, '64F5T4614F', 'T4', 1, 'None', 0, '2020-12-02 16:49:30', '2020-12-02 16:49:30'),
(1223, 'A85BT4EBBF', 'T4', 1, 'None', 0, '2020-12-02 16:49:30', '2020-12-02 16:49:30'),
(1224, 'EE03T41728', 'T4', 1, 'None', 0, '2020-12-02 16:49:30', '2020-12-02 16:49:30'),
(1225, 'F41FT4A12A', 'T4', 1, 'None', 0, '2020-12-02 16:49:30', '2020-12-02 16:49:30'),
(1226, '6593T47678', 'T4', 1, 'None', 0, '2020-12-02 16:49:30', '2020-12-02 16:49:30'),
(1227, 'B7C7T4BE1E', 'T4', 1, 'None', 0, '2020-12-02 16:49:30', '2020-12-02 16:49:30'),
(1228, '10A6T45631', 'T4', 1, 'None', 0, '2020-12-02 16:49:30', '2020-12-02 16:49:30'),
(1229, '2572T47059', 'T4', 1, 'None', 0, '2020-12-02 16:49:30', '2020-12-02 16:49:30'),
(1230, 'C1A2T4E2D4', 'T4', 1, 'None', 0, '2020-12-02 16:49:30', '2020-12-02 16:49:30'),
(1231, '4429T47B04', 'T4', 1, 'None', 0, '2020-12-02 16:49:30', '2020-12-02 16:49:30'),
(1232, 'BA19T49692', 'T4', 1, 'None', 0, '2020-12-02 16:49:30', '2020-12-02 16:49:30'),
(1233, '6EF5T4B2E8', 'T4', 1, 'None', 0, '2020-12-02 16:49:30', '2020-12-02 16:49:30'),
(1234, '75B9T41040', 'T4', 1, 'None', 0, '2020-12-02 16:49:30', '2020-12-02 16:49:30'),
(1235, 'C222T47C31', 'T4', 1, 'None', 0, '2020-12-02 16:49:30', '2020-12-02 16:49:30'),
(1236, 'EDA9T4E4ED', 'T4', 1, 'None', 0, '2020-12-02 16:49:30', '2020-12-02 16:49:30'),
(1237, '8A98T4BA1E', 'T4', 1, 'None', 0, '2020-12-02 16:49:30', '2020-12-02 16:49:30'),
(1238, '54F4T480A3', 'T4', 1, 'None', 0, '2020-12-02 16:49:30', '2020-12-02 16:49:30'),
(1239, 'EC9CT42A05', 'T4', 1, 'None', 0, '2020-12-02 16:49:30', '2020-12-02 16:49:30'),
(1240, 'F7A3T4FC96', 'T4', 1, 'None', 0, '2020-12-02 16:49:30', '2020-12-02 16:49:30'),
(1241, '2359T4FFBB', 'T4', 1, 'None', 0, '2020-12-02 16:49:30', '2020-12-02 16:49:30'),
(1242, 'E14CT47542', 'T4', 1, 'None', 0, '2020-12-02 16:49:30', '2020-12-02 16:49:30'),
(1243, 'A00FT4E3B0', 'T4', 1, 'None', 0, '2020-12-02 16:49:30', '2020-12-02 16:49:30'),
(1244, 'B7ACT4DD02', 'T4', 1, 'None', 0, '2020-12-02 16:49:30', '2020-12-02 16:49:30'),
(1245, '3E52T418A7', 'T4', 1, 'None', 0, '2020-12-02 16:49:30', '2020-12-02 16:49:30'),
(1246, 'C71BT4BC3F', 'T4', 1, 'None', 0, '2020-12-02 16:49:30', '2020-12-02 16:49:30'),
(1247, '89AFT43B0B', 'T4', 1, 'None', 0, '2020-12-02 16:49:30', '2020-12-02 16:49:30'),
(1248, '29BCT45909', 'T4', 1, 'None', 0, '2020-12-02 16:49:30', '2020-12-02 16:49:30'),
(1249, '948AT46543', 'T4', 1, 'None', 0, '2020-12-02 16:49:30', '2020-12-02 16:49:30'),
(1250, 'C8BCT4566A', 'T4', 1, 'None', 0, '2020-12-02 16:49:30', '2020-12-02 16:49:30'),
(1251, '3B79T422F3', 'T4', 1, 'None', 0, '2020-12-02 16:49:30', '2020-12-02 16:49:30'),
(1252, '8CF0T44B62', 'T4', 1, 'None', 0, '2020-12-02 16:49:30', '2020-12-02 16:49:30'),
(1253, 'A321T411B1', 'T4', 1, 'None', 0, '2020-12-02 16:49:30', '2020-12-02 16:49:30'),
(1254, '86D3T47A57', 'T4', 1, 'None', 0, '2020-12-02 16:49:30', '2020-12-02 16:49:30'),
(1255, '7343T4EA89', 'T4', 1, 'None', 0, '2020-12-02 16:49:30', '2020-12-02 16:49:30'),
(1256, 'CDFFT44190', 'T4', 1, 'None', 0, '2020-12-02 16:49:30', '2020-12-02 16:49:30'),
(1257, 'DFC6T4416A', 'T4', 1, 'None', 0, '2020-12-02 16:49:30', '2020-12-02 16:49:30'),
(1258, '500AT41C8D', 'T4', 1, 'None', 0, '2020-12-02 16:49:30', '2020-12-02 16:49:30'),
(1259, 'F2A5T4CC49', 'T4', 1, 'None', 0, '2020-12-02 16:49:30', '2020-12-02 16:49:30'),
(1260, '18B1T42189', 'T4', 1, 'None', 0, '2020-12-02 16:49:30', '2020-12-02 16:49:30'),
(1261, '7D2DT43F30', 'T4', 1, 'None', 0, '2020-12-02 16:49:30', '2020-12-02 16:49:30'),
(1262, '850DT4E641', 'T4', 1, 'None', 0, '2020-12-02 16:49:30', '2020-12-02 16:49:30'),
(1263, '3059T46A3C', 'T4', 1, 'None', 0, '2020-12-02 16:49:30', '2020-12-02 16:49:30'),
(1264, '856CT45559', 'T4', 1, 'None', 0, '2020-12-02 16:49:30', '2020-12-02 16:49:30'),
(1265, '822DT4C33C', 'T4', 1, 'None', 0, '2020-12-02 16:49:30', '2020-12-02 16:49:30'),
(1266, '647FT47A83', 'T4', 1, 'None', 0, '2020-12-02 16:49:30', '2020-12-02 16:49:30'),
(1267, '3628T42BB7', 'T4', 1, 'None', 0, '2020-12-02 16:49:30', '2020-12-02 16:49:30'),
(1268, '43F9T4FA38', 'T4', 1, 'None', 0, '2020-12-02 16:49:30', '2020-12-02 16:49:30'),
(1269, '2F0DT48C8D', 'T4', 1, 'None', 0, '2020-12-02 16:49:30', '2020-12-02 16:49:30'),
(1270, 'BC3CT4751D', 'T4', 1, 'None', 0, '2020-12-02 16:49:30', '2020-12-02 16:49:30'),
(1271, '62F1T49BAB', 'T4', 1, 'None', 0, '2020-12-02 16:49:30', '2020-12-02 16:49:30'),
(1272, 'CDE2T442FC', 'T4', 1, 'None', 0, '2020-12-02 16:49:30', '2020-12-02 16:49:30'),
(1273, '3173T49B46', 'T4', 1, 'None', 0, '2020-12-02 16:49:30', '2020-12-02 16:49:30'),
(1274, 'C2DET4A274', 'T4', 1, 'None', 0, '2020-12-02 16:49:30', '2020-12-02 16:49:30'),
(1275, '8D96T47763', 'T4', 1, 'None', 0, '2020-12-02 16:49:30', '2020-12-02 16:49:30'),
(1276, '7C53T4317C', 'T4', 1, 'None', 0, '2020-12-02 16:49:30', '2020-12-02 16:49:30'),
(1277, '468BT44C53', 'T4', 1, 'None', 0, '2020-12-02 16:49:30', '2020-12-02 16:49:30'),
(1278, 'DE79T44539', 'T4', 1, 'None', 0, '2020-12-02 16:49:30', '2020-12-02 16:49:30'),
(1279, 'F816T4DA82', 'T4', 1, 'None', 0, '2020-12-02 16:49:30', '2020-12-02 16:49:30'),
(1280, '4889T4709D', 'T4', 1, 'None', 0, '2020-12-02 16:49:30', '2020-12-02 16:49:30'),
(1281, '275BT4532C', 'T4', 1, 'None', 0, '2020-12-02 16:49:30', '2020-12-02 16:49:30'),
(1282, 'D08AT4EE80', 'T4', 1, 'None', 0, '2020-12-02 16:49:30', '2020-12-02 16:49:30'),
(1283, '91C6T48823', 'T4', 1, 'None', 0, '2020-12-02 16:49:30', '2020-12-02 16:49:30'),
(1284, 'E5F7T426B4', 'T4', 1, 'None', 0, '2020-12-02 16:49:30', '2020-12-02 16:49:30'),
(1285, 'B79CT4C0E8', 'T4', 1, 'None', 0, '2020-12-02 16:49:30', '2020-12-02 16:49:30'),
(1286, 'D10FT462C0', 'T4', 1, 'None', 0, '2020-12-02 16:49:30', '2020-12-02 16:49:30'),
(1287, '59D1T4DCE4', 'T4', 1, 'None', 0, '2020-12-02 16:49:30', '2020-12-02 16:49:30'),
(1288, '6F92T48640', 'T4', 1, 'None', 0, '2020-12-02 16:49:30', '2020-12-02 16:49:30'),
(1289, 'B64AT44FE2', 'T4', 1, 'None', 0, '2020-12-02 16:49:30', '2020-12-02 16:49:30'),
(1290, '7DA7T43A0E', 'T4', 1, 'None', 0, '2020-12-02 16:49:30', '2020-12-02 16:49:30'),
(1291, 'DEC2T473C8', 'T4', 1, 'None', 0, '2020-12-02 16:49:30', '2020-12-02 16:49:30'),
(1292, '4527T48564', 'T4', 1, 'None', 0, '2020-12-02 16:49:30', '2020-12-02 16:49:30'),
(1293, '21B2T5F000', 'T5', 1, 'None', 0, '2020-12-02 16:49:30', '2020-12-02 16:49:30'),
(1294, '1603T5A6E9', 'T5', 1, 'None', 0, '2020-12-02 16:49:30', '2020-12-02 16:49:30'),
(1295, '8858T5FC1B', 'T5', 1, 'None', 0, '2020-12-02 16:49:30', '2020-12-02 16:49:30'),
(1296, '424ET5FBA6', 'T5', 1, 'None', 0, '2020-12-02 16:49:30', '2020-12-02 16:49:30'),
(1297, 'BB17T52E80', 'T5', 1, 'None', 0, '2020-12-02 16:49:30', '2020-12-02 16:49:30'),
(1298, '92D8T5461A', 'T5', 1, 'None', 0, '2020-12-02 16:49:30', '2020-12-02 16:49:30'),
(1299, '5400T59C47', 'T5', 1, 'None', 0, '2020-12-02 16:49:30', '2020-12-02 16:49:30'),
(1300, 'CCC3T5F7BA', 'T5', 1, 'None', 0, '2020-12-02 16:49:30', '2020-12-02 16:49:30'),
(1301, '3E83T57CEC', 'T5', 1, 'None', 0, '2020-12-02 16:49:30', '2020-12-02 16:49:30'),
(1302, '434CT584A8', 'T5', 1, 'None', 0, '2020-12-02 16:49:30', '2020-12-02 16:49:30'),
(1303, '901ET54286', 'T5', 1, 'None', 0, '2020-12-02 16:49:30', '2020-12-02 16:49:30'),
(1304, '3F5FT58B54', 'T5', 1, 'None', 0, '2020-12-02 16:49:31', '2020-12-02 16:49:31'),
(1305, '3018T59C81', 'T5', 1, 'None', 0, '2020-12-02 16:49:31', '2020-12-02 16:49:31'),
(1306, 'EAA6T5C396', 'T5', 1, 'None', 0, '2020-12-02 16:49:31', '2020-12-02 16:49:31'),
(1307, 'C26ET54209', 'T5', 1, 'None', 0, '2020-12-02 16:49:31', '2020-12-02 16:49:31'),
(1308, 'FBC3T54826', 'T5', 1, 'None', 0, '2020-12-02 16:49:31', '2020-12-02 16:49:31'),
(1309, 'F689T5DFC3', 'T5', 1, 'None', 0, '2020-12-02 16:49:31', '2020-12-02 16:49:31'),
(1310, 'F389T56690', 'T5', 1, 'None', 0, '2020-12-02 16:49:31', '2020-12-02 16:49:31'),
(1311, 'B484T54CE3', 'T5', 1, 'None', 0, '2020-12-02 16:49:31', '2020-12-02 16:49:31'),
(1312, 'D733T5B7BF', 'T5', 1, 'None', 0, '2020-12-02 16:49:31', '2020-12-02 16:49:31'),
(1313, '9832T5D975', 'T5', 1, 'None', 0, '2020-12-02 16:49:31', '2020-12-02 16:49:31'),
(1314, 'F960T5C35B', 'T5', 1, 'None', 0, '2020-12-02 16:49:31', '2020-12-02 16:49:31'),
(1315, '4234T5B91C', 'T5', 1, 'None', 0, '2020-12-02 16:49:31', '2020-12-02 16:49:31'),
(1316, '9324T593A5', 'T5', 1, 'None', 0, '2020-12-02 16:49:31', '2020-12-02 16:49:31'),
(1317, 'B162T5D383', 'T5', 1, 'None', 0, '2020-12-02 16:49:31', '2020-12-02 16:49:31'),
(1318, 'ECE2T51021', 'T5', 1, 'None', 0, '2020-12-02 16:49:31', '2020-12-02 16:49:31'),
(1319, '35D3T58477', 'T5', 1, 'None', 0, '2020-12-02 16:49:31', '2020-12-02 16:49:31'),
(1320, 'CDB9T5984E', 'T5', 1, 'None', 0, '2020-12-02 16:49:31', '2020-12-02 16:49:31'),
(1321, '96BFT59D0D', 'T5', 1, 'None', 0, '2020-12-02 16:49:31', '2020-12-02 16:49:31'),
(1322, 'D9FBT558AC', 'T5', 1, 'None', 0, '2020-12-02 16:49:31', '2020-12-02 16:49:31'),
(1323, '570ET54F2E', 'T5', 1, 'None', 0, '2020-12-02 16:49:31', '2020-12-02 16:49:31'),
(1324, '127AT564D0', 'T5', 1, 'None', 0, '2020-12-02 16:49:31', '2020-12-02 16:49:31'),
(1325, 'C423T51C08', 'T5', 1, 'None', 0, '2020-12-02 16:49:31', '2020-12-02 16:49:31'),
(1326, 'B257T5AA04', 'T5', 1, 'None', 0, '2020-12-02 16:49:31', '2020-12-02 16:49:31'),
(1327, 'A392T58D2F', 'T5', 1, 'None', 0, '2020-12-02 16:49:31', '2020-12-02 16:49:31'),
(1328, 'EF72T5E3EF', 'T5', 1, 'None', 0, '2020-12-02 16:49:31', '2020-12-02 16:49:31'),
(1329, '18EDT54894', 'T5', 1, 'None', 0, '2020-12-02 16:49:31', '2020-12-02 16:49:31'),
(1330, '4A96T53990', 'T5', 1, 'None', 0, '2020-12-02 16:49:31', '2020-12-02 16:49:31'),
(1331, 'B172T5A3B4', 'T5', 1, 'None', 0, '2020-12-02 16:49:31', '2020-12-02 16:49:31'),
(1332, '113DT5587B', 'T5', 1, 'None', 0, '2020-12-02 16:49:31', '2020-12-02 16:49:31'),
(1333, '7CE0T53641', 'T5', 1, 'None', 0, '2020-12-02 16:49:31', '2020-12-02 16:49:31'),
(1334, '6891T57FD6', 'T5', 1, 'None', 0, '2020-12-02 16:49:31', '2020-12-02 16:49:31'),
(1335, '5C37T5D0CE', 'T5', 1, 'None', 0, '2020-12-02 16:49:31', '2020-12-02 16:49:31'),
(1336, '18FET5B205', 'T5', 1, 'None', 0, '2020-12-02 16:49:31', '2020-12-02 16:49:31'),
(1337, 'B68CT5A858', 'T5', 1, 'None', 0, '2020-12-02 16:49:31', '2020-12-02 16:49:31'),
(1338, 'BF5CT58A7E', 'T5', 1, 'None', 0, '2020-12-02 16:49:31', '2020-12-02 16:49:31'),
(1339, '117BT5469A', 'T5', 1, 'None', 0, '2020-12-02 16:49:31', '2020-12-02 16:49:31'),
(1340, 'A301T52868', 'T5', 1, 'None', 0, '2020-12-02 16:49:31', '2020-12-02 16:49:31'),
(1341, '3C96T59EB4', 'T5', 1, 'None', 0, '2020-12-02 16:49:31', '2020-12-02 16:49:31'),
(1342, '210FT5E1D9', 'T5', 1, 'None', 0, '2020-12-02 16:49:31', '2020-12-02 16:49:31'),
(1343, 'CA85T53838', 'T5', 1, 'None', 0, '2020-12-02 16:49:31', '2020-12-02 16:49:31'),
(1344, '6AE5T5619F', 'T5', 1, 'None', 0, '2020-12-02 16:49:31', '2020-12-02 16:49:31'),
(1345, '4C36T51C70', 'T5', 1, 'None', 0, '2020-12-02 16:49:31', '2020-12-02 16:49:31'),
(1346, 'C3E4T5B5BA', 'T5', 1, 'None', 0, '2020-12-02 16:49:31', '2020-12-02 16:49:31'),
(1347, '917AT56BB0', 'T5', 1, 'None', 0, '2020-12-02 16:49:31', '2020-12-02 16:49:31'),
(1348, 'A992T54A22', 'T5', 1, 'None', 0, '2020-12-02 16:49:31', '2020-12-02 16:49:31'),
(1349, '29DBT580AA', 'T5', 1, 'None', 0, '2020-12-02 16:49:31', '2020-12-02 16:49:31'),
(1350, '1EACT5153B', 'T5', 1, 'None', 0, '2020-12-02 16:49:31', '2020-12-02 16:49:31'),
(1351, '3691T52043', 'T5', 1, 'None', 0, '2020-12-02 16:49:31', '2020-12-02 16:49:31'),
(1352, 'AD25T58835', 'T5', 1, 'None', 0, '2020-12-02 16:49:31', '2020-12-02 16:49:31'),
(1353, 'B535T5B5C0', 'T5', 1, 'None', 0, '2020-12-02 16:49:31', '2020-12-02 16:49:31'),
(1354, '1DBET5F124', 'T5', 1, 'None', 0, '2020-12-02 16:49:31', '2020-12-02 16:49:31'),
(1355, 'B566T513A7', 'T5', 1, 'None', 0, '2020-12-02 16:49:31', '2020-12-02 16:49:31'),
(1356, 'F15AT52DF2', 'T5', 1, 'None', 0, '2020-12-02 16:49:31', '2020-12-02 16:49:31'),
(1357, 'D84BT5D6FB', 'T5', 1, 'None', 0, '2020-12-02 16:49:31', '2020-12-02 16:49:31'),
(1358, '714AT51FC7', 'T5', 1, 'None', 0, '2020-12-02 16:49:31', '2020-12-02 16:49:31'),
(1359, '345DT5F71D', 'T5', 1, 'None', 0, '2020-12-02 16:49:31', '2020-12-02 16:49:31'),
(1360, '3990T53374', 'T5', 1, 'None', 0, '2020-12-02 16:49:31', '2020-12-02 16:49:31'),
(1361, '3884T581EA', 'T5', 1, 'None', 0, '2020-12-02 16:49:31', '2020-12-02 16:49:31'),
(1362, '775FT5BD0F', 'T5', 1, 'None', 0, '2020-12-02 16:49:31', '2020-12-02 16:49:31'),
(1363, '64A9T52E4A', 'T5', 1, 'None', 0, '2020-12-02 16:49:31', '2020-12-02 16:49:31'),
(1364, '5F77T5FDF2', 'T5', 1, 'None', 0, '2020-12-02 16:49:31', '2020-12-02 16:49:31'),
(1365, '2217T5488F', 'T5', 1, 'None', 0, '2020-12-02 16:49:31', '2020-12-02 16:49:31'),
(1366, '7F6ET5A131', 'T5', 1, 'None', 0, '2020-12-02 16:49:31', '2020-12-02 16:49:31'),
(1367, 'ED6AT58815', 'T5', 1, 'None', 0, '2020-12-02 16:49:31', '2020-12-02 16:49:31'),
(1368, '4BF9T5BCAF', 'T5', 1, 'None', 0, '2020-12-02 16:49:31', '2020-12-02 16:49:31'),
(1369, 'CDEAT5B914', 'T5', 1, 'None', 0, '2020-12-02 16:49:31', '2020-12-02 16:49:31'),
(1370, '8FF5T58743', 'T5', 1, 'None', 0, '2020-12-02 16:49:31', '2020-12-02 16:49:31'),
(1371, '7E78T5FF4E', 'T5', 1, 'None', 0, '2020-12-02 16:49:31', '2020-12-02 16:49:31'),
(1372, '6A76T51D81', 'T5', 1, 'None', 0, '2020-12-02 16:49:31', '2020-12-02 16:49:31'),
(1373, '8FB8T5BD30', 'T5', 1, 'None', 0, '2020-12-02 16:49:31', '2020-12-02 16:49:31'),
(1374, 'DCC5T53CCF', 'T5', 1, 'None', 0, '2020-12-02 16:49:31', '2020-12-02 16:49:31'),
(1375, '4BE1T52D67', 'T5', 1, 'None', 0, '2020-12-02 16:49:31', '2020-12-02 16:49:31'),
(1376, '610AT53678', 'T5', 1, 'None', 0, '2020-12-02 16:49:31', '2020-12-02 16:49:31'),
(1377, '462DT5C9A6', 'T5', 1, 'None', 0, '2020-12-02 16:49:31', '2020-12-02 16:49:31'),
(1378, '75AET5E78C', 'T5', 1, 'None', 0, '2020-12-02 16:49:31', '2020-12-02 16:49:31'),
(1379, 'D112T52880', 'T5', 1, 'None', 0, '2020-12-02 16:49:31', '2020-12-02 16:49:31'),
(1380, '5CCDT57306', 'T5', 1, 'None', 0, '2020-12-02 16:49:31', '2020-12-02 16:49:31'),
(1381, 'C84BT5F82D', 'T5', 1, 'None', 0, '2020-12-02 16:49:31', '2020-12-02 16:49:31'),
(1382, 'FDC4T51689', 'T5', 1, 'None', 0, '2020-12-02 16:49:31', '2020-12-02 16:49:31'),
(1383, 'F54DT518DF', 'T5', 1, 'None', 0, '2020-12-02 16:49:31', '2020-12-02 16:49:31'),
(1384, 'D0B1T53B3E', 'T5', 1, 'None', 0, '2020-12-02 16:49:31', '2020-12-02 16:49:31'),
(1385, '73E7T5C4A1', 'T5', 1, 'None', 0, '2020-12-02 16:49:31', '2020-12-02 16:49:31'),
(1386, 'C5A3T51AF2', 'T5', 1, 'None', 0, '2020-12-02 16:49:31', '2020-12-02 16:49:31'),
(1387, 'FBDBT58E73', 'T5', 1, 'None', 0, '2020-12-02 16:49:31', '2020-12-02 16:49:31'),
(1388, 'A9C9T53594', 'T5', 1, 'None', 0, '2020-12-02 16:49:31', '2020-12-02 16:49:31'),
(1389, '3B41T53B77', 'T5', 1, 'None', 0, '2020-12-02 16:49:31', '2020-12-02 16:49:31'),
(1390, '12DBT5D7A0', 'T5', 1, 'None', 0, '2020-12-02 16:49:31', '2020-12-02 16:49:31'),
(1391, '1AAFT5FA22', 'T5', 1, 'None', 0, '2020-12-02 16:49:31', '2020-12-02 16:49:31');
INSERT INTO `fscodes` (`id`, `fscode`, `tier`, `status`, `sale_date`, `sale_by`, `created_at`, `updated_at`) VALUES
(1392, '871DT5423E', 'T5', 1, 'None', 0, '2020-12-02 16:49:31', '2020-12-02 16:49:31'),
(1393, 'C333T67E0F', 'T6', 1, 'None', 0, '2020-12-02 16:49:31', '2020-12-02 16:49:31'),
(1394, '251AT63943', 'T6', 1, 'None', 0, '2020-12-02 16:49:31', '2020-12-02 16:49:31'),
(1395, '4833T62586', 'T6', 1, 'None', 0, '2020-12-02 16:49:31', '2020-12-02 16:49:31'),
(1396, '48E9T6324E', 'T6', 1, 'None', 0, '2020-12-02 16:49:31', '2020-12-02 16:49:31'),
(1397, '1340T6B61A', 'T6', 1, 'None', 0, '2020-12-02 16:49:31', '2020-12-02 16:49:31'),
(1398, '1B95T63889', 'T6', 1, 'None', 0, '2020-12-02 16:49:31', '2020-12-02 16:49:31'),
(1399, '280DT6D8D4', 'T6', 1, 'None', 0, '2020-12-02 16:49:31', '2020-12-02 16:49:31'),
(1400, '52C8T6E03C', 'T6', 1, 'None', 0, '2020-12-02 16:49:31', '2020-12-02 16:49:31'),
(1401, '824DT6EA8A', 'T6', 1, 'None', 0, '2020-12-02 16:49:31', '2020-12-02 16:49:31'),
(1402, 'B8F1T6BD6E', 'T6', 1, 'None', 0, '2020-12-02 16:49:31', '2020-12-02 16:49:31'),
(1403, '293AT62059', 'T6', 1, 'None', 0, '2020-12-02 16:49:31', '2020-12-02 16:49:31'),
(1404, '42E4T6CD8D', 'T6', 1, 'None', 0, '2020-12-02 16:49:31', '2020-12-02 16:49:31'),
(1405, '7CB1T6FB44', 'T6', 1, 'None', 0, '2020-12-02 16:49:31', '2020-12-02 16:49:31'),
(1406, 'DBEFT6A972', 'T6', 1, 'None', 0, '2020-12-02 16:49:31', '2020-12-02 16:49:31'),
(1407, 'E2F1T621F9', 'T6', 1, 'None', 0, '2020-12-02 16:49:31', '2020-12-02 16:49:31'),
(1408, '4D3AT62B71', 'T6', 1, 'None', 0, '2020-12-02 16:49:31', '2020-12-02 16:49:31'),
(1409, '7767T66102', 'T6', 1, 'None', 0, '2020-12-02 16:49:31', '2020-12-02 16:49:31'),
(1410, '6D7DT6AFAB', 'T6', 1, 'None', 0, '2020-12-02 16:49:31', '2020-12-02 16:49:31'),
(1411, 'BFA3T6726F', 'T6', 1, 'None', 0, '2020-12-02 16:49:31', '2020-12-02 16:49:31'),
(1412, '8143T680C3', 'T6', 1, 'None', 0, '2020-12-02 16:49:31', '2020-12-02 16:49:31'),
(1413, 'F951T61654', 'T6', 1, 'None', 0, '2020-12-02 16:49:31', '2020-12-02 16:49:31'),
(1414, '8C72T66FB0', 'T6', 1, 'None', 0, '2020-12-02 16:49:31', '2020-12-02 16:49:31'),
(1415, 'ED4DT62293', 'T6', 1, 'None', 0, '2020-12-02 16:49:31', '2020-12-02 16:49:31'),
(1416, 'D37CT69BF9', 'T6', 1, 'None', 0, '2020-12-02 16:49:31', '2020-12-02 16:49:31'),
(1417, 'CE67T68519', 'T6', 1, 'None', 0, '2020-12-02 16:49:31', '2020-12-02 16:49:31'),
(1418, 'C5C9T64F38', 'T6', 1, 'None', 0, '2020-12-02 16:49:31', '2020-12-02 16:49:31'),
(1419, 'F791T6814A', 'T6', 1, 'None', 0, '2020-12-02 16:49:31', '2020-12-02 16:49:31'),
(1420, '14ADT6DEE0', 'T6', 1, 'None', 0, '2020-12-02 16:49:31', '2020-12-02 16:49:31'),
(1421, '58D1T68412', 'T6', 1, 'None', 0, '2020-12-02 16:49:31', '2020-12-02 16:49:31'),
(1422, '5334T661BF', 'T6', 1, 'None', 0, '2020-12-02 16:49:31', '2020-12-02 16:49:31'),
(1423, '1BBDT631FB', 'T6', 1, 'None', 0, '2020-12-02 16:49:31', '2020-12-02 16:49:31'),
(1424, '2841T65BC8', 'T6', 1, 'None', 0, '2020-12-02 16:49:31', '2020-12-02 16:49:31'),
(1425, '31B0T6365D', 'T6', 1, 'None', 0, '2020-12-02 16:49:31', '2020-12-02 16:49:31'),
(1426, '7B06T67456', 'T6', 1, 'None', 0, '2020-12-02 16:49:31', '2020-12-02 16:49:31'),
(1427, '88E0T6FDB5', 'T6', 1, 'None', 0, '2020-12-02 16:49:31', '2020-12-02 16:49:31'),
(1428, '1141T6493F', 'T6', 1, 'None', 0, '2020-12-02 16:49:31', '2020-12-02 16:49:31'),
(1429, '6C55T61F79', 'T6', 1, 'None', 0, '2020-12-02 16:49:31', '2020-12-02 16:49:31'),
(1430, 'FE21T6ED40', 'T6', 1, 'None', 0, '2020-12-02 16:49:31', '2020-12-02 16:49:31'),
(1431, 'B756T6BE48', 'T6', 1, 'None', 0, '2020-12-02 16:49:31', '2020-12-02 16:49:31'),
(1432, 'D1E1T6813F', 'T6', 1, 'None', 0, '2020-12-02 16:49:31', '2020-12-02 16:49:31'),
(1433, '9867T6BB9F', 'T6', 1, 'None', 0, '2020-12-02 16:49:31', '2020-12-02 16:49:31'),
(1434, 'FE8ET67B18', 'T6', 1, 'None', 0, '2020-12-02 16:49:31', '2020-12-02 16:49:31'),
(1435, '5368T66085', 'T6', 1, 'None', 0, '2020-12-02 16:49:31', '2020-12-02 16:49:31'),
(1436, '2E5CT6BD46', 'T6', 1, 'None', 0, '2020-12-02 16:49:31', '2020-12-02 16:49:31'),
(1437, 'D66FT633F5', 'T6', 1, 'None', 0, '2020-12-02 16:49:31', '2020-12-02 16:49:31'),
(1438, '8362T67553', 'T6', 1, 'None', 0, '2020-12-02 16:49:31', '2020-12-02 16:49:31'),
(1439, 'F164T6D388', 'T6', 1, 'None', 0, '2020-12-02 16:49:31', '2020-12-02 16:49:31'),
(1440, '22C6T65472', 'T6', 1, 'None', 0, '2020-12-02 16:49:31', '2020-12-02 16:49:31'),
(1441, '51A2T6653A', 'T6', 1, 'None', 0, '2020-12-02 16:49:31', '2020-12-02 16:49:31'),
(1442, 'EF0ET661D2', 'T6', 1, 'None', 0, '2020-12-02 16:49:31', '2020-12-02 16:49:31'),
(1443, 'F758T6FC4E', 'T6', 1, 'None', 0, '2020-12-02 16:49:31', '2020-12-02 16:49:31'),
(1444, 'B60ET65395', 'T6', 1, 'None', 0, '2020-12-02 16:49:31', '2020-12-02 16:49:31'),
(1445, '7D45T62D1F', 'T6', 1, 'None', 0, '2020-12-02 16:49:31', '2020-12-02 16:49:31'),
(1446, '874FT628A0', 'T6', 1, 'None', 0, '2020-12-02 16:49:31', '2020-12-02 16:49:31'),
(1447, '810FT63435', 'T6', 1, 'None', 0, '2020-12-02 16:49:31', '2020-12-02 16:49:31'),
(1448, 'DAFCT6A680', 'T6', 1, 'None', 0, '2020-12-02 16:49:31', '2020-12-02 16:49:31'),
(1449, '822DT6324C', 'T6', 1, 'None', 0, '2020-12-02 16:49:31', '2020-12-02 16:49:31'),
(1450, '9DEAT65A03', 'T6', 1, 'None', 0, '2020-12-02 16:49:31', '2020-12-02 16:49:31'),
(1451, '3B08T6B34F', 'T6', 1, 'None', 0, '2020-12-02 16:49:31', '2020-12-02 16:49:31'),
(1452, '2DB1T6775C', 'T6', 1, 'None', 0, '2020-12-02 16:49:31', '2020-12-02 16:49:31'),
(1453, 'F61FT61592', 'T6', 1, 'None', 0, '2020-12-02 16:49:31', '2020-12-02 16:49:31'),
(1454, 'FC31T66C6A', 'T6', 1, 'None', 0, '2020-12-02 16:49:31', '2020-12-02 16:49:31'),
(1455, 'DEA6T66727', 'T6', 1, 'None', 0, '2020-12-02 16:49:31', '2020-12-02 16:49:31'),
(1456, '19A5T6F65E', 'T6', 1, 'None', 0, '2020-12-02 16:49:31', '2020-12-02 16:49:31'),
(1457, 'C237T65419', 'T6', 1, 'None', 0, '2020-12-02 16:49:31', '2020-12-02 16:49:31'),
(1458, 'AF4ET62986', 'T6', 1, 'None', 0, '2020-12-02 16:49:31', '2020-12-02 16:49:31'),
(1459, '78B1T62877', 'T6', 1, 'None', 0, '2020-12-02 16:49:31', '2020-12-02 16:49:31'),
(1460, '9E5DT6866C', 'T6', 1, 'None', 0, '2020-12-02 16:49:31', '2020-12-02 16:49:31'),
(1461, '29B5T6CBF3', 'T6', 1, 'None', 0, '2020-12-02 16:49:31', '2020-12-02 16:49:31'),
(1462, '693DT69EBC', 'T6', 1, 'None', 0, '2020-12-02 16:49:31', '2020-12-02 16:49:31'),
(1463, '710DT656D9', 'T6', 1, 'None', 0, '2020-12-02 16:49:31', '2020-12-02 16:49:31'),
(1464, 'C35AT63570', 'T6', 1, 'None', 0, '2020-12-02 16:49:31', '2020-12-02 16:49:31'),
(1465, '3830T688BD', 'T6', 1, 'None', 0, '2020-12-02 16:49:31', '2020-12-02 16:49:31'),
(1466, '5255T6C148', 'T6', 1, 'None', 0, '2020-12-02 16:49:31', '2020-12-02 16:49:31'),
(1467, '1BC9T6C38D', 'T6', 1, 'None', 0, '2020-12-02 16:49:31', '2020-12-02 16:49:31'),
(1468, 'E168T6BB8B', 'T6', 1, 'None', 0, '2020-12-02 16:49:31', '2020-12-02 16:49:31'),
(1469, '9BD0T62C96', 'T6', 1, 'None', 0, '2020-12-02 16:49:31', '2020-12-02 16:49:31'),
(1470, '1E13T6FB0C', 'T6', 1, 'None', 0, '2020-12-02 16:49:31', '2020-12-02 16:49:31'),
(1471, '2937T6A7B1', 'T6', 1, 'None', 0, '2020-12-02 16:49:31', '2020-12-02 16:49:31'),
(1472, 'E421T6AF90', 'T6', 1, 'None', 0, '2020-12-02 16:49:31', '2020-12-02 16:49:31'),
(1473, '24F5T6229E', 'T6', 1, 'None', 0, '2020-12-02 16:49:31', '2020-12-02 16:49:31'),
(1474, 'AA8ET6D6A9', 'T6', 1, 'None', 0, '2020-12-02 16:49:32', '2020-12-02 16:49:32'),
(1475, 'E83DT6115D', 'T6', 1, 'None', 0, '2020-12-02 16:49:32', '2020-12-02 16:49:32'),
(1476, '8C48T6EEB2', 'T6', 1, 'None', 0, '2020-12-02 16:49:32', '2020-12-02 16:49:32'),
(1477, '9832T62901', 'T6', 1, 'None', 0, '2020-12-02 16:49:32', '2020-12-02 16:49:32'),
(1478, '840BT6C2AB', 'T6', 1, 'None', 0, '2020-12-02 16:49:32', '2020-12-02 16:49:32'),
(1479, 'CAFCT61BF5', 'T6', 1, 'None', 0, '2020-12-02 16:49:32', '2020-12-02 16:49:32'),
(1480, '89D3T6FFFB', 'T6', 1, 'None', 0, '2020-12-02 16:49:32', '2020-12-02 16:49:32'),
(1481, '4BEET668B3', 'T6', 1, 'None', 0, '2020-12-02 16:49:32', '2020-12-02 16:49:32'),
(1482, '1EBFT61178', 'T6', 1, 'None', 0, '2020-12-02 16:49:32', '2020-12-02 16:49:32'),
(1483, '53CAT6BCC2', 'T6', 1, 'None', 0, '2020-12-02 16:49:32', '2020-12-02 16:49:32'),
(1484, '79F2T61FE9', 'T6', 1, 'None', 0, '2020-12-02 16:49:32', '2020-12-02 16:49:32'),
(1485, 'D762T63CEF', 'T6', 1, 'None', 0, '2020-12-02 16:49:32', '2020-12-02 16:49:32'),
(1486, '8B80T6B2C9', 'T6', 1, 'None', 0, '2020-12-02 16:49:32', '2020-12-02 16:49:32'),
(1487, '289BT6A220', 'T6', 1, 'None', 0, '2020-12-02 16:49:32', '2020-12-02 16:49:32'),
(1488, 'E521T6A20A', 'T6', 1, 'None', 0, '2020-12-02 16:49:32', '2020-12-02 16:49:32'),
(1489, '8690T6947F', 'T6', 1, 'None', 0, '2020-12-02 16:49:32', '2020-12-02 16:49:32'),
(1490, 'E94CT65738', 'T6', 1, 'None', 0, '2020-12-02 16:49:32', '2020-12-02 16:49:32'),
(1491, '66ACT6B7DA', 'T6', 1, 'None', 0, '2020-12-02 16:49:32', '2020-12-02 16:49:32'),
(1492, 'CD18T6F573', 'T6', 1, 'None', 0, '2020-12-02 16:49:32', '2020-12-02 16:49:32'),
(1493, 'F617T745EE', 'T7', 1, 'None', 0, '2020-12-02 16:49:32', '2020-12-02 16:49:32'),
(1494, '833ET716CF', 'T7', 1, 'None', 0, '2020-12-02 16:49:32', '2020-12-02 16:49:32'),
(1495, '339CT7AE81', 'T7', 1, 'None', 0, '2020-12-02 16:49:32', '2020-12-02 16:49:32'),
(1496, 'D1ADT7F008', 'T7', 1, 'None', 0, '2020-12-02 16:49:32', '2020-12-02 16:49:32'),
(1497, '67E4T74060', 'T7', 1, 'None', 0, '2020-12-02 16:49:32', '2020-12-02 16:49:32'),
(1498, '9FEFT74A58', 'T7', 1, 'None', 0, '2020-12-02 16:49:32', '2020-12-02 16:49:32'),
(1499, 'B514T76262', 'T7', 1, 'None', 0, '2020-12-02 16:49:32', '2020-12-02 16:49:32'),
(1500, '3C85T7B1AA', 'T7', 1, 'None', 0, '2020-12-02 16:49:32', '2020-12-02 16:49:32'),
(1501, 'A584T7F628', 'T7', 1, 'None', 0, '2020-12-02 16:49:32', '2020-12-02 16:49:32'),
(1502, 'FBF9T72B61', 'T7', 1, 'None', 0, '2020-12-02 16:49:32', '2020-12-02 16:49:32'),
(1503, 'CE34T79D7A', 'T7', 1, 'None', 0, '2020-12-02 16:49:32', '2020-12-02 16:49:32'),
(1504, 'B67CT79D9A', 'T7', 1, 'None', 0, '2020-12-02 16:49:32', '2020-12-02 16:49:32'),
(1505, 'C2F9T732A9', 'T7', 1, 'None', 0, '2020-12-02 16:49:32', '2020-12-02 16:49:32'),
(1506, '8634T71CA7', 'T7', 1, 'None', 0, '2020-12-02 16:49:32', '2020-12-02 16:49:32'),
(1507, 'C873T75C0C', 'T7', 1, 'None', 0, '2020-12-02 16:49:32', '2020-12-02 16:49:32'),
(1508, '2A7FT7680D', 'T7', 1, 'None', 0, '2020-12-02 16:49:32', '2020-12-02 16:49:32'),
(1509, '9574T788C9', 'T7', 1, 'None', 0, '2020-12-02 16:49:32', '2020-12-02 16:49:32'),
(1510, 'DC97T75E7E', 'T7', 1, 'None', 0, '2020-12-02 16:49:32', '2020-12-02 16:49:32'),
(1511, '6504T795ED', 'T7', 1, 'None', 0, '2020-12-02 16:49:32', '2020-12-02 16:49:32'),
(1512, '5EE3T7B845', 'T7', 1, 'None', 0, '2020-12-02 16:49:32', '2020-12-02 16:49:32'),
(1513, '8A2CT765F6', 'T7', 1, 'None', 0, '2020-12-02 16:49:32', '2020-12-02 16:49:32'),
(1514, '2661T77A11', 'T7', 1, 'None', 0, '2020-12-02 16:49:32', '2020-12-02 16:49:32'),
(1515, '3DAAT76F27', 'T7', 1, 'None', 0, '2020-12-02 16:49:32', '2020-12-02 16:49:32'),
(1516, '86C1T7AEEF', 'T7', 1, 'None', 0, '2020-12-02 16:49:32', '2020-12-02 16:49:32'),
(1517, 'EB17T74A7C', 'T7', 1, 'None', 0, '2020-12-02 16:49:32', '2020-12-02 16:49:32'),
(1518, 'A27AT7C7A5', 'T7', 1, 'None', 0, '2020-12-02 16:49:32', '2020-12-02 16:49:32'),
(1519, 'D052T7D832', 'T7', 1, 'None', 0, '2020-12-02 16:49:32', '2020-12-02 16:49:32'),
(1520, 'D37AT7D613', 'T7', 1, 'None', 0, '2020-12-02 16:49:32', '2020-12-02 16:49:32'),
(1521, 'C985T764AB', 'T7', 1, 'None', 0, '2020-12-02 16:49:32', '2020-12-02 16:49:32'),
(1522, '65FET76605', 'T7', 1, 'None', 0, '2020-12-02 16:49:32', '2020-12-02 16:49:32'),
(1523, 'DE5FT7FF05', 'T7', 1, 'None', 0, '2020-12-02 16:49:32', '2020-12-02 16:49:32'),
(1524, 'C66CT76069', 'T7', 1, 'None', 0, '2020-12-02 16:49:32', '2020-12-02 16:49:32'),
(1525, '7A37T7A05E', 'T7', 1, 'None', 0, '2020-12-02 16:49:32', '2020-12-02 16:49:32'),
(1526, 'A329T77203', 'T7', 1, 'None', 0, '2020-12-02 16:49:32', '2020-12-02 16:49:32'),
(1527, '3D00T7B95F', 'T7', 1, 'None', 0, '2020-12-02 16:49:32', '2020-12-02 16:49:32'),
(1528, '57D3T78F0A', 'T7', 1, 'None', 0, '2020-12-02 16:49:32', '2020-12-02 16:49:32'),
(1529, 'DBBDT771E8', 'T7', 1, 'None', 0, '2020-12-02 16:49:32', '2020-12-02 16:49:32'),
(1530, '1ADET77FDD', 'T7', 1, 'None', 0, '2020-12-02 16:49:32', '2020-12-02 16:49:32'),
(1531, '81C4T74996', 'T7', 1, 'None', 0, '2020-12-02 16:49:32', '2020-12-02 16:49:32'),
(1532, '77AFT77246', 'T7', 1, 'None', 0, '2020-12-02 16:49:32', '2020-12-02 16:49:32'),
(1533, '67CAT7B202', 'T7', 1, 'None', 0, '2020-12-02 16:49:32', '2020-12-02 16:49:32'),
(1534, '337AT71D0C', 'T7', 1, 'None', 0, '2020-12-02 16:49:32', '2020-12-02 16:49:32'),
(1535, '531BT72F3B', 'T7', 1, 'None', 0, '2020-12-02 16:49:32', '2020-12-02 16:49:32'),
(1536, '4D27T7739A', 'T7', 1, 'None', 0, '2020-12-02 16:49:32', '2020-12-02 16:49:32'),
(1537, 'CB72T78B40', 'T7', 1, 'None', 0, '2020-12-02 16:49:32', '2020-12-02 16:49:32'),
(1538, '3846T7C792', 'T7', 1, 'None', 0, '2020-12-02 16:49:32', '2020-12-02 16:49:32'),
(1539, '1513T7D4F0', 'T7', 1, 'None', 0, '2020-12-02 16:49:32', '2020-12-02 16:49:32'),
(1540, '3B5AT7C852', 'T7', 1, 'None', 0, '2020-12-02 16:49:32', '2020-12-02 16:49:32'),
(1541, 'AD7CT76304', 'T7', 1, 'None', 0, '2020-12-02 16:49:32', '2020-12-02 16:49:32'),
(1542, 'A9A9T7A031', 'T7', 1, 'None', 0, '2020-12-02 16:49:32', '2020-12-02 16:49:32'),
(1543, '2AC5T732BB', 'T7', 1, 'None', 0, '2020-12-02 16:49:32', '2020-12-02 16:49:32'),
(1544, '9A46T76B1D', 'T7', 1, 'None', 0, '2020-12-02 16:49:32', '2020-12-02 16:49:32'),
(1545, '3D3FT78876', 'T7', 1, 'None', 0, '2020-12-02 16:49:32', '2020-12-02 16:49:32'),
(1546, 'F57DT76251', 'T7', 1, 'None', 0, '2020-12-02 16:49:32', '2020-12-02 16:49:32'),
(1547, '3FA2T72963', 'T7', 1, 'None', 0, '2020-12-02 16:49:32', '2020-12-02 16:49:32'),
(1548, '71B6T74495', 'T7', 1, 'None', 0, '2020-12-02 16:49:32', '2020-12-02 16:49:32'),
(1549, '9903T73AC8', 'T7', 1, 'None', 0, '2020-12-02 16:49:32', '2020-12-02 16:49:32'),
(1550, '2E01T7FD77', 'T7', 1, 'None', 0, '2020-12-02 16:49:32', '2020-12-02 16:49:32'),
(1551, 'D0E0T7B481', 'T7', 1, 'None', 0, '2020-12-02 16:49:32', '2020-12-02 16:49:32'),
(1552, 'FF28T78220', 'T7', 1, 'None', 0, '2020-12-02 16:49:32', '2020-12-02 16:49:32'),
(1553, 'A3DET74DFB', 'T7', 1, 'None', 0, '2020-12-02 16:49:32', '2020-12-02 16:49:32'),
(1554, 'EA66T7990F', 'T7', 1, 'None', 0, '2020-12-02 16:49:32', '2020-12-02 16:49:32'),
(1555, 'F2E1T73620', 'T7', 1, 'None', 0, '2020-12-02 16:49:32', '2020-12-02 16:49:32'),
(1556, 'C75DT71183', 'T7', 1, 'None', 0, '2020-12-02 16:49:32', '2020-12-02 16:49:32'),
(1557, 'DC13T76051', 'T7', 1, 'None', 0, '2020-12-02 16:49:32', '2020-12-02 16:49:32'),
(1558, '6C01T728A9', 'T7', 1, 'None', 0, '2020-12-02 16:49:32', '2020-12-02 16:49:32'),
(1559, 'A3E4T71B36', 'T7', 1, 'None', 0, '2020-12-02 16:49:32', '2020-12-02 16:49:32'),
(1560, '3077T7DA9A', 'T7', 1, 'None', 0, '2020-12-02 16:49:32', '2020-12-02 16:49:32'),
(1561, '6223T7D5FB', 'T7', 1, 'None', 0, '2020-12-02 16:49:32', '2020-12-02 16:49:32'),
(1562, '1A37T7EE0F', 'T7', 1, 'None', 0, '2020-12-02 16:49:32', '2020-12-02 16:49:32'),
(1563, '51AFT75387', 'T7', 1, 'None', 0, '2020-12-02 16:49:32', '2020-12-02 16:49:32'),
(1564, '98B3T73A24', 'T7', 1, 'None', 0, '2020-12-02 16:49:32', '2020-12-02 16:49:32'),
(1565, '3F9AT76833', 'T7', 1, 'None', 0, '2020-12-02 16:49:32', '2020-12-02 16:49:32'),
(1566, 'A14FT7F8D6', 'T7', 1, 'None', 0, '2020-12-02 16:49:32', '2020-12-02 16:49:32'),
(1567, '7915T7FCD7', 'T7', 1, 'None', 0, '2020-12-02 16:49:32', '2020-12-02 16:49:32'),
(1568, '19F7T72E3A', 'T7', 1, 'None', 0, '2020-12-02 16:49:32', '2020-12-02 16:49:32'),
(1569, '7973T75AD3', 'T7', 1, 'None', 0, '2020-12-02 16:49:32', '2020-12-02 16:49:32'),
(1570, 'AF27T718B7', 'T7', 1, 'None', 0, '2020-12-02 16:49:32', '2020-12-02 16:49:32'),
(1571, '9328T757D4', 'T7', 1, 'None', 0, '2020-12-02 16:49:32', '2020-12-02 16:49:32'),
(1572, '5BE9T7F2DB', 'T7', 1, 'None', 0, '2020-12-02 16:49:32', '2020-12-02 16:49:32'),
(1573, 'EF8CT76FE3', 'T7', 1, 'None', 0, '2020-12-02 16:49:32', '2020-12-02 16:49:32'),
(1574, '1C9CT720C3', 'T7', 1, 'None', 0, '2020-12-02 16:49:32', '2020-12-02 16:49:32'),
(1575, '933DT73564', 'T7', 1, 'None', 0, '2020-12-02 16:49:32', '2020-12-02 16:49:32'),
(1576, '2A77T761BC', 'T7', 1, 'None', 0, '2020-12-02 16:49:32', '2020-12-02 16:49:32'),
(1577, 'E67DT7604E', 'T7', 1, 'None', 0, '2020-12-02 16:49:32', '2020-12-02 16:49:32'),
(1578, 'AF06T7D29C', 'T7', 1, 'None', 0, '2020-12-02 16:49:32', '2020-12-02 16:49:32'),
(1579, '6F32T7466B', 'T7', 1, 'None', 0, '2020-12-02 16:49:32', '2020-12-02 16:49:32'),
(1580, 'AC93T7180A', 'T7', 1, 'None', 0, '2020-12-02 16:49:32', '2020-12-02 16:49:32'),
(1581, '3990T79E51', 'T7', 1, 'None', 0, '2020-12-02 16:49:32', '2020-12-02 16:49:32'),
(1582, '6C7BT7B8BD', 'T7', 1, 'None', 0, '2020-12-02 16:49:32', '2020-12-02 16:49:32'),
(1583, 'FABCT795F1', 'T7', 1, 'None', 0, '2020-12-02 16:49:32', '2020-12-02 16:49:32'),
(1584, '25EFT77A0D', 'T7', 1, 'None', 0, '2020-12-02 16:49:32', '2020-12-02 16:49:32'),
(1585, 'D648T731DD', 'T7', 1, 'None', 0, '2020-12-02 16:49:32', '2020-12-02 16:49:32'),
(1586, '99CFT72FC9', 'T7', 1, 'None', 0, '2020-12-02 16:49:32', '2020-12-02 16:49:32'),
(1587, '6D7DT7D343', 'T7', 1, 'None', 0, '2020-12-02 16:49:32', '2020-12-02 16:49:32'),
(1588, '1BAFT7C0BD', 'T7', 1, 'None', 0, '2020-12-02 16:49:32', '2020-12-02 16:49:32'),
(1589, '72FFT73ACD', 'T7', 1, 'None', 0, '2020-12-02 16:49:32', '2020-12-02 16:49:32'),
(1590, 'F264T7362D', 'T7', 1, 'None', 0, '2020-12-02 16:49:32', '2020-12-02 16:49:32'),
(1591, 'FD91T7F933', 'T7', 1, 'None', 0, '2020-12-02 16:49:32', '2020-12-02 16:49:32'),
(1592, 'FC37T72EC1', 'T7', 1, 'None', 0, '2020-12-02 16:49:32', '2020-12-02 16:49:32'),
(1593, '4557T8E1C6', 'T8', 1, 'None', 0, '2020-12-02 16:49:32', '2020-12-02 16:49:32'),
(1594, '4743T867EC', 'T8', 1, 'None', 0, '2020-12-02 16:49:32', '2020-12-02 16:49:32'),
(1595, '9E4ET82423', 'T8', 1, 'None', 0, '2020-12-02 16:49:32', '2020-12-02 16:49:32'),
(1596, 'F73FT89AE8', 'T8', 1, 'None', 0, '2020-12-02 16:49:32', '2020-12-02 16:49:32'),
(1597, '3BD4T81BC0', 'T8', 1, 'None', 0, '2020-12-02 16:49:32', '2020-12-02 16:49:32'),
(1598, '5839T8BEAC', 'T8', 1, 'None', 0, '2020-12-02 16:49:32', '2020-12-02 16:49:32'),
(1599, '4B8CT816AA', 'T8', 1, 'None', 0, '2020-12-02 16:49:32', '2020-12-02 16:49:32'),
(1600, 'A770T8E63A', 'T8', 1, 'None', 0, '2020-12-02 16:49:32', '2020-12-02 16:49:32'),
(1601, 'CBB7T89ECD', 'T8', 1, 'None', 0, '2020-12-02 16:49:32', '2020-12-02 16:49:32'),
(1602, '7097T82871', 'T8', 1, 'None', 0, '2020-12-02 16:49:32', '2020-12-02 16:49:32'),
(1603, '2DC5T86376', 'T8', 1, 'None', 0, '2020-12-02 16:49:32', '2020-12-02 16:49:32'),
(1604, '1560T8BE66', 'T8', 1, 'None', 0, '2020-12-02 16:49:32', '2020-12-02 16:49:32'),
(1605, '248ET87475', 'T8', 1, 'None', 0, '2020-12-02 16:49:32', '2020-12-02 16:49:32'),
(1606, 'E21DT8BEAC', 'T8', 1, 'None', 0, '2020-12-02 16:49:32', '2020-12-02 16:49:32'),
(1607, 'C0E8T8E930', 'T8', 1, 'None', 0, '2020-12-02 16:49:32', '2020-12-02 16:49:32'),
(1608, 'B4FFT8B502', 'T8', 1, 'None', 0, '2020-12-02 16:49:32', '2020-12-02 16:49:32'),
(1609, '804BT8104E', 'T8', 1, 'None', 0, '2020-12-02 16:49:32', '2020-12-02 16:49:32'),
(1610, '2158T86521', 'T8', 1, 'None', 0, '2020-12-02 16:49:32', '2020-12-02 16:49:32'),
(1611, 'AD66T87E1F', 'T8', 1, 'None', 0, '2020-12-02 16:49:32', '2020-12-02 16:49:32'),
(1612, '3BECT8BB27', 'T8', 1, 'None', 0, '2020-12-02 16:49:32', '2020-12-02 16:49:32'),
(1613, '2771T8A832', 'T8', 1, 'None', 0, '2020-12-02 16:49:32', '2020-12-02 16:49:32'),
(1614, 'FAD6T881A0', 'T8', 1, 'None', 0, '2020-12-02 16:49:32', '2020-12-02 16:49:32'),
(1615, '89C9T871F8', 'T8', 1, 'None', 0, '2020-12-02 16:49:32', '2020-12-02 16:49:32'),
(1616, 'AC00T8EF4E', 'T8', 1, 'None', 0, '2020-12-02 16:49:32', '2020-12-02 16:49:32'),
(1617, '34B5T881FA', 'T8', 1, 'None', 0, '2020-12-02 16:49:32', '2020-12-02 16:49:32'),
(1618, 'AB28T8FB95', 'T8', 1, 'None', 0, '2020-12-02 16:49:32', '2020-12-02 16:49:32'),
(1619, '276FT884BD', 'T8', 1, 'None', 0, '2020-12-02 16:49:32', '2020-12-02 16:49:32'),
(1620, '6461T83D74', 'T8', 1, 'None', 0, '2020-12-02 16:49:32', '2020-12-02 16:49:32'),
(1621, '231AT8D57E', 'T8', 1, 'None', 0, '2020-12-02 16:49:32', '2020-12-02 16:49:32'),
(1622, '5DDET8D011', 'T8', 1, 'None', 0, '2020-12-02 16:49:32', '2020-12-02 16:49:32'),
(1623, 'AA75T8F729', 'T8', 1, 'None', 0, '2020-12-02 16:49:32', '2020-12-02 16:49:32'),
(1624, 'B102T8EC5C', 'T8', 1, 'None', 0, '2020-12-02 16:49:32', '2020-12-02 16:49:32'),
(1625, 'E0C6T8AFB9', 'T8', 1, 'None', 0, '2020-12-02 16:49:32', '2020-12-02 16:49:32'),
(1626, 'D094T881DD', 'T8', 1, 'None', 0, '2020-12-02 16:49:32', '2020-12-02 16:49:32'),
(1627, 'E443T8EF39', 'T8', 1, 'None', 0, '2020-12-02 16:49:32', '2020-12-02 16:49:32'),
(1628, '6D6DT8E6A2', 'T8', 1, 'None', 0, '2020-12-02 16:49:32', '2020-12-02 16:49:32'),
(1629, '5FA7T8FE83', 'T8', 1, 'None', 0, '2020-12-02 16:49:32', '2020-12-02 16:49:32'),
(1630, '58D2T858A4', 'T8', 1, 'None', 0, '2020-12-02 16:49:32', '2020-12-02 16:49:32'),
(1631, '5048T830E7', 'T8', 1, 'None', 0, '2020-12-02 16:49:32', '2020-12-02 16:49:32'),
(1632, '9365T84385', 'T8', 1, 'None', 0, '2020-12-02 16:49:32', '2020-12-02 16:49:32'),
(1633, '5ECDT8FB9F', 'T8', 1, 'None', 0, '2020-12-02 16:49:32', '2020-12-02 16:49:32'),
(1634, '1F24T88B7E', 'T8', 1, 'None', 0, '2020-12-02 16:49:32', '2020-12-02 16:49:32'),
(1635, 'AAF7T81C73', 'T8', 1, 'None', 0, '2020-12-02 16:49:32', '2020-12-02 16:49:32'),
(1636, '8CC8T8A1C1', 'T8', 1, 'None', 0, '2020-12-02 16:49:33', '2020-12-02 16:49:33'),
(1637, '7ED3T888B7', 'T8', 1, 'None', 0, '2020-12-02 16:49:33', '2020-12-02 16:49:33'),
(1638, '16D9T8931D', 'T8', 1, 'None', 0, '2020-12-02 16:49:33', '2020-12-02 16:49:33'),
(1639, 'A02AT84CA5', 'T8', 1, 'None', 0, '2020-12-02 16:49:33', '2020-12-02 16:49:33'),
(1640, '5280T8EA4B', 'T8', 1, 'None', 0, '2020-12-02 16:49:33', '2020-12-02 16:49:33'),
(1641, '18A3T8FAB0', 'T8', 1, 'None', 0, '2020-12-02 16:49:33', '2020-12-02 16:49:33'),
(1642, '2120T85BEE', 'T8', 1, 'None', 0, '2020-12-02 16:49:33', '2020-12-02 16:49:33'),
(1643, '5963T8AD13', 'T8', 1, 'None', 0, '2020-12-02 16:49:33', '2020-12-02 16:49:33'),
(1644, '3CFDT88858', 'T8', 1, 'None', 0, '2020-12-02 16:49:33', '2020-12-02 16:49:33'),
(1645, '4739T8B271', 'T8', 1, 'None', 0, '2020-12-02 16:49:33', '2020-12-02 16:49:33'),
(1646, '5305T8126A', 'T8', 1, 'None', 0, '2020-12-02 16:49:33', '2020-12-02 16:49:33'),
(1647, '44F3T8BDD8', 'T8', 1, 'None', 0, '2020-12-02 16:49:33', '2020-12-02 16:49:33'),
(1648, 'C695T87786', 'T8', 1, 'None', 0, '2020-12-02 16:49:33', '2020-12-02 16:49:33'),
(1649, 'F6E3T8E9F0', 'T8', 1, 'None', 0, '2020-12-02 16:49:33', '2020-12-02 16:49:33'),
(1650, '1A61T867F6', 'T8', 1, 'None', 0, '2020-12-02 16:49:33', '2020-12-02 16:49:33'),
(1651, 'E078T82596', 'T8', 1, 'None', 0, '2020-12-02 16:49:33', '2020-12-02 16:49:33'),
(1652, '2F90T8454C', 'T8', 1, 'None', 0, '2020-12-02 16:49:33', '2020-12-02 16:49:33'),
(1653, 'B21BT878ED', 'T8', 1, 'None', 0, '2020-12-02 16:49:33', '2020-12-02 16:49:33'),
(1654, '2D0DT8CB9C', 'T8', 1, 'None', 0, '2020-12-02 16:49:33', '2020-12-02 16:49:33'),
(1655, 'B61DT8FCDB', 'T8', 1, 'None', 0, '2020-12-02 16:49:33', '2020-12-02 16:49:33'),
(1656, 'E008T873A6', 'T8', 1, 'None', 0, '2020-12-02 16:49:33', '2020-12-02 16:49:33'),
(1657, 'D32CT8A09B', 'T8', 1, 'None', 0, '2020-12-02 16:49:33', '2020-12-02 16:49:33'),
(1658, '5163T8D15A', 'T8', 1, 'None', 0, '2020-12-02 16:49:33', '2020-12-02 16:49:33'),
(1659, '228DT871EC', 'T8', 1, 'None', 0, '2020-12-02 16:49:33', '2020-12-02 16:49:33'),
(1660, 'B6C8T89F79', 'T8', 1, 'None', 0, '2020-12-02 16:49:33', '2020-12-02 16:49:33'),
(1661, '97CBT87F55', 'T8', 1, 'None', 0, '2020-12-02 16:49:33', '2020-12-02 16:49:33'),
(1662, 'DFC4T8A9D0', 'T8', 1, 'None', 0, '2020-12-02 16:49:33', '2020-12-02 16:49:33'),
(1663, 'CEE5T886A7', 'T8', 1, 'None', 0, '2020-12-02 16:49:33', '2020-12-02 16:49:33'),
(1664, '1174T817A5', 'T8', 1, 'None', 0, '2020-12-02 16:49:33', '2020-12-02 16:49:33'),
(1665, '52C8T8ABBF', 'T8', 1, 'None', 0, '2020-12-02 16:49:33', '2020-12-02 16:49:33'),
(1666, 'CB75T86909', 'T8', 1, 'None', 0, '2020-12-02 16:49:33', '2020-12-02 16:49:33'),
(1667, 'FCC9T8C971', 'T8', 1, 'None', 0, '2020-12-02 16:49:33', '2020-12-02 16:49:33'),
(1668, '6965T8C0E5', 'T8', 1, 'None', 0, '2020-12-02 16:49:33', '2020-12-02 16:49:33'),
(1669, '5286T8EC86', 'T8', 1, 'None', 0, '2020-12-02 16:49:33', '2020-12-02 16:49:33'),
(1670, '1405T8D4C1', 'T8', 1, 'None', 0, '2020-12-02 16:49:33', '2020-12-02 16:49:33'),
(1671, 'DD82T86F63', 'T8', 1, 'None', 0, '2020-12-02 16:49:33', '2020-12-02 16:49:33'),
(1672, 'FDE5T8BF61', 'T8', 1, 'None', 0, '2020-12-02 16:49:33', '2020-12-02 16:49:33'),
(1673, '3ABBT81BAF', 'T8', 1, 'None', 0, '2020-12-02 16:49:33', '2020-12-02 16:49:33'),
(1674, 'DC47T8ED0A', 'T8', 1, 'None', 0, '2020-12-02 16:49:33', '2020-12-02 16:49:33'),
(1675, '2962T89058', 'T8', 1, 'None', 0, '2020-12-02 16:49:33', '2020-12-02 16:49:33'),
(1676, 'EC17T88425', 'T8', 1, 'None', 0, '2020-12-02 16:49:33', '2020-12-02 16:49:33'),
(1677, 'FF70T83C63', 'T8', 1, 'None', 0, '2020-12-02 16:49:33', '2020-12-02 16:49:33'),
(1678, 'EDE4T845D2', 'T8', 1, 'None', 0, '2020-12-02 16:49:33', '2020-12-02 16:49:33'),
(1679, 'F1A1T84DED', 'T8', 1, 'None', 0, '2020-12-02 16:49:33', '2020-12-02 16:49:33'),
(1680, 'B722T8AD3E', 'T8', 1, 'None', 0, '2020-12-02 16:49:33', '2020-12-02 16:49:33'),
(1681, '6CA4T8D637', 'T8', 1, 'None', 0, '2020-12-02 16:49:33', '2020-12-02 16:49:33'),
(1682, '1E84T82A53', 'T8', 1, 'None', 0, '2020-12-02 16:49:33', '2020-12-02 16:49:33'),
(1683, '3050T8CCB5', 'T8', 1, 'None', 0, '2020-12-02 16:49:33', '2020-12-02 16:49:33'),
(1684, '18E1T8CF03', 'T8', 1, 'None', 0, '2020-12-02 16:49:33', '2020-12-02 16:49:33'),
(1685, '21FCT8387D', 'T8', 1, 'None', 0, '2020-12-02 16:49:33', '2020-12-02 16:49:33'),
(1686, '5CE3T88168', 'T8', 1, 'None', 0, '2020-12-02 16:49:33', '2020-12-02 16:49:33'),
(1687, '23A9T87CAE', 'T8', 1, 'None', 0, '2020-12-02 16:49:33', '2020-12-02 16:49:33'),
(1688, '7C09T8C7D5', 'T8', 1, 'None', 0, '2020-12-02 16:49:33', '2020-12-02 16:49:33'),
(1689, 'A46DT8E960', 'T8', 1, 'None', 0, '2020-12-02 16:49:33', '2020-12-02 16:49:33'),
(1690, '8EDDT86B65', 'T8', 1, 'None', 0, '2020-12-02 16:49:33', '2020-12-02 16:49:33'),
(1691, '8E5AT8B8C9', 'T8', 1, 'None', 0, '2020-12-02 16:49:33', '2020-12-02 16:49:33'),
(1692, 'B3AAT84D5D', 'T8', 1, 'None', 0, '2020-12-02 16:49:33', '2020-12-02 16:49:33');

-- --------------------------------------------------------

--
-- Table structure for table `imei`
--

CREATE TABLE `imei` (
  `id` int(11) NOT NULL,
  `imei_four_digit` varchar(255) NOT NULL,
  `imei_full` varchar(255) NOT NULL
) ENGINE=InnoDB DEFAULT CHARSET=utf8mb4;

--
-- Dumping data for table `imei`
--

INSERT INTO `imei` (`id`, `imei_four_digit`, `imei_full`) VALUES
(1, '2345', '123456789012345'),
(2, '2341', '123456789012341'),
(3, '9874', '123456789069874'),
(4, '1545', '915020781721545');

-- --------------------------------------------------------

--
-- Table structure for table `imeis`
--

CREATE TABLE `imeis` (
  `id` bigint(20) UNSIGNED NOT NULL,
  `imei` varchar(191) COLLATE utf8mb4_unicode_ci NOT NULL,
  `model` varchar(191) COLLATE utf8mb4_unicode_ci NOT NULL,
  `device_price` varchar(191) COLLATE utf8mb4_unicode_ci NOT NULL,
  `status` int(11) NOT NULL,
  `sale_date` varchar(191) COLLATE utf8mb4_unicode_ci NOT NULL,
  `sale_by` int(11) NOT NULL,
  `created_at` timestamp NULL DEFAULT NULL,
  `updated_at` timestamp NULL DEFAULT NULL
) ENGINE=InnoDB DEFAULT CHARSET=utf8mb4 COLLATE=utf8mb4_unicode_ci;

--
-- Dumping data for table `imeis`
--

INSERT INTO `imeis` (`id`, `imei`, `model`, `device_price`, `status`, `sale_date`, `sale_by`, `created_at`, `updated_at`) VALUES
(1, '918523383627751', 'Nokia C3', '7000', 3, '2020-09-14 15:30:08', 1, '2020-09-14 07:06:59', '2020-09-14 09:30:08'),
(2, '985595999374869', 'Nokia C2 Tava', '12000', 1, 'None', 0, '2020-09-14 07:06:59', '2020-09-14 08:38:01'),
(3, '495713598395218', 'Redmi note 3', '35000', 1, 'None', 0, '2020-09-14 07:06:59', '2020-09-14 08:38:01'),
(4, '981224473337458', 'Mate 20', '20000', 1, 'None', 0, '2020-09-14 07:06:59', '2020-09-14 08:38:01'),
(5, '512524736974379', 'Mate 8', '15000', 1, 'None', 0, '2020-09-14 07:06:59', '2020-09-14 08:38:01'),
(6, '496487168387363', 'Samsung M20', '14990', 1, 'None', 0, '2020-09-14 07:06:59', '2020-09-14 08:38:01'),
(7, '537317725414387', 'Realme450', '25000', 1, 'None', 0, '2020-09-14 07:06:59', '2020-09-14 07:06:59'),
(8, '860373656907128', 'Walton', '20000', 3, '2020-09-15 04:20:20', 1, '2020-09-14 07:06:59', '2020-09-14 22:20:20');

-- --------------------------------------------------------

--
-- Table structure for table `import_exports`
--

CREATE TABLE `import_exports` (
  `id` bigint(20) UNSIGNED NOT NULL,
  `SN` varchar(191) COLLATE utf8mb4_unicode_ci NOT NULL,
  `Variable_code` varchar(191) COLLATE utf8mb4_unicode_ci NOT NULL,
  `Industry_aggregation_NZSIOC` varchar(191) COLLATE utf8mb4_unicode_ci NOT NULL,
  `Industry_code_NZSIOC` varchar(191) COLLATE utf8mb4_unicode_ci NOT NULL,
  `Industry_name_NZSIOC` varchar(191) COLLATE utf8mb4_unicode_ci NOT NULL,
  `Units` varchar(191) COLLATE utf8mb4_unicode_ci NOT NULL,
  `Year` varchar(191) COLLATE utf8mb4_unicode_ci NOT NULL,
  `Variable_name` varchar(191) COLLATE utf8mb4_unicode_ci NOT NULL,
  `Variable_category` varchar(191) COLLATE utf8mb4_unicode_ci NOT NULL,
  `Value` varchar(191) COLLATE utf8mb4_unicode_ci NOT NULL,
  `Industry_code_ANZSIC06` varchar(191) COLLATE utf8mb4_unicode_ci NOT NULL,
  `created_at` timestamp NULL DEFAULT NULL,
  `updated_at` timestamp NULL DEFAULT NULL
) ENGINE=InnoDB DEFAULT CHARSET=utf8mb4 COLLATE=utf8mb4_unicode_ci;

-- --------------------------------------------------------

--
-- Table structure for table `migrations`
--

CREATE TABLE `migrations` (
  `id` int(10) UNSIGNED NOT NULL,
  `migration` varchar(191) COLLATE utf8mb4_unicode_ci NOT NULL,
  `batch` int(11) NOT NULL
) ENGINE=InnoDB DEFAULT CHARSET=utf8mb4 COLLATE=utf8mb4_unicode_ci;

--
-- Dumping data for table `migrations`
--

INSERT INTO `migrations` (`id`, `migration`, `batch`) VALUES
(35, '2014_10_12_000000_create_users_table', 1),
(36, '2014_10_12_100000_create_password_resets_table', 1),
(37, '2019_08_19_000000_create_failed_jobs_table', 1),
(38, '2020_03_10_052332_laratrust_setup_tables', 1),
(41, '2020_03_12_090924_create_import_exports_table', 1),
(42, '2020_03_15_080257_create_reports_table', 1),
(52, '2020_03_12_042445_create_outlets_table', 7),
(54, '2020_03_18_182901_create_fscodes_table', 8),
(59, '2020_04_13_215947_create_files_table', 10),
(61, '2020_03_18_090120_create_service_histories_table', 12),
(63, '2020_06_14_210308_create_receive_delivery_histories_table', 14),
(69, '2020_03_10_110050_create_sales_table', 17),
(72, '2020_09_14_044338_create_imeis_table', 19),
(73, '2020_05_13_190853_create_tiers_table', 20),
(74, '2020_06_10_094024_create_phone_models_table', 20);

-- --------------------------------------------------------

--
-- Table structure for table `outlets`
--

CREATE TABLE `outlets` (
  `id` bigint(20) UNSIGNED NOT NULL,
  `store_code` varchar(191) COLLATE utf8mb4_unicode_ci NOT NULL,
  `store_name` varchar(191) COLLATE utf8mb4_unicode_ci NOT NULL,
  `address` varchar(191) COLLATE utf8mb4_unicode_ci NOT NULL,
  `district` varchar(191) COLLATE utf8mb4_unicode_ci NOT NULL,
  `area` varchar(191) COLLATE utf8mb4_unicode_ci DEFAULT NULL,
  `contact_details` varchar(191) COLLATE utf8mb4_unicode_ci NOT NULL,
  `created_at` timestamp NULL DEFAULT NULL,
  `updated_at` timestamp NULL DEFAULT NULL
) ENGINE=InnoDB DEFAULT CHARSET=utf8mb4 COLLATE=utf8mb4_unicode_ci;

--
-- Dumping data for table `outlets`
--

INSERT INTO `outlets` (`id`, `store_code`, `store_name`, `address`, `district`, `area`, `contact_details`, `created_at`, `updated_at`) VALUES
(203, '0001', 'ASC_BCT', 'Shop: 19-22, Block-B, Level-3, Bashundhara City Shopping Complex, Panthapath, Dhaka-1205', 'Dhaka-Bashundhara City.', NULL, '01313002600', '2020-12-01 04:06:22', '2020-12-01 04:06:22'),
(204, '0002', 'ASC_BOG', 'Al-Amin Complex 3rd floor( old krishi bank), Beside of Altaf Ali Market,In front of Police Fari, Nowab Bari Road, Bogra.', 'Bogra', NULL, '01313002605', '2020-12-01 04:06:22', '2020-12-01 04:06:22'),
(205, '0003', 'ASC_BSL', '121, Sadar Road, 3rd Floor, Bir Srestha Captain Mohiuddin Jahangir Road, Barisal', 'Barisal', NULL, '01708488727', '2020-12-01 04:06:23', '2020-12-01 04:06:23'),
(206, '0004', 'ASC_COM', 'Hemonto Tower (2nd Floor), Nazrul Avenue, Kandirpar, Ranibazar Road, Comilla.', 'Comilla', NULL, '01313002604', '2020-12-01 04:06:23', '2020-12-01 04:06:23'),
(207, '0005', 'ASC_CTG', 'Faruk Chamber, 3rd Floor, 1403, Sk. Mujib Road , Chowmuhoni, Chittagong.', 'Chittagong', NULL, '01708488723', '2020-12-01 04:06:23', '2020-12-01 04:06:23'),
(208, '0006', 'ASC_GAZ', 'Bhawal Point Center (3rd Floor), Shop: 23-25, Gazipur Chowrasta, Gazipur Sadar Upazila, Dhaka.', 'Dhaka-Gazipur', NULL, '01313002603', '2020-12-01 04:06:23', '2020-12-01 04:06:23'),
(209, '0007', 'ASC_KHL', '17, KDA Avenue, Seikh para main road, Tetultala More, Opposite of State Bank of India, Khulna-9100', 'Khulna', NULL, '01313002607', '2020-12-01 04:06:23', '2020-12-01 04:06:23'),
(210, '0008', 'ASC_MOT', '56/1, Baitul View Tower, Shop 602-602, 5th Floor, Old Paltan (Opposite of Baitul Mokaram Mosque North Gate), Dhaka-1000.', 'Dhaka- Motijheel', NULL, '01313002601', '2020-12-01 04:06:23', '2020-12-01 04:06:23'),
(211, '0009', 'ASC_MPR', 'Promise Tower (Opposite of Fire Service), 3rd Floor,Section-06, Plot-23, Main Road-01, Mirpur-02', 'Dhaka-Mirpur', NULL, '01708488761', '2020-12-01 04:06:23', '2020-12-01 04:06:23'),
(212, '0010', 'ASC_MYM', 'Rekha Complex(2nd Floor) 90, C.K Ghosh Road, Mymensingh', 'Mymensingh', NULL, '01708488731', '2020-12-01 04:06:23', '2020-12-01 04:06:23'),
(213, '0011', 'ASC_NRG', 'Fazar Ali Trade Center (2nd floor), 78, Bangabondhu Road (2 no. rail gate), Narayangonj-1400', 'Dhaka-Narayangonj', NULL, '01313002602', '2020-12-01 04:06:23', '2020-12-01 04:06:23'),
(214, '0012', 'ASC_RAJ', 'D.M Vaban, (Opposite of Rajshahi Chamber House) 3rd Floor, 87, Aloker Circle, New Market Road', 'Rajshahi', NULL, '01708488729', '2020-12-01 04:06:23', '2020-12-01 04:06:23'),
(215, '0013', 'ASC_RGN', 'House No. - 123, Shah Bhaban, 2nd Floor, Station Road, Grand Hotel Circle,Kotuwali, Rangpur - 5400', 'Rangpur', NULL, '01704117235', '2020-12-01 04:06:23', '2020-12-01 04:06:23'),
(216, '0014', 'ASC_SVR', 'MK Tower, Level 5, 42, Shaibagh, Shimul Toli, Savar', 'Dhaka-Savar', NULL, '01708488725', '2020-12-01 04:06:24', '2020-12-01 04:06:24'),
(217, '0015', 'ASC_SYL', 'RB Complex, 2nd floor, Union Bank Building, Beside Woondal Restaurant and Hotel Golden City, East Zindabazar, Sylhet 3100.', 'Sylhet', NULL, '01313002606', '2020-12-01 04:06:24', '2020-12-01 04:06:24'),
(218, '0016', 'ASC_TNG', 'Talukdar Market (Opposite of Fire Service), 2nd Floor, Old Bus Stand, Tangail', 'Tangail', NULL, '01313002608', '2020-12-01 04:06:24', '2020-12-01 04:06:24'),
(219, '0017', 'ASC_UTT', 'Shop -24, 25, Polwel Carnation Shopping Centre, Level-07, Abdullahpur, Uttara, Dhaka, Bangladesh', 'Dhaka-Uttara', NULL, '01708488720', '2020-12-01 04:06:24', '2020-12-01 04:06:24'),
(220, '0018', 'Huawei Experience Store-MI Telecom', 'Shop No-A22,(Ground Floor),Alo Shopping Complex,Main Road,Teknaf,Coxs Bazar', 'CTG', NULL, '01832303775', '2020-12-01 04:06:24', '2020-12-01 04:06:24'),
(221, '0019', 'J.Alam International', 'Shop No#450,3rd floor,Twin Tower Concord Shopping Complex,Chamelibag,Shantinagar,Dhaka-1217', 'DHK-S', NULL, '01716664902', '2020-12-01 04:06:24', '2020-12-01 04:06:24'),
(222, '0020', 'Digitron', '107/A, Mascot Plaza,Sonargaon Janapath,Sector-7,Uttara', 'DHK-N', NULL, '01933423899', '2020-12-01 04:06:24', '2020-12-01 04:06:24'),
(223, '0021', 'EERNA 07 - Multiplan Centre', 'Shop No 734,735,736,737,Multiplan center,New Elephant Road', 'DHK-S', NULL, '01730354899', '2020-12-01 04:06:24', '2020-12-01 04:06:24'),
(224, '0022', 'EERNA 09 - Banani', 'Safura Tower (Ground Floor)', 'DHK-N', NULL, '01777734219', '2020-12-01 04:06:24', '2020-12-01 04:06:24'),
(225, '0023', 'EERNA 10 - Head Office', 'Jahir Smart Tower, 205/1-205/1/A,Begum Rokeya Sharani,Mirpur,Dhaka', 'DHK-N', NULL, '01761522638', '2020-12-01 04:06:25', '2020-12-01 04:06:25'),
(226, '0024', 'Nur Smart Shop(HES)-Comilla', 'Ground Floor, Jhawtala opposite grameenphone center,Kotowali Thana,Cumilla,Chattagram', 'CTG', NULL, '01727745867', '2020-12-01 04:06:25', '2020-12-01 04:06:25'),
(227, '0025', 'Wave Telecom', 'Ground Floor,New Market,Holding No.0854-00,Bonggobondhu Road,Thakurgaon,Rangpur', 'RAJ', NULL, '01774702233', '2020-12-01 04:06:25', '2020-12-01 04:06:25'),
(228, '0026', 'EERNA 06 - HES Savar', 'Shop#3025,Level#03,Savar City Center,Savar,Dhaka', 'DHK-N', NULL, '01760533613', '2020-12-01 04:06:25', '2020-12-01 04:06:25'),
(229, '0027', 'EERNA 13 - Z.H Telecom', 'Ground Floor,Holding No.242/A,Greater Road,Boalia,Rajshahi', 'RAJ', NULL, '01711270786', '2020-12-01 04:06:25', '2020-12-01 04:06:25'),
(230, '0028', 'EERNA 11 - DS Gallery 2', 'Ground Floor,Holding No.1,KDA Avenue,Khulna', 'KHL', NULL, '01711295340', '2020-12-01 04:06:25', '2020-12-01 04:06:25'),
(231, '0029', 'EERNA 12 - Anan\'s', 'Shop No.UMO-108,Ground Floor,Zila Porishod Super Market,Rangpur,Super Market Road,Sodor,Rangpur', 'RAJ', NULL, '01762864676', '2020-12-01 04:06:25', '2020-12-01 04:06:25'),
(232, '0030', 'EERNA 03 - Source Trading', 'Block-C,Level-1,Shop-4.B.city', 'DHK-S', NULL, '01709651117', '2020-12-01 04:06:25', '2020-12-01 04:06:25'),
(233, '0031', 'EERNA 15 - M2M Communication', 'Shop No.20/A Block C,Floor/Level4,Jamuna Future Park,Vatara,Dhaka', 'DHK-N', NULL, '01977717702', '2020-12-01 04:06:25', '2020-12-01 04:06:25'),
(234, '0032', 'Mobile Hut(Narayangonj)', 'Shop No.302,2nd Floor,B B Road, Hasnat Square,Narayanganj,Dhaka', 'DHK-S', NULL, '01913111009', '2020-12-01 04:06:25', '2020-12-01 04:06:25'),
(235, '0033', 'Bushra phone', 'Shop No#29,Block#D,Level#6,Bashundhara City', 'DHK-S', NULL, '01780499455', '2020-12-01 04:06:26', '2020-12-01 04:06:26'),
(236, '0034', 'Aamar Shop.bd', 'Shop# 665,Level - 5,Mirpur Shopping Complex,Mirpur- 02', 'DHK-N', NULL, '01798221847', '2020-12-01 04:06:26', '2020-12-01 04:06:26'),
(237, '0035', 'S.R Telecom', 'Shop#4D-002,A2,4th Floor,Jamuna Future Park,Basundhara Gate,Dhaka', 'DHK-N', NULL, '01724461676', '2020-12-01 04:06:26', '2020-12-01 04:06:26'),
(238, '0036', 'Creative zone.', 'Hemoto Shaha\'r more,Narsingdi', 'DHK-O', NULL, '01912293930', '2020-12-01 04:06:26', '2020-12-01 04:06:26'),
(239, '0037', 'Friend Verse', 'Shop No.510,Floor/Level5,Shamoly Square,Mirpur Road,Adabor,Dhaka', 'DHK-S', NULL, '01911334493', '2020-12-01 04:06:26', '2020-12-01 04:06:26'),
(240, '0038', 'Modern communication', '05,K.D.A Avenue Baitun-Nur Mosque Market.Khulna', 'KHL', NULL, '01711079717', '2020-12-01 04:06:26', '2020-12-01 04:06:26'),
(241, '0039', 'GABS Trade Linker', 'Shop No.3,Floor/Level1,Abdul Zolil Super Market, Sorisahatir More Main Road,Naogaon,Upazila,Naogaon,Rajshahi', 'RAJ', NULL, '01708702025', '2020-12-01 04:06:26', '2020-12-01 04:06:26'),
(242, '0040', 'Top Enterpries (HES ).', 'Ground Floor,Biswas Super Market,Holding No.2808,Thana Road,Pabna,Rajshahi', 'RAJ', NULL, '01711361881', '2020-12-01 04:06:26', '2020-12-01 04:06:26'),
(243, '0041', 'Idea Smart cafe plus(HES).', 'Shop No.35-36,Floor/Level5,Runner Plaza,Nobab Bari Road,Bogura,Rajshahi', 'RAJ', NULL, '01792475959', '2020-12-01 04:06:26', '2020-12-01 04:06:26'),
(244, '0042', 'Taseen Telecom', 'Ground Floor,Holding No.652,S S Road,Sirajganj,Rajshahi', 'RAJ', NULL, '01711118744', '2020-12-01 04:06:26', '2020-12-01 04:06:26'),
(245, '0043', 'NB TEL', 'Shop No.1,Ground Floor,Lutfunnesa Market,Setabgonj Road,Dinajpur Sadar,Dinajpur,Rajshahi', 'RAJ', NULL, '01715842484', '2020-12-01 04:06:26', '2020-12-01 04:06:26'),
(246, '0044', 'M/S Tuser Enterprise(HES)', 'Shop No.145,Ground Floor,Near Rail Station,Station Road,Ishwardi,Pabna,Rajshahi', 'RAJ', NULL, '01711504093', '2020-12-01 04:06:27', '2020-12-01 04:06:27'),
(247, '0045', 'Music Mantra', '444, Sanmar Ocean City, 4th floor, East Nasirabad, Chittagong', 'CTG', NULL, '01726398483', '2020-12-01 04:06:27', '2020-12-01 04:06:27'),
(248, '0046', 'Easy Touch', 'Ground Floor,Janhan Ara Market,Holding No.417,Bhola,Barisal', 'KHL', NULL, '01711339433', '2020-12-01 04:06:27', '2020-12-01 04:06:27'),
(249, '0047', 'Noor Smart Zone - Patuakhali', 'Shop No.2,Ground Floor,Holding No.N/2,Sadar road,Patuakhali,Barisal', 'KHL', NULL, '01748911999', '2020-12-01 04:06:27', '2020-12-01 04:06:27'),
(250, '0048', 'KK Electronics', 'Police Plaza, Gulshan 1 Dhaka', 'DHK-N', NULL, '01682879783', '2020-12-01 04:06:27', '2020-12-01 04:06:27'),
(251, '0049', 'Adrito Telecom International', 'Shop number: 9/1, Ground Floor,Holding No.9/1,C.K Gosh Road,Mymensingh', 'DHK-O', NULL, '01708546061', '2020-12-01 04:06:27', '2020-12-01 04:06:27'),
(252, '0050', 'Haroun Telecom-2', 'Shop No.43,Floor/Level1,Land View Shopping Center,Gulshan Circle-2,Gulshan,Dhaka', 'DHK-N', NULL, '01670895646', '2020-12-01 04:06:27', '2020-12-01 04:06:27'),
(253, '0051', 'B.M.A Electronics-Dhaka City-N', 'Shop No.620&621,Level6,Mirpur Shopping Centre,Stadium Road,Mipur 2 no Bus Stand ,Dhaka-1216', 'DHK-N', NULL, '01979399992', '2020-12-01 04:06:27', '2020-12-01 04:06:27'),
(254, '0052', 'Araf Telecom-Dhaka City-N', 'Shop No.45,Floor/Level 3,Sah ali Plaza,Mirpur 10,Khafrul,Dhaka', 'DHK-N', NULL, '01722235234', '2020-12-01 04:06:27', '2020-12-01 04:06:27'),
(255, '0053', 'Mobile Bazar (11)', 'Shop No.29,Ground Floor,Ridoy Tower,Durgabari Road,Mymensingh,Mymensingh', 'DHK-O', NULL, '01713738098', '2020-12-01 04:06:27', '2020-12-01 04:06:27'),
(256, '0054', 'Mobile House (7)', 'Ground Floor,Port Connecting Road,Cepz,Chattagram', 'CTG', NULL, '01766888888', '2020-12-01 04:06:27', '2020-12-01 04:06:27'),
(257, '0055', 'Modina plaza', 'Shop No.G2,Ground Floor,Morshed Alom Complex,Korimpur Road,Chowmohoni,Noakhali.', 'CTG', NULL, '01816235433', '2020-12-01 04:06:28', '2020-12-01 04:06:28'),
(258, '0056', 'World Connection', 'Ground Floor,Majumder Palace,Noakhali Bypass Road,Laksham,Cumilla,Chattagram', 'CTG', NULL, '01855366355', '2020-12-01 04:06:28', '2020-12-01 04:06:28'),
(259, '0057', 'HUAWEI EXPERIENCE SHOP(Banskhali)', 'Shop No.25,Ground Floor,G.S.Plaza,Banshkhali Pouroshava,Chattagram', 'CTG', NULL, '01817766399', '2020-12-01 04:06:28', '2020-12-01 04:06:28'),
(260, '0058', 'OVI Telecom, ( Chokoria Brand Shop)', 'Shop No.6, 1st Floor/Level2,New Super Market,Chokoria,Coxsbazar,Chattagram', 'CTG', NULL, '01740600902', '2020-12-01 04:06:28', '2020-12-01 04:06:28'),
(261, '0059', 'Mobile Link (3)', 'Shop No.408/A,Floor/Level3,New Market,Kotwali Police Station,Chattagram', 'CTG', NULL, '01819611440', '2020-12-01 04:06:28', '2020-12-01 04:06:28'),
(262, '0060', 'M.K Electronics', 'Ground Floor,Lafa Tower,West Bazer,Hajigonj,Chandpur,Chattagram', 'CTG', NULL, '01815468471', '2020-12-01 04:06:28', '2020-12-01 04:06:28'),
(263, '0061', 'Bengal telecom (1)', 'Shop No.13,Floor/Level1,Apollo Shopping Center,Kotwali Police Station,Chattagram', 'CTG', NULL, '01750030626', '2020-12-01 04:06:28', '2020-12-01 04:06:28'),
(264, '0062', 'Sheba Brand Shop', 'Shop No.A3,Ground Floor,Hotel Holiday,Main Road,Cox\'sbazar,Chattagram', 'CTG', NULL, '01701755001', '2020-12-01 04:06:28', '2020-12-01 04:06:28'),
(265, '0063', 'Abedin Brand shop', 'Shop No.419,Floor/Level3,New Market,Kotwali Police Station,Chattagram', 'CTG', NULL, '01876627914', '2020-12-01 04:06:28', '2020-12-01 04:06:28'),
(266, '0064', 'Cell finder', 'Shop No.502/A,Floor/Level4,Akhtaruzzaman Center,Double Morring,Chattagram', 'CTG', NULL, '01859970777', '2020-12-01 04:06:28', '2020-12-01 04:06:28'),
(267, '0065', 'Baj International', 'Shop No.1&2,Floor/Level1,Central Shopping Complex,GEC Circle,Panchlaish,Chattagram', 'CTG', NULL, '01773300100', '2020-12-01 04:06:28', '2020-12-01 04:06:28'),
(268, '0066', 'H.K Telecom', 'Shop No.453,Floor/Level4,Sanmar Ocean City,CDA Avenue,Nasirabad,Panchlaish,Chattagram', 'CTG', NULL, '01814953565', '2020-12-01 04:06:28', '2020-12-01 04:06:28'),
(269, '0067', 'Rony enterprise- Chittagong Metro', 'Shop No.306,Floor/Level3,Sayed Center,Chawkbazar,Chattagram', 'CTG', NULL, '01940414141', '2020-12-01 04:06:29', '2020-12-01 04:06:29'),
(270, '0068', 'Habib Telecom (4)', 'Shop No.13,Ground Floor,Zila Parishad Market,T A Road,Brahmanbaria,Chattagram', 'DHK-O', NULL, '01711584342', '2020-12-01 04:06:29', '2020-12-01 04:06:29'),
(271, '0069', 'Comilla Telecom', 'Shop No.6,Floor/Level1,Anupam Super Market,Chowrasta,Joydebpur,Gazipur,Dhaka', 'DHK-O', NULL, '01744144943', '2020-12-01 04:06:29', '2020-12-01 04:06:29'),
(272, '0070', 'SB telecom-Dhaka City-S', 'Shop No.74/75,Floor/Level5,Eastern Plus Shopping Complex,Shantinagar,Palton,Dhaka', 'DHK-S', NULL, '01611301130', '2020-12-01 04:06:29', '2020-12-01 04:06:29'),
(273, '0071', 'Maria telecom (4)', 'Shop2,WahedTower,Bhaluka,Mymensingh', 'DHK-O', NULL, '01715993388', '2020-12-01 04:06:29', '2020-12-01 04:06:29'),
(274, '0072', 'Archos-Dhaka City-S', 'Shop No.1/A-1/B,Block A,Floor/Level6,Bashundhara City Shopping Mall,Thana,Dhaka', 'DHK-S', NULL, '01678133338', '2020-12-01 04:06:29', '2020-12-01 04:06:29'),
(275, '0073', 'SM Telecom-Dhaka City-N', 'Shop No.A-37,Ground Floor,Rojonigondha Super Market,Cantonment,Khafrul,Dhaka', 'DHK-N', NULL, '01711105908', '2020-12-01 04:06:29', '2020-12-01 04:06:29'),
(276, '0074', 'Ahnaf Electronics', 'Shop No.302,Floor/Level2,Baitul Veiw Tower,56/1,Purana Paltan,Dhaka', 'DHK-S', NULL, '01918161501', '2020-12-01 04:06:29', '2020-12-01 04:06:29'),
(277, '0075', 'Sahat Electronics-Dhaka City-S', 'Shop No.5/17,Floor/Level4,Eastern Plaza,Kalabagan,Dhaka', 'DHK-S', NULL, '01713068850', '2020-12-01 04:06:29', '2020-12-01 04:06:29'),
(278, '0076', 'Sohi Distribution', 'Shop No.1,Floor/Level1,GP Center,Victoria Road,Tangail,Dhaka', 'DHK-O', NULL, '01711909853', '2020-12-01 04:06:29', '2020-12-01 04:06:29'),
(279, '0077', 'Kazi Electronics - Madaripur', 'Shop No.10,Ground Floor,City Plaza,Puran Bazar,Madaripur', 'KHL', NULL, '01716817311', '2020-12-01 04:06:29', '2020-12-01 04:06:29'),
(280, '0078', 'Mobile Network (2)', 'Shop No.04,Floor/Level4,Mirpur New Market,Mirpur1 Main Road,Shah Ali Thana,Dhaka', 'DHK-N', NULL, '01711111133', '2020-12-01 04:06:30', '2020-12-01 04:06:30'),
(281, '0079', 'HN Telecom 2', 'Shop No.2,Floor/Level1,FR Khan Prince Plaza,Victoria Road,Tangail,Dhaka', 'DHK-O', NULL, '01936317532', '2020-12-01 04:06:30', '2020-12-01 04:06:30'),
(282, '0080', 'Ideal cellular(HES)- Dhaka City-S', 'Shop No.312,Floor/Level2,Baitul Veiw Tower,56/1,Palton,Dhaka', 'DHK-S', NULL, '01618787342', '2020-12-01 04:06:30', '2020-12-01 04:06:30'),
(283, '0081', 'Bismillah Mobile House-Dhaka City-S', 'Shop No.609,Floor/Level6,Tokyo Square,Ring Road,Adabor,Dhaka', 'DHK-S', NULL, '01815321831', '2020-12-01 04:06:30', '2020-12-01 04:06:30'),
(284, '0082', 'Tech Park', 'Shop No.1St,Ground Floor,Parbota Tower,Matbor Mainshion,Khafrul,Dhaka', 'DHK-N', NULL, '01821822088', '2020-12-01 04:06:30', '2020-12-01 04:06:30'),
(285, '0083', 'Irani telecom', 'Shop No.530,Floor/Level4,Motaleb Plaza,Kalabagan,Dhaka', 'DHK-S', NULL, '01721533637', '2020-12-01 04:06:30', '2020-12-01 04:06:30'),
(286, '0084', 'HS telecom (1)', 'Shop No.3,Floor/ Level1,Mobile Market,Bus Stand,Shokhipur,Tangail,Dhaka', 'DHK-O', NULL, '01727088180', '2020-12-01 04:06:30', '2020-12-01 04:06:30'),
(287, '0085', 'Rajon Mobile', 'Shop No.34,Floor/Level1,Shohid Smriti School Market,Joydebpur Bus Stand,Joydebpur,Gazipur,Dhaka', 'DHK-O', NULL, '01615005005', '2020-12-01 04:06:30', '2020-12-01 04:06:30'),
(288, '0086', 'New Mobile Hut   HES(Narayangonj)', 'Shop No.302,2nd Floor,Hasnat Square,B B Road,Narayanganj,Dhaka', 'DHK-S', NULL, '01913111009', '2020-12-01 04:06:30', '2020-12-01 04:06:30'),
(289, '0087', 'Mishad Smartphone Gallery', 'Ground Floor,MM Plaza,Baukhor Mor Station Road,Narsingdi,Dhaka', 'DHK-O', NULL, '01737944473', '2020-12-01 04:06:30', '2020-12-01 04:06:30'),
(290, '0088', 'Cell one mobile', 'Shop No.15,Floor/Level1,Giree Commercial Complex,Chowhatta,Sylhet', 'DHK-O', NULL, '01611611911', '2020-12-01 04:06:30', '2020-12-01 04:06:30'),
(291, '0089', 'HES(Al Amin Mobile)', 'Shop No.137,Ground Floor,Rose View Complex,Shah Jalal Uposhohor Point,Sylhet', 'DHK-O', NULL, '01911744020', '2020-12-01 04:06:31', '2020-12-01 04:06:31'),
(292, '0090', 'S, World Telecom', 'Shop No.5,Floor/Level1,Karimullah Market,Bondor Bazar,Sylhet', 'DHK-O', NULL, '01715074006', '2020-12-01 04:06:31', '2020-12-01 04:06:31'),
(293, '0091', 'Farjana Mobile', 'Shop No.,2,Floor/Level2,Korimullah Market,Bondor Bazar,Sylhet', 'DHK-O', NULL, '01731777855', '2020-12-01 04:06:31', '2020-12-01 04:06:31'),
(294, '0092', 'EERNA 05 - Jamuna Future Park', 'Level -4 Jamuna Future park,Dhaka', 'DHK-N', NULL, '01709651168', '2020-12-01 04:06:31', '2020-12-01 04:06:31'),
(295, '0093', 'EERNA 08 - Police Plaza (2)', 'Police Plaza', 'DHK-N', NULL, '01730701950', '2020-12-01 04:06:31', '2020-12-01 04:06:31'),
(296, '0094', 'Back Office', 'CPP BD', 'Dhaka', NULL, '01711505455', '2020-12-01 04:18:54', '2020-12-01 04:18:54');

-- --------------------------------------------------------

--
-- Table structure for table `password_resets`
--

CREATE TABLE `password_resets` (
  `email` varchar(191) COLLATE utf8mb4_unicode_ci NOT NULL,
  `token` varchar(191) COLLATE utf8mb4_unicode_ci NOT NULL,
  `created_at` timestamp NULL DEFAULT NULL
) ENGINE=InnoDB DEFAULT CHARSET=utf8mb4 COLLATE=utf8mb4_unicode_ci;

-- --------------------------------------------------------

--
-- Table structure for table `permissions`
--

CREATE TABLE `permissions` (
  `id` int(10) UNSIGNED NOT NULL,
  `name` varchar(191) COLLATE utf8mb4_unicode_ci NOT NULL,
  `display_name` varchar(191) COLLATE utf8mb4_unicode_ci DEFAULT NULL,
  `description` varchar(191) COLLATE utf8mb4_unicode_ci DEFAULT NULL,
  `created_at` timestamp NULL DEFAULT NULL,
  `updated_at` timestamp NULL DEFAULT NULL
) ENGINE=InnoDB DEFAULT CHARSET=utf8mb4 COLLATE=utf8mb4_unicode_ci;

--
-- Dumping data for table `permissions`
--

INSERT INTO `permissions` (`id`, `name`, `display_name`, `description`, `created_at`, `updated_at`) VALUES
(1, 'create-users', 'Create Users', 'Create Users', '2020-03-19 05:50:52', '2020-03-19 05:50:52'),
(2, 'read-users', 'Read Users', 'Read Users', '2020-03-19 05:50:52', '2020-03-19 05:50:52'),
(3, 'update-users', 'Update Users', 'Update Users', '2020-03-19 05:50:53', '2020-03-19 05:50:53'),
(4, 'delete-users', 'Delete Users', 'Delete Users', '2020-03-19 05:50:53', '2020-03-19 05:50:53'),
(5, 'create-profile', 'Create Profile', 'Create Profile', '2020-03-19 05:50:53', '2020-03-19 05:50:53'),
(6, 'read-profile', 'Read Profile', 'Read Profile', '2020-03-19 05:50:53', '2020-03-19 05:50:53'),
(7, 'update-profile', 'Update Profile', 'Update Profile', '2020-03-19 05:50:53', '2020-03-19 05:50:53'),
(8, 'delete-profile', 'Delete Profile', 'Delete Profile', '2020-03-19 05:50:53', '2020-03-19 05:50:53'),
(9, 'create-report', 'Create Report', 'Create Report', '2020-03-19 05:50:53', '2020-03-19 05:50:53'),
(10, 'read-report', 'Read Report', 'Read Report', '2020-03-19 05:50:53', '2020-03-19 05:50:53'),
(11, 'update-report', 'Update Report', 'Update Report', '2020-03-19 05:50:53', '2020-03-19 05:50:53'),
(12, 'delete-report', 'Delete Report', 'Delete Report', '2020-03-19 05:50:53', '2020-03-19 05:50:53'),
(13, 'create-store', 'Create Store', 'Create Store', '2020-03-19 05:50:53', '2020-03-19 05:50:53'),
(14, 'read-store', 'Read Store', 'Read Store', '2020-03-19 05:50:53', '2020-03-19 05:50:53'),
(15, 'update-store', 'Update Store', 'Update Store', '2020-03-19 05:50:54', '2020-03-19 05:50:54'),
(16, 'delete-store', 'Delete Store', 'Delete Store', '2020-03-19 05:50:54', '2020-03-19 05:50:54'),
(17, 'create-file', 'Create File', 'Create File', '2020-03-19 05:50:54', '2020-03-19 05:50:54'),
(18, 'read-file', 'Read File', 'Read File', '2020-03-19 05:50:54', '2020-03-19 05:50:54'),
(19, 'update-file', 'Update File', 'Update File', '2020-03-19 05:50:54', '2020-03-19 05:50:54'),
(20, 'delete-file', 'Delete File', 'Delete File', '2020-03-19 05:50:54', '2020-03-19 05:50:54'),
(21, 'create-sales', 'Create Sales', 'Create Sales', '2020-03-19 05:50:54', '2020-03-19 05:50:54'),
(22, 'read-sales', 'Read Sales', 'Read Sales', '2020-03-19 05:50:54', '2020-03-19 05:50:54'),
(23, 'update-sales', 'Update Sales', 'Update Sales', '2020-03-19 05:50:54', '2020-03-19 05:50:54'),
(24, 'delete-sales', 'Delete Sales', 'Delete Sales', '2020-03-19 05:50:54', '2020-03-19 05:50:54'),
(25, 'read-service', 'Read Service', 'Read Service', '2020-03-19 05:50:56', '2020-03-19 05:50:56'),
(26, 'update-service', 'Update Service', 'Update Service', '2020-03-19 05:50:56', '2020-03-19 05:50:56');

-- --------------------------------------------------------

--
-- Table structure for table `permission_role`
--

CREATE TABLE `permission_role` (
  `permission_id` int(10) UNSIGNED NOT NULL,
  `role_id` int(10) UNSIGNED NOT NULL
) ENGINE=InnoDB DEFAULT CHARSET=utf8mb4 COLLATE=utf8mb4_unicode_ci;

--
-- Dumping data for table `permission_role`
--

INSERT INTO `permission_role` (`permission_id`, `role_id`) VALUES
(1, 1),
(2, 1),
(3, 1),
(4, 1),
(5, 1),
(6, 1),
(7, 1),
(8, 1),
(9, 1),
(10, 1),
(11, 1),
(12, 1),
(13, 1),
(14, 1),
(15, 1),
(16, 1),
(17, 1),
(18, 1),
(19, 1),
(20, 1),
(21, 1),
(22, 1),
(23, 1),
(24, 1),
(10, 2),
(21, 3),
(22, 3),
(23, 3),
(24, 3),
(25, 4),
(26, 4);

-- --------------------------------------------------------

--
-- Table structure for table `permission_user`
--

CREATE TABLE `permission_user` (
  `permission_id` int(10) UNSIGNED NOT NULL,
  `user_id` int(10) UNSIGNED NOT NULL,
  `user_type` varchar(191) COLLATE utf8mb4_unicode_ci NOT NULL
) ENGINE=InnoDB DEFAULT CHARSET=utf8mb4 COLLATE=utf8mb4_unicode_ci;

--
-- Dumping data for table `permission_user`
--

INSERT INTO `permission_user` (`permission_id`, `user_id`, `user_type`) VALUES
(5, 5, 'App\\User'),
(6, 5, 'App\\User'),
(7, 5, 'App\\User');

-- --------------------------------------------------------

--
-- Table structure for table `phone_models`
--

CREATE TABLE `phone_models` (
  `id` bigint(20) UNSIGNED NOT NULL,
  `model_name` varchar(191) COLLATE utf8mb4_unicode_ci NOT NULL,
  `mrp` varchar(191) COLLATE utf8mb4_unicode_ci NOT NULL,
  `drp` varchar(191) COLLATE utf8mb4_unicode_ci NOT NULL,
  `status` int(11) NOT NULL,
  `added_by` int(11) NOT NULL,
  `created_at` timestamp NULL DEFAULT NULL,
  `updated_at` timestamp NULL DEFAULT NULL
) ENGINE=InnoDB DEFAULT CHARSET=utf8mb4 COLLATE=utf8mb4_unicode_ci;

--
-- Dumping data for table `phone_models`
--

INSERT INTO `phone_models` (`id`, `model_name`, `mrp`, `drp`, `status`, `added_by`, `created_at`, `updated_at`) VALUES
(3, 'Media Pad T3 7(1GB)', '390', '330', 1, 19, '2020-09-30 22:38:05', '2020-09-30 22:39:56'),
(4, 'Y5 2019', '570', '510', 1, 19, '2020-09-30 22:38:23', '2020-09-30 22:39:35'),
(5, 'Media Pad T3 7 (2GB)', '570', '510', 1, 19, '2020-09-30 22:39:15', '2020-09-30 22:39:15'),
(6, 'Y6 Pro 2019', '570', '510', 1, 19, '2020-09-30 22:40:15', '2020-09-30 22:40:15'),
(7, 'Y7 Pro 2019', '570', '510', 1, 19, '2020-09-30 22:41:20', '2020-09-30 22:41:20'),
(8, 'Y6 S', '570', '510', 1, 19, '2020-09-30 22:41:40', '2020-09-30 22:41:40'),
(9, 'Y7 2019', '740', '680', 1, 19, '2020-09-30 22:42:02', '2020-09-30 22:42:02'),
(10, 'Y7 P', '740', '680', 1, 19, '2020-09-30 22:42:25', '2020-09-30 22:42:25'),
(11, 'Media Pad T3 10', '740', '680', 1, 19, '2020-09-30 22:42:42', '2020-09-30 22:42:42'),
(12, 'Nova 3i', '740', '680', 1, 19, '2020-09-30 22:43:21', '2020-09-30 22:43:21'),
(13, 'Y9 2019', '740', '680', 1, 19, '2020-09-30 22:43:38', '2020-09-30 22:43:38'),
(14, 'Y Max', '995', '935', 1, 19, '2020-09-30 22:43:59', '2020-09-30 22:43:59'),
(15, 'Y9 Prime 2019', '995', '935', 1, 19, '2020-09-30 22:44:15', '2020-09-30 22:44:15'),
(16, 'Y8 p', '995', '935', 1, 19, '2020-09-30 22:44:31', '2020-09-30 22:44:31'),
(17, 'P30 Lite', '995', '935', 1, 19, '2020-09-30 22:44:47', '2020-09-30 22:44:47'),
(18, 'Nova 7i', '995', '935', 1, 19, '2020-09-30 22:45:10', '2020-09-30 22:45:10'),
(19, 'Y9 S', '995', '935', 1, 19, '2020-09-30 22:45:30', '2020-09-30 22:45:30'),
(20, 'Nova 5T', '1630', '1570', 1, 19, '2020-09-30 22:45:59', '2020-09-30 22:45:59'),
(21, 'P30', '2920', '2860', 1, 19, '2020-09-30 22:46:23', '2020-09-30 22:46:23'),
(22, 'P30 Pro', '3920', '3860', 1, 19, '2020-09-30 22:46:53', '2020-09-30 22:46:53'),
(23, 'Mate 30 Pro', '2920', '2860', 1, 19, '2020-09-30 22:47:11', '2020-09-30 22:47:11'),
(24, 'P 40 Pro', '5180', '5120', 1, 19, '2020-09-30 22:47:36', '2020-09-30 22:47:36'),
(25, 'Matepad T8', '570', '510', 1, 315, '2020-12-03 22:59:25', '2020-12-03 22:59:25');

-- --------------------------------------------------------

--
-- Table structure for table `receive_delivery_histories`
--

CREATE TABLE `receive_delivery_histories` (
  `id` bigint(20) UNSIGNED NOT NULL,
  `store_id` int(11) NOT NULL,
  `imei` varchar(191) COLLATE utf8mb4_unicode_ci NOT NULL,
  `status` int(11) NOT NULL,
  `created_at` timestamp NULL DEFAULT NULL,
  `updated_at` timestamp NULL DEFAULT NULL
) ENGINE=InnoDB DEFAULT CHARSET=utf8mb4 COLLATE=utf8mb4_unicode_ci;

--
-- Dumping data for table `receive_delivery_histories`
--

INSERT INTO `receive_delivery_histories` (`id`, `store_id`, `imei`, `status`, `created_at`, `updated_at`) VALUES
(17, 16, '258369147852456', 2, '2020-10-06 16:52:11', '2020-10-06 16:52:11'),
(18, 16, '258369147852456', 3, '2020-10-06 16:52:57', '2020-10-06 16:52:57'),
(20, 16, '159168125147125', 2, '2020-10-06 21:28:41', '2020-10-06 21:28:41'),
(21, 16, '159168125147125', 3, '2020-10-06 21:30:21', '2020-10-06 21:30:21'),
(22, 194, '454545457801111', 2, '2020-10-07 04:26:22', '2020-10-07 04:26:22'),
(23, 194, '454545457801111', 3, '2020-10-07 04:28:38', '2020-10-07 04:28:38'),
(24, 194, '012345678900000', 2, '2020-10-07 04:29:49', '2020-10-07 04:29:49'),
(25, 16, '171150545501715', 2, '2020-10-08 17:59:51', '2020-10-08 17:59:51'),
(26, 16, '171150545501715', 3, '2020-10-08 19:03:35', '2020-10-08 19:03:35'),
(27, 194, '456789123000000', 2, '2020-10-22 19:03:39', '2020-10-22 19:03:39'),
(28, 194, '456789123000000', 3, '2020-10-22 19:07:25', '2020-10-22 19:07:25'),
(29, 16, '643134643213464', 2, '2020-11-22 16:17:59', '2020-11-22 16:17:59'),
(30, 16, '643134643213464', 3, '2020-11-22 16:19:01', '2020-11-22 16:19:01'),
(31, 16, '866214049457377', 2, '2020-11-25 17:21:14', '2020-11-25 17:21:14'),
(32, 16, '866214049457377', 3, '2020-11-25 17:25:44', '2020-11-25 17:25:44'),
(33, 16, '866405046904615', 2, '2020-11-26 21:09:48', '2020-11-26 21:09:48'),
(34, 16, '866405046904615', 3, '2020-11-26 21:16:10', '2020-11-26 21:16:10'),
(35, 16, '865163044079705', 2, '2020-11-30 23:51:55', '2020-11-30 23:51:55');

-- --------------------------------------------------------

--
-- Table structure for table `roles`
--

CREATE TABLE `roles` (
  `id` int(10) UNSIGNED NOT NULL,
  `name` varchar(191) COLLATE utf8mb4_unicode_ci NOT NULL,
  `display_name` varchar(191) COLLATE utf8mb4_unicode_ci DEFAULT NULL,
  `description` varchar(191) COLLATE utf8mb4_unicode_ci DEFAULT NULL,
  `created_at` timestamp NULL DEFAULT NULL,
  `updated_at` timestamp NULL DEFAULT NULL
) ENGINE=InnoDB DEFAULT CHARSET=utf8mb4 COLLATE=utf8mb4_unicode_ci;

--
-- Dumping data for table `roles`
--

INSERT INTO `roles` (`id`, `name`, `display_name`, `description`, `created_at`, `updated_at`) VALUES
(1, 'supadmin', 'CPP Admin', 'Supadmin', '2020-03-19 05:50:52', '2020-04-16 02:45:48'),
(2, 'admin', 'Business Partner(1000Fix Head Office)', 'Admin', '2020-03-19 05:50:55', '2020-03-19 05:50:55'),
(3, 'salescenter', 'Sales Center', 'Salescenter', '2020-03-19 05:50:56', '2020-03-19 05:50:56'),
(4, 'servicepoint', 'Service Center', 'Servicepoint', '2020-03-19 05:50:56', '2020-03-19 05:50:56'),
(7, 'insurance', 'Insurance Company', 'Insurance Company', '2020-04-16 02:36:07', '2020-04-16 02:40:46'),
(8, 'callcenter', 'Call Centre', 'Call Centre', '2020-09-20 13:01:44', '2020-09-20 13:05:28');

-- --------------------------------------------------------

--
-- Table structure for table `role_user`
--

CREATE TABLE `role_user` (
  `role_id` int(10) UNSIGNED NOT NULL,
  `user_id` int(10) UNSIGNED NOT NULL,
  `user_type` varchar(191) COLLATE utf8mb4_unicode_ci NOT NULL
) ENGINE=InnoDB DEFAULT CHARSET=utf8mb4 COLLATE=utf8mb4_unicode_ci;

--
-- Dumping data for table `role_user`
--

INSERT INTO `role_user` (`role_id`, `user_id`, `user_type`) VALUES
(1, 1, 'App\\User'),
(1, 19, 'App\\User'),
(1, 315, 'App\\User'),
(1, 321, 'App\\User'),
(2, 2, 'App\\User'),
(2, 312, 'App\\User'),
(2, 313, 'App\\User'),
(3, 3, 'App\\User'),
(3, 236, 'App\\User'),
(3, 237, 'App\\User'),
(3, 238, 'App\\User'),
(3, 239, 'App\\User'),
(3, 240, 'App\\User'),
(3, 241, 'App\\User'),
(3, 242, 'App\\User'),
(3, 243, 'App\\User'),
(3, 244, 'App\\User'),
(3, 245, 'App\\User'),
(3, 246, 'App\\User'),
(3, 247, 'App\\User'),
(3, 248, 'App\\User'),
(3, 249, 'App\\User'),
(3, 250, 'App\\User'),
(3, 251, 'App\\User'),
(3, 252, 'App\\User'),
(3, 253, 'App\\User'),
(3, 254, 'App\\User'),
(3, 255, 'App\\User'),
(3, 256, 'App\\User'),
(3, 257, 'App\\User'),
(3, 258, 'App\\User'),
(3, 259, 'App\\User'),
(3, 260, 'App\\User'),
(3, 261, 'App\\User'),
(3, 262, 'App\\User'),
(3, 263, 'App\\User'),
(3, 264, 'App\\User'),
(3, 265, 'App\\User'),
(3, 266, 'App\\User'),
(3, 267, 'App\\User'),
(3, 268, 'App\\User'),
(3, 269, 'App\\User'),
(3, 270, 'App\\User'),
(3, 271, 'App\\User'),
(3, 272, 'App\\User'),
(3, 273, 'App\\User'),
(3, 274, 'App\\User'),
(3, 275, 'App\\User'),
(3, 276, 'App\\User'),
(3, 277, 'App\\User'),
(3, 278, 'App\\User'),
(3, 279, 'App\\User'),
(3, 280, 'App\\User'),
(3, 281, 'App\\User'),
(3, 282, 'App\\User'),
(3, 283, 'App\\User'),
(3, 284, 'App\\User'),
(3, 285, 'App\\User'),
(3, 286, 'App\\User'),
(3, 287, 'App\\User'),
(3, 288, 'App\\User'),
(3, 289, 'App\\User'),
(3, 290, 'App\\User'),
(3, 291, 'App\\User'),
(3, 292, 'App\\User'),
(3, 293, 'App\\User'),
(3, 294, 'App\\User'),
(3, 295, 'App\\User'),
(3, 296, 'App\\User'),
(3, 297, 'App\\User'),
(3, 298, 'App\\User'),
(3, 299, 'App\\User'),
(3, 300, 'App\\User'),
(3, 301, 'App\\User'),
(3, 302, 'App\\User'),
(3, 303, 'App\\User'),
(3, 304, 'App\\User'),
(3, 305, 'App\\User'),
(3, 306, 'App\\User'),
(3, 307, 'App\\User'),
(3, 308, 'App\\User'),
(3, 309, 'App\\User'),
(3, 310, 'App\\User'),
(3, 311, 'App\\User'),
(3, 320, 'App\\User'),
(4, 4, 'App\\User'),
(4, 219, 'App\\User'),
(4, 220, 'App\\User'),
(4, 221, 'App\\User'),
(4, 222, 'App\\User'),
(4, 223, 'App\\User'),
(4, 224, 'App\\User'),
(4, 225, 'App\\User'),
(4, 226, 'App\\User'),
(4, 227, 'App\\User'),
(4, 228, 'App\\User'),
(4, 229, 'App\\User'),
(4, 230, 'App\\User'),
(4, 231, 'App\\User'),
(4, 232, 'App\\User'),
(4, 233, 'App\\User'),
(4, 234, 'App\\User'),
(4, 235, 'App\\User'),
(4, 319, 'App\\User'),
(7, 317, 'App\\User'),
(7, 318, 'App\\User'),
(8, 314, 'App\\User');

-- --------------------------------------------------------

--
-- Table structure for table `sales`
--

CREATE TABLE `sales` (
  `id` int(10) UNSIGNED NOT NULL,
  `store_id` int(11) NOT NULL,
  `service_type` varchar(191) COLLATE utf8mb4_unicode_ci DEFAULT NULL,
  `imei` varchar(191) COLLATE utf8mb4_unicode_ci NOT NULL,
  `brand` varchar(191) COLLATE utf8mb4_unicode_ci DEFAULT NULL,
  `model` varchar(191) COLLATE utf8mb4_unicode_ci NOT NULL,
  `price` varchar(191) COLLATE utf8mb4_unicode_ci NOT NULL,
  `title` varchar(191) COLLATE utf8mb4_unicode_ci NOT NULL,
  `gender` varchar(191) COLLATE utf8mb4_unicode_ci DEFAULT NULL,
  `customer_name` varchar(191) COLLATE utf8mb4_unicode_ci NOT NULL,
  `date_of_birth` varchar(191) COLLATE utf8mb4_unicode_ci DEFAULT NULL,
  `mobile` varchar(191) COLLATE utf8mb4_unicode_ci NOT NULL,
  `emergency_contact` varchar(191) COLLATE utf8mb4_unicode_ci DEFAULT NULL,
  `email` varchar(191) COLLATE utf8mb4_unicode_ci DEFAULT NULL,
  `district` varchar(191) COLLATE utf8mb4_unicode_ci NOT NULL,
  `address` varchar(191) COLLATE utf8mb4_unicode_ci NOT NULL,
  `fs_code` varchar(191) COLLATE utf8mb4_unicode_ci NOT NULL,
  `fs_mrp` varchar(191) COLLATE utf8mb4_unicode_ci NOT NULL,
  `device_purchase_date` varchar(191) COLLATE utf8mb4_unicode_ci DEFAULT NULL,
  `is_verified` tinyint(4) DEFAULT NULL,
  `verified_by` int(11) DEFAULT NULL,
  `created_at` timestamp NULL DEFAULT NULL,
  `updated_at` timestamp NULL DEFAULT NULL
) ENGINE=InnoDB DEFAULT CHARSET=utf8mb4 COLLATE=utf8mb4_unicode_ci;

--
-- Dumping data for table `sales`
--

INSERT INTO `sales` (`id`, `store_id`, `service_type`, `imei`, `brand`, `model`, `price`, `title`, `gender`, `customer_name`, `date_of_birth`, `mobile`, `emergency_contact`, `email`, `district`, `address`, `fs_code`, `fs_mrp`, `device_purchase_date`, `is_verified`, `verified_by`, `created_at`, `updated_at`) VALUES
(31, 203, 'Dont Worry Screen Protection', '866405047039106', 'HUAWEI', 'P30 Lite', '25999', 'MR', 'M', 'Mostafizur Rahman', '19/12/1995', '01752514832', '01558956288', 'mostafiz1950@gmail.com', 'Dhaka-Bashundhara City.', 'Shop: 19-22, Block-B, Level-3, Bashundhara City Shopping Complex, Panthapath, Dhaka-1205', '51621T420829', '995', '11/15/2020', 1, 219, '2020-12-03 18:44:14', '2020-12-03 18:44:14'),
(32, 232, 'Dont Worry Screen Protection', '866405047035559', 'HUAWEI', 'P30 Lite', '25999', 'MR', 'M', 'Ashraful', NULL, '01818183412', NULL, NULL, 'DHK-S', 'Block-C,Level-1,Shop-4.B.city', '36263T410683', '995', NULL, 1, 248, '2020-12-03 20:15:11', '2020-12-03 20:15:11'),
(33, 219, 'Dont Worry Screen Protection', '868054047029788', 'HUAWEI', 'P30 Pro', '89990', 'MR', 'M', 'MR Sujon Talukder', '20/10/1986', '01725008899', '01674008899', 'sujonadust@yahoo.com', 'Dhaka-Uttara', 'Shop -24, 25, Polwel Carnation Shopping Centre, Level-07, Abdullahpur, Uttara, Dhaka, Bangladesh', '6031T730206', '3920', '06/22/2020', 1, 235, '2020-12-05 18:03:30', '2020-12-05 18:03:30'),
(34, 276, 'Dont Worry Screen Protection', '866795046986566', 'HUAWEI', 'Matepad T8', '13999', 'MR', 'M', 'KAZI Zinnah', NULL, '01715114916', NULL, NULL, 'DHK-S', 'Shop No.302,Floor/Level2,Baitul Veiw Tower,56/1,Purana Paltan,Dhaka', '48027T216991', '570', '12/06/2020', 1, 292, '2020-12-06 17:47:17', '2020-12-06 17:47:17'),
(35, 204, 'Dont Worry Screen Protection', '860251043271541', 'HUAWEI', 'Y9 Prime 2019', '23999', 'MR', 'M', 'Mr. Saad Zunayed', NULL, '01765830025', '01632687945', 'saadzunayed@outlook.com', 'Bogra', 'Al-Amin Complex 3rd floor( old krishi bank), Beside of Altaf Ali Market,In front of Police Fari, Nowab Bari Road, Bogra.', '36794T454475', '995', '08/29/2020', 1, 220, '2020-12-06 19:26:53', '2020-12-06 19:26:53'),
(36, 207, 'Dont Worry Screen Protection', '860251043274339', 'HUAWEI', 'Y9 Prime 2019', '23999', 'MR', 'M', 'MR.ASIF KAMAL', '01/01/1979', '01754401404', '01716095437', 'akamalbd77@gamil.com', 'Chittagong', 'Faruk Chamber, 3rd Floor, 1403, Sk. Mujib Road , Chowmuhoni, Chittagong.', '37554T423497', '995', '02/13/2020', 1, 223, '2020-12-06 20:43:06', '2020-12-06 20:43:06'),
(37, 232, 'Dont Worry Screen Protection', '866795046949812', 'HUAWEI', 'Matepad T8', '13999', 'MR', 'M', 'Bahadur', NULL, '01914902654', NULL, NULL, 'DHK-S', 'Block-C,Level-1,Shop-4.B.city', '33498T249346', '570', NULL, 1, 248, '2020-12-10 21:13:55', '2020-12-10 21:13:55'),
(38, 232, 'Dont Worry Screen Protection', '866795046981500', 'HUAWEI', 'Matepad T8', '13999', 'MR', 'M', 'Nasima Begum', '24/04/1965', '01715019426', NULL, NULL, 'DHK-S', 'Block-C,Level-1,Shop-4.B.city', '4293T219388', '570', '12/11/2020', 1, 248, '2020-12-11 22:53:05', '2020-12-11 22:53:05');

-- --------------------------------------------------------

--
-- Table structure for table `service_histories`
--

CREATE TABLE `service_histories` (
  `id` bigint(20) UNSIGNED NOT NULL,
  `store_id` int(11) NOT NULL,
  `imei` varchar(191) COLLATE utf8mb4_unicode_ci NOT NULL,
  `model` varchar(191) COLLATE utf8mb4_unicode_ci NOT NULL,
  `price` varchar(191) COLLATE utf8mb4_unicode_ci NOT NULL,
  `fs_code` varchar(191) COLLATE utf8mb4_unicode_ci NOT NULL,
  `purchase_date` varchar(191) COLLATE utf8mb4_unicode_ci NOT NULL,
  `status` int(11) UNSIGNED NOT NULL,
  `delivery_date` timestamp NULL DEFAULT NULL,
  `created_at` timestamp NULL DEFAULT NULL,
  `updated_at` timestamp NULL DEFAULT NULL
) ENGINE=InnoDB DEFAULT CHARSET=utf8mb4 COLLATE=utf8mb4_unicode_ci;

-- --------------------------------------------------------

--
-- Table structure for table `temp_files`
--

CREATE TABLE `temp_files` (
  `file_id` bigint(20) NOT NULL,
  `sales_id` int(11) NOT NULL,
  `imei` varchar(191) NOT NULL,
  `file_name` varchar(191) NOT NULL,
  `file_for` varchar(191) NOT NULL,
  `file_type` varchar(191) NOT NULL,
  `upload_by` int(11) NOT NULL,
  `status` int(11) NOT NULL,
  `file_location` varchar(191) NOT NULL,
  `created_at` timestamp NOT NULL DEFAULT CURRENT_TIMESTAMP ON UPDATE CURRENT_TIMESTAMP,
  `updated_at` timestamp NOT NULL DEFAULT '0000-00-00 00:00:00'
) ENGINE=InnoDB DEFAULT CHARSET=utf8;

--
-- Dumping data for table `temp_files`
--

INSERT INTO `temp_files` (`file_id`, `sales_id`, `imei`, `file_name`, `file_for`, `file_type`, `upload_by`, `status`, `file_location`, `created_at`, `updated_at`) VALUES
(105, 0, '080811112222222', '1607865819_P30.jpg', 'sales', 'image', 219, 1, 'uploads/sales/', '2020-12-14 00:23:39', '2020-12-14 00:23:39'),
(106, 0, '080811112222222', '1607865819_mate30.jpg', 'sales', 'image', 219, 1, 'uploads/sales/', '2020-12-14 00:23:39', '2020-12-14 00:23:39'),
(111, 0, '865163047104690', '1612111355_warning.png', 'sales', 'image', 320, 1, 'uploads/sales/', '2021-01-31 16:42:36', '2021-01-31 16:42:36'),
(112, 0, '865163047104690', '1612111356_male.png', 'sales', 'image', 320, 1, 'uploads/sales/', '2021-01-31 16:42:36', '2021-01-31 16:42:36'),
(113, 0, '865163047104690', '1612111423_star.png', 'sales', 'image', 320, 1, 'uploads/sales/', '2021-01-31 16:43:43', '2021-01-31 16:43:43'),
(114, 0, '865163047104690', '1612111423_success.png', 'sales', 'image', 320, 1, 'uploads/sales/', '2021-01-31 16:43:43', '2021-01-31 16:43:43'),
(117, 0, '865163047104690', '1612112417_dummy.png', 'sales', 'image', 320, 1, 'uploads/sales/', '2021-01-31 17:00:17', '2021-01-31 17:00:17'),
(118, 0, '865163047104690', '1612112417_dummy.png', 'sales', 'image', 320, 1, 'uploads/sales/', '2021-01-31 17:00:17', '2021-01-31 17:00:17');

-- --------------------------------------------------------

--
-- Table structure for table `tiers`
--

CREATE TABLE `tiers` (
  `id` bigint(20) UNSIGNED NOT NULL,
  `tier` varchar(191) COLLATE utf8mb4_unicode_ci NOT NULL,
  `price_range_start` varchar(191) COLLATE utf8mb4_unicode_ci NOT NULL,
  `price_range_end` varchar(191) COLLATE utf8mb4_unicode_ci NOT NULL,
  `status` int(11) NOT NULL,
  `added_by` int(11) NOT NULL,
  `created_at` timestamp NULL DEFAULT NULL,
  `updated_at` timestamp NULL DEFAULT NULL
) ENGINE=InnoDB DEFAULT CHARSET=utf8mb4 COLLATE=utf8mb4_unicode_ci;

--
-- Dumping data for table `tiers`
--

INSERT INTO `tiers` (`id`, `tier`, `price_range_start`, `price_range_end`, `status`, `added_by`, `created_at`, `updated_at`) VALUES
(5, 'T1', '5000', '10000', 1, 19, '2020-09-30 22:27:32', '2020-09-30 22:27:32'),
(6, 'T2', '10001', '15000', 1, 19, '2020-09-30 22:27:54', '2020-09-30 22:27:54'),
(7, 'T3', '15001', '20000', 1, 19, '2020-09-30 22:28:20', '2020-09-30 22:28:20'),
(8, 'T4', '20001', '30000', 1, 19, '2020-09-30 22:28:51', '2020-09-30 22:28:51'),
(9, 'T5', '30001', '50000', 1, 19, '2020-09-30 22:29:43', '2020-09-30 22:29:43'),
(10, 'T6', '50001', '75000', 1, 19, '2020-09-30 22:30:03', '2020-09-30 22:30:03'),
(11, 'T7', '75001', '100000', 1, 19, '2020-09-30 22:30:22', '2020-09-30 22:30:22'),
(12, 'T8', '100001', '150000', 1, 19, '2020-09-30 22:31:35', '2020-09-30 22:31:35');

-- --------------------------------------------------------

--
-- Table structure for table `users`
--

CREATE TABLE `users` (
  `id` bigint(20) UNSIGNED NOT NULL,
  `name` varchar(191) COLLATE utf8mb4_unicode_ci NOT NULL,
  `username` varchar(191) COLLATE utf8mb4_unicode_ci NOT NULL,
  `email` varchar(191) COLLATE utf8mb4_unicode_ci DEFAULT NULL,
  `email_verified_at` timestamp NULL DEFAULT NULL,
  `password` varchar(191) COLLATE utf8mb4_unicode_ci NOT NULL,
  `store_id` int(11) DEFAULT NULL,
  `remember_token` varchar(100) COLLATE utf8mb4_unicode_ci DEFAULT NULL,
  `created_at` timestamp NULL DEFAULT NULL,
  `updated_at` timestamp NULL DEFAULT NULL
) ENGINE=InnoDB DEFAULT CHARSET=utf8mb4 COLLATE=utf8mb4_unicode_ci;

--
-- Dumping data for table `users`
--

INSERT INTO `users` (`id`, `name`, `username`, `email`, `email_verified_at`, `password`, `store_id`, `remember_token`, `created_at`, `updated_at`) VALUES
(1, 'Supadmin', 'cpp_supadmin', 'supadmin@cpp.com', NULL, '$2y$10$TyPN9bnMozm9easfn.9U4ejmEsqFVcTuWqxqtHMfut5L3vq3iDrbG', NULL, NULL, '2020-03-19 09:50:55', '2020-07-03 12:48:46'),
(2, 'Admin', 'cpp_admin', 'admin@cpp.com', NULL, '$2y$10$QL275kwT8aHhkacBievCduUVNy7rFITL3DAiUHcUcJenlowt6Xy0.', NULL, NULL, '2020-03-19 09:50:56', '2020-03-19 09:50:56'),
(3, 'Salescenter', 'cpp_salescenter', 'salescenter@cpp.com', NULL, '$2y$10$cuhVN.7jaOh8oqzTm/VHBe.nTiZB38vN9g5mmC021JL8KgHq9ENyS', NULL, NULL, '2020-03-19 09:50:56', '2020-03-19 09:50:56'),
(4, 'Servicepoint', 'cpp_servicepoint', 'servicepoint@cpp.com', NULL, '$2y$10$Sbul7o5f8AVGYHVQykZKUOyt5Jv6Ll0jQ9Zp2b.eL3GmWPWxHhuo6', NULL, NULL, '2020-03-19 09:50:57', '2020-06-15 07:48:05'),
(5, 'Cru User', 'cpp_cru_user', 'cru_user@cpp.com', NULL, '$2y$10$GMrayh5olm7elR04.cqCO.5GZLuiPqWTxh0Piy/bhtyVO56KF33IC', NULL, '53JBuzqGdB', '2020-03-19 09:50:57', '2020-03-19 09:50:57'),
(19, 'Masum Ahmed', 'masum', 'masum.ahmed@cppbd.com', NULL, '$2y$10$N0Xys9uaBRnDt.oTNqfrdeJ6EWUnTaiLw5zjezm3V6.3ObjAEfl1O', NULL, NULL, '2020-05-24 03:53:27', '2020-12-06 21:37:35'),
(219, 'ASC_BCT', 'HWASCBCT', NULL, NULL, '$2y$10$04hnR2LsCi9ImmnSP5dXhueh.pdAZnIdYA3GsKRLfvUugSFuT4Z.m', 203, NULL, '2020-12-01 04:06:22', '2020-12-01 04:06:22'),
(220, 'ASC_BOG', 'HWASCBOG', NULL, NULL, '$2y$10$VNwc179nUtd55h65o3pwU.r1vuUzxhEkFCOVNbXPqRLZvfCIyg8Ru', 204, NULL, '2020-12-01 04:06:23', '2020-12-01 04:06:23'),
(221, 'ASC_BSL', 'HWASCBSL', NULL, NULL, '$2y$10$x5iRzfqaTxq0grYn0pLgHuBW/CL5kArII/o4NwmEyoyMpYjuQMHW6', 205, NULL, '2020-12-01 04:06:23', '2020-12-01 04:06:23'),
(222, 'ASC_COM', 'HWASCCOM', NULL, NULL, '$2y$10$V7KPHF50uNMWL.v4.o8UruS6k6aUUbkUvOrUY8RT.Mgjbc2XWcJMO', 206, NULL, '2020-12-01 04:06:23', '2020-12-01 04:06:23'),
(223, 'ASC_CTG', 'HWASCCTG', NULL, NULL, '$2y$10$Q3Fo0e.NEAfQUbLo1o1.zuvqsUNi8rX.BHwlk/32z0.kDCc3BLb2W', 207, NULL, '2020-12-01 04:06:23', '2020-12-01 04:06:23'),
(224, 'ASC_GAZ', 'HWASCGAZ', NULL, NULL, '$2y$10$pj5aj.6Yt6miHaRcex4kxOlohZhIjkBeQh2yLYK.DRfCOyxxXT5Sm', 208, NULL, '2020-12-01 04:06:23', '2020-12-01 04:06:23'),
(225, 'ASC_KHL', 'HWASCKHL', NULL, NULL, '$2y$10$pEmOn3CXFZ9lKJ/zvRvONOoS7zhe1MTh9Di0Y.mWWxQjRpVDDu/WO', 209, NULL, '2020-12-01 04:06:23', '2020-12-01 04:06:23'),
(226, 'ASC_MOT', 'HWASCMOT', NULL, NULL, '$2y$10$SOxW2gYtrxISm4.q7Dy0EuD5WiaXdGnmn8a8.kdLh7P5MBkBKhihC', 210, NULL, '2020-12-01 04:06:23', '2020-12-01 04:06:23'),
(227, 'ASC_MPR', 'HWASCMPR', NULL, NULL, '$2y$10$bvizY8CwDKGiZ4uypVrPVe4TjU3ATHNV30W47nybWtIBxLBttahha', 211, NULL, '2020-12-01 04:06:23', '2020-12-01 04:06:23'),
(228, 'ASC_MYM', 'HWASCMYM', NULL, NULL, '$2y$10$5reAq3L9UV.q8I2H8YRXV.Hhat9Ghl6bQ.N1kRnSuZxUXRXEPZXj.', 212, NULL, '2020-12-01 04:06:23', '2020-12-01 04:06:23'),
(229, 'ASC_NRG', 'HWASCNRG', NULL, NULL, '$2y$10$6WqVcWxweuVLtECa02txvugPYFzRVfklaOFdf3zChfJ885WOVwNa6', 213, NULL, '2020-12-01 04:06:23', '2020-12-01 04:06:23'),
(230, 'ASC_RAJ', 'HWASCRAJ', NULL, NULL, '$2y$10$jYyv1bcNyrFnrmN083JO3e5Ueqvbo6IKdYwK9Rzz6PZxT1R7vyP4q', 214, NULL, '2020-12-01 04:06:23', '2020-12-01 04:06:23'),
(231, 'ASC_RGN', 'HWASCRGN', NULL, NULL, '$2y$10$Xp5xK8/ZlyU3i/J41fwgT.Cbmfp0GVpZi3LC87okrmeuaRXNNy4CO', 215, NULL, '2020-12-01 04:06:24', '2020-12-01 04:06:24'),
(232, 'ASC_SVR', 'HWASCSVR', NULL, NULL, '$2y$10$wWua9SmTgNbd18ylFYXmR.ytIyWEQaQMbv8DrOvGm1JCx/m8vf26q', 216, NULL, '2020-12-01 04:06:24', '2020-12-01 04:06:24'),
(233, 'ASC_SYL', 'HWASCSYL', NULL, NULL, '$2y$10$zCIl7rO3rS4McI4B0S1jOuCXxgJTUT74aMti6ENoetA5hEkeIu1U2', 217, NULL, '2020-12-01 04:06:24', '2020-12-01 04:06:24'),
(234, 'ASC_TNG', 'HWASCTNG', NULL, NULL, '$2y$10$E63nF44XeruusXTCGMwGgOqBS0WjMp6DLPTCfHuA/ZZGh4yGcJEA.', 218, NULL, '2020-12-01 04:06:24', '2020-12-01 04:06:24'),
(235, 'ASC_UTT', 'HWASCUTT', NULL, NULL, '$2y$10$uIZ7yXPulEe1t5YAcQIqcOOOoZPQg0dWLoP.K29.gqtK7Ch5/o/hK', 219, NULL, '2020-12-01 04:06:24', '2020-12-01 04:06:24'),
(236, 'Huawei Experience Store-MI Telecom', 'SGSBD072730', NULL, NULL, '$2y$10$bsu4C6l0bxQC7dZcKr09e.gw6j5WA/j.kijtrsJip2sxkCDnez/qS', 220, NULL, '2020-12-01 04:06:24', '2020-12-01 04:06:24'),
(237, 'J.Alam International', 'SGSBD071951', NULL, NULL, '$2y$10$8tFmXA/JCmmkWrrhREZHUe/UY6wSmdrPqrzLSNYDwtE9/5gTKRUUu', 221, NULL, '2020-12-01 04:06:24', '2020-12-01 04:06:24'),
(238, 'Digitron', 'SGSBD067371', NULL, NULL, '$2y$10$hyuoZCCPQHRnj3wr7tDlMe4BXQDhSLrp7kxsvQXYVMbLd0XGWpgcO', 222, NULL, '2020-12-01 04:06:24', '2020-12-01 04:06:24'),
(239, 'EERNA 07 - Multiplan Centre', 'SGSBD061282', NULL, NULL, '$2y$10$CnALHiMXEy2z78iJyTJT/Oawy4ljocu1qkRBAZzZpUnscQR08IHaS', 223, NULL, '2020-12-01 04:06:24', '2020-12-01 04:06:24'),
(240, 'EERNA 09 - Banani', 'SGSBD070262', NULL, NULL, '$2y$10$YxMFsvaozvH4F8FpwGej..s2EkfXPX5CGZB07.DO9Iw/A8xAm2G0G', 224, NULL, '2020-12-01 04:06:25', '2020-12-01 04:06:25'),
(241, 'EERNA 10 - Head Office', 'SGSBD070565', NULL, NULL, '$2y$10$ThGWwHOiXMTJKha1/BGNzux7mbspi3f1i33JUZu7N4HtI7pWyv4fe', 225, NULL, '2020-12-01 04:06:25', '2020-12-01 04:06:25'),
(242, 'Nur Smart Shop(HES)-Comilla', 'SBGDSCT01066', NULL, NULL, '$2y$10$O04AXrhTCgRCS0SBD/jyteQe1q7f2qnobyX91OMiSSRSaFeUl8OkO', 226, NULL, '2020-12-01 04:06:25', '2020-12-01 04:06:25'),
(243, 'Wave Telecom', 'SBGDSRA00758', NULL, NULL, '$2y$10$qIsSAyE8DeYjG3Jv1ml4I.1hcMk6E6MuwrMkOD7j//EnNbJ3AeHea', 227, NULL, '2020-12-01 04:06:25', '2020-12-01 04:06:25'),
(244, 'EERNA 06 - HES Savar', 'CNSBD051273', NULL, NULL, '$2y$10$NgbBJ/g3C7Tvlsgtvv7DsuXRZtRNAiKjuLcdUNqhY4P6rXuczI9pu', 228, NULL, '2020-12-01 04:06:25', '2020-12-01 04:06:25'),
(245, 'EERNA 13 - Z.H Telecom', 'SBGDSRA00776', NULL, NULL, '$2y$10$VJ5CZSqzVASQ58ZymqXQx.QEYTbS8b2FpRqrJUNeLqScvcAEvviFK', 229, NULL, '2020-12-01 04:06:25', '2020-12-01 04:06:25'),
(246, 'EERNA 11 - DS Gallery 2', 'SBGDSKH01202', NULL, NULL, '$2y$10$jfGYmpimc8acn2hrdRoUZOy8bBis6dijDUyUSWMbqCsUVzzS7kRNi', 230, NULL, '2020-12-01 04:06:25', '2020-12-01 04:06:25'),
(247, 'EERNA 12 - Anan\'s', 'SBGDSRA00652', NULL, NULL, '$2y$10$kAsBiw4i1RRxW5VBvFXfJuxPmybQVBGeM3wE4xBYA.Bnd4y/HoERu', 231, NULL, '2020-12-01 04:06:25', '2020-12-01 04:06:25'),
(248, 'EERNA 03 - Source Trading', 'SGSBD036606', NULL, NULL, '$2y$10$Q0rntMDIMGt9z9C5CA0wYem9JHdIp235nhvSgVxyJ.PMJwE/jw2B6', 232, NULL, '2020-12-01 04:06:25', '2020-12-01 04:06:25'),
(249, 'EERNA 15 - M2M Communication', 'SBGDSDH00169', NULL, NULL, '$2y$10$m8nUCcMVZuKSgs0d7J3KMeTHja.sb9aFJnWEs.5gx.RcpUni5K21i', 233, NULL, '2020-12-01 04:06:25', '2020-12-01 04:06:25'),
(250, 'Mobile Hut(Narayangonj)', 'SBGDSSY00346', NULL, NULL, '$2y$10$/yBrP0FPsK7fiZN13IFUCui2IlNa19sAaqvOjsayYeyvI/J3l3Z7W', 234, NULL, '2020-12-01 04:06:25', '2020-12-01 04:06:25'),
(251, 'Bushra phone', 'SGSBD067649', NULL, NULL, '$2y$10$c5pPywecyxjihdq1Zo.nqu.nKajGEokRcTSDjeaYaqjOoyMR1wL3y', 235, NULL, '2020-12-01 04:06:26', '2020-12-01 04:06:26'),
(252, 'Aamar Shop.bd', 'SGSBD066694', NULL, NULL, '$2y$10$NqPuKub/E/PSec0mt3e1vOVdBRCUVfJ6cRgJ9YWOe9yiO8y.MMP5G', 236, NULL, '2020-12-01 04:06:26', '2020-12-01 04:06:26'),
(253, 'S.R Telecom', 'SGSBD061266', NULL, NULL, '$2y$10$ZgzCAVxky27XneG24Jn.0OZwR/jmZ0lbpk.kMMhpqa/IKprTwnSgS', 237, NULL, '2020-12-01 04:06:26', '2020-12-01 04:06:26'),
(254, 'Creative zone.', 'SBGDSSY00345', NULL, NULL, '$2y$10$1Xq4fryS77PNxRWuwp3puuzMaZFsxVptyLOmYLZfoQeBCCnsOoJzG', 238, NULL, '2020-12-01 04:06:26', '2020-12-01 04:06:26'),
(255, 'Friend Verse', 'SBGDSDH02602', NULL, NULL, '$2y$10$cD3hoAJSfrn3bEA1WfwrQe8ZugWG0tw6UtAM/BBL1BsoshI5Pa5fC', 239, NULL, '2020-12-01 04:06:26', '2020-12-01 04:06:26'),
(256, 'Modern communication', 'SBGDSKH00936', NULL, NULL, '$2y$10$1mWIYWIAU45SbOwU5cet5eHaVnMTahEaEuXeAYWdWxag8ujvVilza', 240, NULL, '2020-12-01 04:06:26', '2020-12-01 04:06:26'),
(257, 'GABS Trade Linker', 'SBGDSRA00685', NULL, NULL, '$2y$10$0MHfJYib7K1CjEeMaBFkEuYPrDeEPNG731D1VHE0MZAGEiYHiW/4q', 241, NULL, '2020-12-01 04:06:26', '2020-12-01 04:06:26'),
(258, 'Top Enterpries (HES ).', 'SBGDSRA00649', NULL, NULL, '$2y$10$Tj/bA7Xi32WtGRWre2LxouOx/NiKIlvKgt2j3DDhbKt0d0U3s4JYW', 242, NULL, '2020-12-01 04:06:26', '2020-12-01 04:06:26'),
(259, 'Idea Smart cafe plus(HES).', 'SBGDSRA01161', NULL, NULL, '$2y$10$fhyeTTK8SKx5n5l8Tkx4zehtZivRsLQ5yfwl6rqlhK3hEUZPK/mo6', 243, NULL, '2020-12-01 04:06:26', '2020-12-01 04:06:26'),
(260, 'Taseen Telecom', 'SBGDSRA00867', NULL, NULL, '$2y$10$W8XCuE36ujirvlZaaZ.9VOCTCoVPQ.C3HynLpDZL2jOCkeR1QdWbu', 244, NULL, '2020-12-01 04:06:26', '2020-12-01 04:06:26'),
(261, 'NB TEL', 'SBGDSRA00846', NULL, NULL, '$2y$10$/EzJiuMziVpE.AOInXD4LO/iv6XG90bsvPHaYDIdOrcYxAILwIPna', 245, NULL, '2020-12-01 04:06:27', '2020-12-01 04:06:27'),
(262, 'M/S Tuser Enterprise(HES)', 'SBGDSRA00836', NULL, NULL, '$2y$10$TPqPMj8fr2z2WUAfB4n5P.xOJGw473Ytfn5Eqr7N7jO3IYdn3eLSi', 246, NULL, '2020-12-01 04:06:27', '2020-12-01 04:06:27'),
(263, 'Music Mantra', 'SGSBD033424', NULL, NULL, '$2y$10$3rao8VvI8oomYjFwzOedpOVwQiGHzm7PGNi3Bfl1KHWamxhomEKEe', 247, NULL, '2020-12-01 04:06:27', '2020-12-01 04:06:27'),
(264, 'Easy Touch', 'SBGDSKH00879', NULL, NULL, '$2y$10$PqFAjit4JkWnBuMRkLht8eyVI/UuNmn377Kh.plwknFNxwiqoenAi', 248, NULL, '2020-12-01 04:06:27', '2020-12-01 04:06:27'),
(265, 'Noor Smart Zone - Patuakhali', 'SBGDSKH00029', NULL, NULL, '$2y$10$gTSsSD3073PC4754wvXrO.o/YU6VURKqd8XnGD.bzrUXFGX75HDwW', 249, NULL, '2020-12-01 04:06:27', '2020-12-01 04:06:27'),
(266, 'KK Electronics', 'SBGDSDH01628', NULL, NULL, '$2y$10$004t7L6Pgmp8v3HEa0EJ0ONX7PColwK87uwLKrNTz6nVVoxSSOqcm', 250, NULL, '2020-12-01 04:06:27', '2020-12-01 04:06:27'),
(267, 'Adrito Telecom International', 'SBGDSDH01515', NULL, NULL, '$2y$10$XYLOnYx3ehte97FvUakB.uy4h0MX0FbkAAPXZsnNs2RSkA5OULLVy', 251, NULL, '2020-12-01 04:06:27', '2020-12-01 04:06:27'),
(268, 'Haroun Telecom-2', 'SBGDSDH00647', NULL, NULL, '$2y$10$MY.bzhD9HmCRh2erpE0vYu7wLmJ1mNHEKnEPPAZ/K7iNXloSdWnc2', 252, NULL, '2020-12-01 04:06:27', '2020-12-01 04:06:27'),
(269, 'B.M.A Electronics-Dhaka City-N', 'SBGDSDH00308', NULL, NULL, '$2y$10$yeV5.eP390tsY4CCXUps4OGaN43CjrLOkc8WL9qyII3WFwzDRFnJO', 253, NULL, '2020-12-01 04:06:27', '2020-12-01 04:06:27'),
(270, 'Araf Telecom-Dhaka City-N', 'SBGDSDH00264', NULL, NULL, '$2y$10$Yih4Ekqnvvas5W5FuR4PkuIkSxdIYTEu.axwAqqvZEQSbpSc5FWyi', 254, NULL, '2020-12-01 04:06:27', '2020-12-01 04:06:27'),
(271, 'Mobile Bazar (11)', 'SBGDSDH00197', NULL, NULL, '$2y$10$422ZjeqntaaJt6TRFqIe6OoWAd8d4PPv3bG7EJdQ6n11hzoVSB5km', 255, NULL, '2020-12-01 04:06:27', '2020-12-01 04:06:27'),
(272, 'Mobile House (7)', 'SBGDSCT00539', NULL, NULL, '$2y$10$T34CumzsC22OVzo9Hzr8UeHLAoQWAB.2GebqYuKSpugjIWLPHJYWy', 256, NULL, '2020-12-01 04:06:28', '2020-12-01 04:06:28'),
(273, 'Modina plaza', 'SBGDSCT00498', NULL, NULL, '$2y$10$wFweCg7S9O70KUYLSWoDSO3CiuWOqafGRH0ngEVuhgL3HgsnsoM2O', 257, NULL, '2020-12-01 04:06:28', '2020-12-01 04:06:28'),
(274, 'World Connection', 'SBGDSCT00490', NULL, NULL, '$2y$10$Nk7XlhSlQ6G9t11DBSsb.eULXHdvX6ngA/8RIjWIbNdvFnrpV23t6', 258, NULL, '2020-12-01 04:06:28', '2020-12-01 04:06:28'),
(275, 'HUAWEI EXPERIENCE SHOP(Banskhali)', 'SBGDSCT00461', NULL, NULL, '$2y$10$xy2gMT31OuRNnpa9F.VBBee1h29QcR5D3NIKkrd2Gb42hz7HWmvdi', 259, NULL, '2020-12-01 04:06:28', '2020-12-01 04:06:28'),
(276, 'OVI Telecom, ( Chokoria Brand Shop)', 'SBGDSCT00460', NULL, NULL, '$2y$10$pfX7DPHUcbieW3ySsW/eiOvuXbrpd7eN2jCfGjl87mf31IjBNmtQe', 260, NULL, '2020-12-01 04:06:28', '2020-12-01 04:06:28'),
(277, 'Mobile Link (3)', 'SBGDSCT00427', NULL, NULL, '$2y$10$VFfcgOLJspBvhc6qcg6oxu01uMvJgQQvf6ribLFTCj/BAvf2BpLKu', 261, NULL, '2020-12-01 04:06:28', '2020-12-01 04:06:28'),
(278, 'M.K Electronics', 'SBGDSCT00421', NULL, NULL, '$2y$10$rodHi.7JYMHb6i.WGAJxNe3hNiKC9nEedFujTxWRMYKK3Rvg/VT/O', 262, NULL, '2020-12-01 04:06:28', '2020-12-01 04:06:28'),
(279, 'Bengal telecom (1)', 'SBGDSCT00293', NULL, NULL, '$2y$10$SU/oaXAyefiBDNJzc0S5velHbddp7oqW5g4SFtqyK7OuzntMNxlrW', 263, NULL, '2020-12-01 04:06:28', '2020-12-01 04:06:28'),
(280, 'Sheba Brand Shop', 'SBGDSCT00098', NULL, NULL, '$2y$10$/K.50qWtLfsajz62at770.9B1g.VfcsG4Tyytsu/x1m/9efIR0Vnm', 264, NULL, '2020-12-01 04:06:28', '2020-12-01 04:06:28'),
(281, 'Abedin Brand shop', 'SBGDSCT00096', NULL, NULL, '$2y$10$f/D9LpKFUwHS3E4Cr3a9cOItC0U/qyKytIPcQfV.IelUYs15Iwr0S', 265, NULL, '2020-12-01 04:06:28', '2020-12-01 04:06:28'),
(282, 'Cell finder', 'SBGDSCT00095', NULL, NULL, '$2y$10$xG/kZ/F9.WOtfV7kEqaShuGeOB.tWipHAInuByDszJy6FuvwlzGHq', 266, NULL, '2020-12-01 04:06:28', '2020-12-01 04:06:28'),
(283, 'Baj International', 'SBGDSCT00089', NULL, NULL, '$2y$10$5QQnxtrf8NtVbTlOk03t3O5T9owGkUNGQBvlLO5TMHDvinNx/b.Zi', 267, NULL, '2020-12-01 04:06:28', '2020-12-01 04:06:28'),
(284, 'H.K Telecom', 'SBGDSCT00016', NULL, NULL, '$2y$10$jlSNlc6cSQMOVXhnaJ/e/./cB1/62EwvdCavXheTQ7fJx98G1MNNy', 268, NULL, '2020-12-01 04:06:29', '2020-12-01 04:06:29'),
(285, 'Rony enterprise- Chittagong Metro', 'SBGDSCT00012', NULL, NULL, '$2y$10$X74lQ7u871EBhdMrE/95yeuPnEWZgREof0R67UlfgNpLYh1FZvG16', 269, NULL, '2020-12-01 04:06:29', '2020-12-01 04:06:29'),
(286, 'Habib Telecom (4)', 'SBGDSSY00017', NULL, NULL, '$2y$10$Xt5fDbkjaSoUpoIeYtGdreCP1QaTWUo00YpU6ZiEVxqg30z0IViT.', 270, NULL, '2020-12-01 04:06:29', '2020-12-01 04:06:29'),
(287, 'Comilla Telecom', 'SBGDSDH00473', NULL, NULL, '$2y$10$VVXftyqN3keM/K6DQO/zROlP1nTCqGaKlgkSjvnVxBnD2i1PlwLOe', 271, NULL, '2020-12-01 04:06:29', '2020-12-01 04:06:29'),
(288, 'SB telecom-Dhaka City-S', 'SBGDSDH00435', NULL, NULL, '$2y$10$QS8wbQCaIXxT7neU//Z/UuKz8cYT..kfcetYn.WC1CHgED6rXeFca', 272, NULL, '2020-12-01 04:06:29', '2020-12-01 04:06:29'),
(289, 'Maria telecom (4)', 'SBGDSDH00209', NULL, NULL, '$2y$10$KO5F.vV3N6T8/Rg4uHaU3eDnL2r0Mhbdj5UtouW9xnfTIRHoKtc3W', 273, NULL, '2020-12-01 04:06:29', '2020-12-01 04:06:29'),
(290, 'Archos-Dhaka City-S', 'SBGDSDH00124', NULL, NULL, '$2y$10$AB1lYhYqz4tt8u0TbrbYM.1MPIOrfTYn6fHOCPyTvaeyhFdLY4hmG', 274, NULL, '2020-12-01 04:06:29', '2020-12-01 04:06:29'),
(291, 'SM Telecom-Dhaka City-N', 'SBGDSDH00080', NULL, NULL, '$2y$10$7H9WughGW5N2f9op3yTbau1TqYWfUU1hsPYttbSUK6TE3DtUOOEHC', 275, NULL, '2020-12-01 04:06:29', '2020-12-01 04:06:29'),
(292, 'Ahnaf Electronics', 'SBGDSDH00049', NULL, NULL, '$2y$10$3/HNiPcRvUT6UPznsCsQhuEvqjEmsFkox5q2ac8MgUYKWecfoiUmW', 276, NULL, '2020-12-01 04:06:29', '2020-12-01 04:06:29'),
(293, 'Sahat Electronics-Dhaka City-S', 'SBGDSDH00015', NULL, NULL, '$2y$10$jKlPnDv2Z3uQgRhZZSrCzebHePdm24FL2lR9/EahL583JsKjF8b2S', 277, NULL, '2020-12-01 04:06:29', '2020-12-01 04:06:29'),
(294, 'Sohi Distribution', 'CNSBD024295', NULL, NULL, '$2y$10$drKXsuyamiC7EuLPuIICqedxbXpyREf.40coBWPFyc4iFZXCJ1W32', 278, NULL, '2020-12-01 04:06:29', '2020-12-01 04:06:29'),
(295, 'Kazi Electronics - Madaripur', 'SBGDSKH00854', NULL, NULL, '$2y$10$SWsFPaNILHh2X0hLdRuFGelazkXxXcgKIuWQUxuXVq3wZ4nMjknTu', 279, NULL, '2020-12-01 04:06:30', '2020-12-01 04:06:30'),
(296, 'Mobile Network (2)', 'SBGDSDH04231', NULL, NULL, '$2y$10$/1RcjUf7h3TwdVRygSrUI.COT/pOWGTAX60J4LRm.mM5RCWC6ku6.', 280, NULL, '2020-12-01 04:06:30', '2020-12-01 04:06:30'),
(297, 'HN Telecom 2', 'SBGDSDH04132', NULL, NULL, '$2y$10$Q2/yDsOxnJHz9D6uQ09tZ.Hev5kVD4MDcGa6qdbzJR2LCZSsCHcya', 281, NULL, '2020-12-01 04:06:30', '2020-12-01 04:06:30'),
(298, 'Ideal cellular(HES)- Dhaka City-S', 'SBGDSDH02269', NULL, NULL, '$2y$10$vx8yDY0PM5oMrn8RVcbZm.AoNiXGTaIPvwtCK6MFFzwo3tgqlPLay', 282, NULL, '2020-12-01 04:06:30', '2020-12-01 04:06:30'),
(299, 'Bismillah Mobile House-Dhaka City-S', 'SBGDSDH01710', NULL, NULL, '$2y$10$uF3WIU.HuZQkKjKWbWc6eeXaDH4lY9gtzY3EtgduQ9SAsRM9kinCq', 283, NULL, '2020-12-01 04:06:30', '2020-12-01 04:06:30'),
(300, 'Tech Park', 'SBGDSDH01636', NULL, NULL, '$2y$10$JR6w69XbcLZQtTsn/cGwHOAoTnk0VkY4UYMLc/iIN1pXyd8ZpXX/W', 284, NULL, '2020-12-01 04:06:30', '2020-12-01 04:06:30'),
(301, 'Irani telecom', 'SBGDSDH01358', NULL, NULL, '$2y$10$mJcAqnv7/NEn9PdzqlbF5.W3eID7zCHodAyf8eauQtDpdS9yY/7Du', 285, NULL, '2020-12-01 04:06:30', '2020-12-01 04:06:30'),
(302, 'HS telecom (1)', 'SBGDSDH01045', NULL, NULL, '$2y$10$DvW.F3xZqk9RsTSuDs8qe.ZuUS8p7ejE7kScdRu8iMwpaSa9/ggQi', 286, NULL, '2020-12-01 04:06:30', '2020-12-01 04:06:30'),
(303, 'Rajon Mobile', 'SBGDSDH00772', NULL, NULL, '$2y$10$C1kJ10MtUyD3kicZNMs.TOPb96WUE.uBqVCbodi/7idGHhLXTEXjC', 287, NULL, '2020-12-01 04:06:30', '2020-12-01 04:06:30'),
(304, 'New Mobile Hut   HES(Narayangonj)', 'SBGDSSY00897', NULL, NULL, '$2y$10$2xyF5aaPII2HDCLFs64Myuo1rI5SxM64fWrQWmmX5Vr9WQhrUv3mW', 288, NULL, '2020-12-01 04:06:30', '2020-12-01 04:06:30'),
(305, 'Mishad Smartphone Gallery', 'SBGDSSY00829', NULL, NULL, '$2y$10$5CwwkoaHM..D.auQl1xyq.mwkXKFz4OCpuz3wjm.EakraZ9V9Q0A2', 289, NULL, '2020-12-01 04:06:30', '2020-12-01 04:06:30'),
(306, 'Cell one mobile', 'SBGDSSY00337', NULL, NULL, '$2y$10$V/F6tPq49uGaHJY1X8yLXOLH.RlVnEI1j5/Hjnv01Yk20dp9Pa28C', 290, NULL, '2020-12-01 04:06:31', '2020-12-01 04:06:31'),
(307, 'HES(Al Amin Mobile)', 'SBGDSSY00333', NULL, NULL, '$2y$10$5wGGBLhwxlVIF/wIB5Jhoe29oop2JWQ7Vg03rLzv313tSfP8xPCGO', 291, NULL, '2020-12-01 04:06:31', '2020-12-01 04:06:31'),
(308, 'S, World Telecom', 'SBGDSSY00043', NULL, NULL, '$2y$10$LOvHAiXeFKQJR3zPW1Von.DhSP4WLFrUc3yOZ9nYH/KJI9/bZMJli', 292, NULL, '2020-12-01 04:06:31', '2020-12-01 04:06:31'),
(309, 'Farjana Mobile', 'SBGDSSY00002', NULL, NULL, '$2y$10$Vxp8AUtj9yfI9Q1cv.VN6OOxM4YVggBzUCPfJA1j3Do0ZJ/BtDyeC', 293, NULL, '2020-12-01 04:06:31', '2020-12-01 04:06:31'),
(310, 'EERNA 05 - Jamuna Future Park', 'SGSBD034578', NULL, NULL, '$2y$10$RCcSHVAYAd2KYPqiVwB4xOksI/cHqP/ufpvnFYU4JldXFzO.zfHDa', 294, NULL, '2020-12-01 04:06:31', '2020-12-01 04:06:31'),
(311, 'EERNA 08 - Police Plaza (2)', 'SGSBD065034', NULL, NULL, '$2y$10$V1t03EYiMfmHJgC1oa43veZPbXf0u9oEeY2rndZqT8fyTWzLyL3sG', 295, NULL, '2020-12-01 04:06:31', '2020-12-01 04:06:31'),
(312, 'Amith', 'amith', NULL, NULL, '$2y$10$TaZ08Ojzb4Ydm5cUpKeh5.fj7encxDSECtyNwDKAxxTv51Lg9jhN.', 296, NULL, '2020-12-01 04:22:05', '2020-12-01 04:22:05'),
(313, 'Rabby', 'Rabby', NULL, NULL, '$2y$10$DpcblKMpq8cTrEYFOKhXu.mdC/O1pjVxdwVL4fhWhl7GeGFyGW0zq', 296, NULL, '2020-12-01 04:23:20', '2020-12-01 04:23:20'),
(314, 'Call Center User', 'Ccenter', NULL, NULL, '$2y$10$JHX4LMWluQxlnUhhH7n/0.0TyhxjHtwYqLBlLyZVXzslS9VxrTJFy', 296, NULL, '2020-12-01 04:24:35', '2020-12-01 04:24:35'),
(315, 'kazi Tanvir Mahmud', 'kazi.tanvir', NULL, NULL, '$2y$10$Dt/iB3M5tBUP4SbCtEohieImKdKJ1pKWNhT3IzEsHyRhqu2VVS8lq', 296, NULL, '2020-12-01 04:25:49', '2020-12-01 04:47:34'),
(317, 'Tahsin Jahan', 'tahsin', 'tahsin@reliance-bd.com', NULL, '$2y$10$BwqcxLapFUUkT7PRsgo83uOgmx4bVMRc1IzIABWxVICi0ms6SyEma', 296, NULL, '2020-12-06 21:42:02', '2020-12-06 21:42:02'),
(318, 'Ramzanul Quadar Billah', 'billah', 'billah@reliance-bd.com', NULL, '$2y$10$JOM5bqfh9f8tgNttjRjaoeQOh7S8KuEO0eNC/o0.YejmsJcrIW.gq', 296, NULL, '2020-12-06 21:45:14', '2020-12-06 21:45:14'),
(319, 'Akash', 'akash', NULL, NULL, '$2y$10$80CkOVd66hM.K.TLbp6XNOXup7kvMUVJE1t1obWyPUaJr8S5CQCrq', 220, NULL, '2020-12-14 00:45:34', '2020-12-14 00:45:34'),
(320, 'Kafi Rashid', 'kafi', 'kafi.rashid@gmail.com', NULL, '$2y$10$OxXq3jWe/KLPxZaXfb8FBubBldYySF5TdmHoPpqSWbsHY4NE.jsa6', 294, NULL, '2021-01-31 12:36:09', '2021-01-31 12:36:09'),
(321, 'BackOffice User', 'test.bo', NULL, NULL, '$2y$10$OHhG90WMEP/pRZWYNWY1GOyLs5AZJMU.fPeO6oCnkCP3dPjI/pERG', 296, NULL, '2021-01-31 17:47:51', '2021-01-31 17:47:51');

--
-- Indexes for dumped tables
--

--
-- Indexes for table `activation_histories`
--
ALTER TABLE `activation_histories`
  ADD PRIMARY KEY (`id`);

--
-- Indexes for table `bongo_tv_codes`
--
ALTER TABLE `bongo_tv_codes`
  ADD PRIMARY KEY (`id`);

--
-- Indexes for table `failed_jobs`
--
ALTER TABLE `failed_jobs`
  ADD PRIMARY KEY (`id`);

--
-- Indexes for table `files`
--
ALTER TABLE `files`
  ADD PRIMARY KEY (`file_id`);

--
-- Indexes for table `fscodes`
--
ALTER TABLE `fscodes`
  ADD PRIMARY KEY (`id`);

--
-- Indexes for table `imei`
--
ALTER TABLE `imei`
  ADD PRIMARY KEY (`id`);

--
-- Indexes for table `imeis`
--
ALTER TABLE `imeis`
  ADD PRIMARY KEY (`id`),
  ADD KEY `imei` (`imei`);

--
-- Indexes for table `import_exports`
--
ALTER TABLE `import_exports`
  ADD PRIMARY KEY (`id`);

--
-- Indexes for table `migrations`
--
ALTER TABLE `migrations`
  ADD PRIMARY KEY (`id`);

--
-- Indexes for table `outlets`
--
ALTER TABLE `outlets`
  ADD PRIMARY KEY (`id`);

--
-- Indexes for table `password_resets`
--
ALTER TABLE `password_resets`
  ADD KEY `password_resets_email_index` (`email`);

--
-- Indexes for table `permissions`
--
ALTER TABLE `permissions`
  ADD PRIMARY KEY (`id`),
  ADD UNIQUE KEY `permissions_name_unique` (`name`);

--
-- Indexes for table `permission_role`
--
ALTER TABLE `permission_role`
  ADD PRIMARY KEY (`permission_id`,`role_id`),
  ADD KEY `permission_role_role_id_foreign` (`role_id`);

--
-- Indexes for table `permission_user`
--
ALTER TABLE `permission_user`
  ADD PRIMARY KEY (`user_id`,`permission_id`,`user_type`),
  ADD KEY `permission_user_permission_id_foreign` (`permission_id`);

--
-- Indexes for table `phone_models`
--
ALTER TABLE `phone_models`
  ADD PRIMARY KEY (`id`);

--
-- Indexes for table `receive_delivery_histories`
--
ALTER TABLE `receive_delivery_histories`
  ADD PRIMARY KEY (`id`);

--
-- Indexes for table `roles`
--
ALTER TABLE `roles`
  ADD PRIMARY KEY (`id`),
  ADD UNIQUE KEY `roles_name_unique` (`name`);

--
-- Indexes for table `role_user`
--
ALTER TABLE `role_user`
  ADD PRIMARY KEY (`user_id`,`role_id`,`user_type`),
  ADD KEY `role_user_role_id_foreign` (`role_id`);

--
-- Indexes for table `sales`
--
ALTER TABLE `sales`
  ADD PRIMARY KEY (`id`),
  ADD UNIQUE KEY `sales_id_unique` (`id`);

--
-- Indexes for table `service_histories`
--
ALTER TABLE `service_histories`
  ADD PRIMARY KEY (`id`);

--
-- Indexes for table `temp_files`
--
ALTER TABLE `temp_files`
  ADD PRIMARY KEY (`file_id`);

--
-- Indexes for table `tiers`
--
ALTER TABLE `tiers`
  ADD PRIMARY KEY (`id`);

--
-- Indexes for table `users`
--
ALTER TABLE `users`
  ADD PRIMARY KEY (`id`);

--
-- AUTO_INCREMENT for dumped tables
--

--
-- AUTO_INCREMENT for table `activation_histories`
--
ALTER TABLE `activation_histories`
  MODIFY `id` bigint(20) NOT NULL AUTO_INCREMENT, AUTO_INCREMENT=16;

--
-- AUTO_INCREMENT for table `bongo_tv_codes`
--
ALTER TABLE `bongo_tv_codes`
  MODIFY `id` bigint(20) NOT NULL AUTO_INCREMENT, AUTO_INCREMENT=613;

--
-- AUTO_INCREMENT for table `failed_jobs`
--
ALTER TABLE `failed_jobs`
  MODIFY `id` bigint(20) UNSIGNED NOT NULL AUTO_INCREMENT;

--
-- AUTO_INCREMENT for table `files`
--
ALTER TABLE `files`
  MODIFY `file_id` bigint(20) UNSIGNED NOT NULL AUTO_INCREMENT, AUTO_INCREMENT=153;

--
-- AUTO_INCREMENT for table `fscodes`
--
ALTER TABLE `fscodes`
  MODIFY `id` bigint(20) UNSIGNED NOT NULL AUTO_INCREMENT, AUTO_INCREMENT=1693;

--
-- AUTO_INCREMENT for table `imei`
--
ALTER TABLE `imei`
  MODIFY `id` int(11) NOT NULL AUTO_INCREMENT, AUTO_INCREMENT=5;

--
-- AUTO_INCREMENT for table `imeis`
--
ALTER TABLE `imeis`
  MODIFY `id` bigint(20) UNSIGNED NOT NULL AUTO_INCREMENT, AUTO_INCREMENT=9;

--
-- AUTO_INCREMENT for table `import_exports`
--
ALTER TABLE `import_exports`
  MODIFY `id` bigint(20) UNSIGNED NOT NULL AUTO_INCREMENT;

--
-- AUTO_INCREMENT for table `migrations`
--
ALTER TABLE `migrations`
  MODIFY `id` int(10) UNSIGNED NOT NULL AUTO_INCREMENT, AUTO_INCREMENT=75;

--
-- AUTO_INCREMENT for table `outlets`
--
ALTER TABLE `outlets`
  MODIFY `id` bigint(20) UNSIGNED NOT NULL AUTO_INCREMENT, AUTO_INCREMENT=297;

--
-- AUTO_INCREMENT for table `permissions`
--
ALTER TABLE `permissions`
  MODIFY `id` int(10) UNSIGNED NOT NULL AUTO_INCREMENT, AUTO_INCREMENT=27;

--
-- AUTO_INCREMENT for table `phone_models`
--
ALTER TABLE `phone_models`
  MODIFY `id` bigint(20) UNSIGNED NOT NULL AUTO_INCREMENT, AUTO_INCREMENT=26;

--
-- AUTO_INCREMENT for table `receive_delivery_histories`
--
ALTER TABLE `receive_delivery_histories`
  MODIFY `id` bigint(20) UNSIGNED NOT NULL AUTO_INCREMENT, AUTO_INCREMENT=36;

--
-- AUTO_INCREMENT for table `roles`
--
ALTER TABLE `roles`
  MODIFY `id` int(10) UNSIGNED NOT NULL AUTO_INCREMENT, AUTO_INCREMENT=9;

--
-- AUTO_INCREMENT for table `sales`
--
ALTER TABLE `sales`
  MODIFY `id` int(10) UNSIGNED NOT NULL AUTO_INCREMENT, AUTO_INCREMENT=46;

--
-- AUTO_INCREMENT for table `service_histories`
--
ALTER TABLE `service_histories`
  MODIFY `id` bigint(20) UNSIGNED NOT NULL AUTO_INCREMENT, AUTO_INCREMENT=23;

--
-- AUTO_INCREMENT for table `temp_files`
--
ALTER TABLE `temp_files`
  MODIFY `file_id` bigint(20) NOT NULL AUTO_INCREMENT, AUTO_INCREMENT=121;

--
-- AUTO_INCREMENT for table `tiers`
--
ALTER TABLE `tiers`
  MODIFY `id` bigint(20) UNSIGNED NOT NULL AUTO_INCREMENT, AUTO_INCREMENT=13;

--
-- AUTO_INCREMENT for table `users`
--
ALTER TABLE `users`
  MODIFY `id` bigint(20) UNSIGNED NOT NULL AUTO_INCREMENT, AUTO_INCREMENT=322;

--
-- Constraints for dumped tables
--

--
-- Constraints for table `permission_role`
--
ALTER TABLE `permission_role`
  ADD CONSTRAINT `permission_role_permission_id_foreign` FOREIGN KEY (`permission_id`) REFERENCES `permissions` (`id`) ON DELETE CASCADE ON UPDATE CASCADE,
  ADD CONSTRAINT `permission_role_role_id_foreign` FOREIGN KEY (`role_id`) REFERENCES `roles` (`id`) ON DELETE CASCADE ON UPDATE CASCADE;

--
-- Constraints for table `permission_user`
--
ALTER TABLE `permission_user`
  ADD CONSTRAINT `permission_user_permission_id_foreign` FOREIGN KEY (`permission_id`) REFERENCES `permissions` (`id`) ON DELETE CASCADE ON UPDATE CASCADE;

--
-- Constraints for table `role_user`
--
ALTER TABLE `role_user`
  ADD CONSTRAINT `role_user_role_id_foreign` FOREIGN KEY (`role_id`) REFERENCES `roles` (`id`) ON DELETE CASCADE ON UPDATE CASCADE;
COMMIT;

/*!40101 SET CHARACTER_SET_CLIENT=@OLD_CHARACTER_SET_CLIENT */;
/*!40101 SET CHARACTER_SET_RESULTS=@OLD_CHARACTER_SET_RESULTS */;
/*!40101 SET COLLATION_CONNECTION=@OLD_COLLATION_CONNECTION */;
