-- phpMyAdmin SQL Dump
-- version 5.0.2
-- https://www.phpmyadmin.net/
--
-- Host: 127.0.0.1
-- Generation Time: Sep 20, 2020 at 05:31 PM
-- Server version: 10.4.13-MariaDB
-- PHP Version: 7.4.7

SET SQL_MODE = "NO_AUTO_VALUE_ON_ZERO";
START TRANSACTION;
SET time_zone = "+00:00";


/*!40101 SET @OLD_CHARACTER_SET_CLIENT=@@CHARACTER_SET_CLIENT */;
/*!40101 SET @OLD_CHARACTER_SET_RESULTS=@@CHARACTER_SET_RESULTS */;
/*!40101 SET @OLD_COLLATION_CONNECTION=@@COLLATION_CONNECTION */;
/*!40101 SET NAMES utf8mb4 */;

--
-- Database: `huawei`
--

-- --------------------------------------------------------

--
-- Table structure for table `failed_jobs`
--

CREATE TABLE `failed_jobs` (
  `id` bigint(20) UNSIGNED NOT NULL,
  `connection` text COLLATE utf8mb4_unicode_ci NOT NULL,
  `queue` text COLLATE utf8mb4_unicode_ci NOT NULL,
  `payload` longtext COLLATE utf8mb4_unicode_ci NOT NULL,
  `exception` longtext COLLATE utf8mb4_unicode_ci NOT NULL,
  `failed_at` timestamp NOT NULL DEFAULT current_timestamp()
) ENGINE=InnoDB DEFAULT CHARSET=utf8mb4 COLLATE=utf8mb4_unicode_ci;

-- --------------------------------------------------------

--
-- Table structure for table `files`
--

CREATE TABLE `files` (
  `file_id` bigint(20) UNSIGNED NOT NULL,
  `sales_id` int(11) NOT NULL,
  `imei` varchar(191) COLLATE utf8mb4_unicode_ci NOT NULL,
  `file_name` varchar(191) COLLATE utf8mb4_unicode_ci NOT NULL,
  `file_for` varchar(191) COLLATE utf8mb4_unicode_ci NOT NULL,
  `file_type` varchar(191) COLLATE utf8mb4_unicode_ci NOT NULL,
  `upload_by` int(11) NOT NULL,
  `status` int(11) NOT NULL,
  `file_location` varchar(191) COLLATE utf8mb4_unicode_ci NOT NULL,
  `created_at` timestamp NULL DEFAULT NULL,
  `updated_at` timestamp NULL DEFAULT NULL
) ENGINE=InnoDB DEFAULT CHARSET=utf8mb4 COLLATE=utf8mb4_unicode_ci;

--
-- Dumping data for table `files`
--

INSERT INTO `files` (`file_id`, `sales_id`, `imei`, `file_name`, `file_for`, `file_type`, `upload_by`, `status`, `file_location`, `created_at`, `updated_at`) VALUES
(118, 18, '123456789012345', '1600614508_download (1).jpg', 'sales', 'image', 9, 1, 'uploads/sales/', '2020-09-20 15:08:28', '2020-09-20 15:08:28'),
(119, 18, '123456789012345', '1600614508_download (2).jpg', 'sales', 'image', 9, 1, 'uploads/sales/', '2020-09-20 15:08:28', '2020-09-20 15:08:28');

-- --------------------------------------------------------

--
-- Table structure for table `fscodes`
--

CREATE TABLE `fscodes` (
  `id` bigint(20) UNSIGNED NOT NULL,
  `fscode` varchar(191) COLLATE utf8mb4_unicode_ci NOT NULL,
  `tier` varchar(191) COLLATE utf8mb4_unicode_ci NOT NULL,
  `status` int(11) NOT NULL,
  `sale_date` varchar(191) COLLATE utf8mb4_unicode_ci NOT NULL,
  `sale_by` int(11) NOT NULL,
  `created_at` timestamp NULL DEFAULT NULL,
  `updated_at` timestamp NULL DEFAULT NULL
) ENGINE=InnoDB DEFAULT CHARSET=utf8mb4 COLLATE=utf8mb4_unicode_ci;

--
-- Dumping data for table `fscodes`
--

INSERT INTO `fscodes` (`id`, `fscode`, `tier`, `status`, `sale_date`, `sale_by`, `created_at`, `updated_at`) VALUES
(1, 'E88T13A5', 'T1', 3, '2020-09-07 11:45:31', 1, '2020-05-22 14:39:21', '2020-09-07 05:45:31'),
(2, '5D5T157C', 'T1', 3, '2020-09-07 15:32:32', 1, '2020-05-22 14:39:21', '2020-09-07 09:32:32'),
(3, 'C3CT1834', 'T1', 3, '2020-09-07 15:40:56', 5, '2020-05-22 14:39:21', '2020-09-07 09:40:56'),
(4, '923T167D', 'T1', 3, '2020-09-07 18:07:51', 6, '2020-05-22 14:39:21', '2020-09-07 12:07:51'),
(5, '7A6T1AB1', 'T1', 3, '2020-09-13 02:49:26', 1, '2020-05-22 14:39:21', '2020-09-12 20:49:26'),
(6, '9A1T192A', 'T1', 3, '2020-09-13 14:18:45', 1, '2020-05-22 14:39:21', '2020-09-13 08:18:45'),
(7, '695T1891', 'T1', 3, '2020-09-13 14:38:43', 1, '2020-05-22 14:39:21', '2020-09-13 08:38:43'),
(8, '956T1D4B', 'T1', 3, '2020-09-14 14:16:47', 1, '2020-05-22 14:39:21', '2020-09-14 08:16:47'),
(9, 'D46T1345', 'T1', 3, '2020-09-14 14:18:04', 1, '2020-05-22 14:39:21', '2020-09-14 08:18:04'),
(10, '306T113F', 'T1', 3, '2020-09-14 14:18:56', 1, '2020-05-22 14:39:21', '2020-09-14 08:18:56'),
(11, '943T1B5F', 'T1', 3, '2020-09-14 14:19:52', 1, '2020-05-22 14:39:21', '2020-09-14 08:19:52'),
(12, '7EBT1834', 'T1', 3, '2020-09-14 15:30:08', 1, '2020-05-22 14:39:21', '2020-09-14 09:30:08'),
(13, '991T1866', 'T1', 3, '2020-09-20 21:08:28', 1, '2020-05-22 14:39:21', '2020-09-20 15:08:28'),
(14, '4B3T1E80', 'T1', 1, 'None', 0, '2020-05-22 14:39:21', '2020-05-22 14:39:21'),
(15, '3A8T1DA5', 'T1', 1, 'None', 0, '2020-05-22 14:39:21', '2020-05-22 14:39:21'),
(16, '74ET120D', 'T1', 1, 'None', 0, '2020-05-22 14:39:21', '2020-05-22 14:39:21'),
(17, '8D9T127F', 'T1', 1, 'None', 0, '2020-05-22 14:39:21', '2020-05-22 14:39:21'),
(18, 'E2FT1C16', 'T1', 1, 'None', 0, '2020-05-22 14:39:22', '2020-05-22 14:39:22'),
(19, '95CT197A', 'T1', 1, 'None', 0, '2020-05-22 14:39:22', '2020-05-22 14:39:22'),
(20, '5BDT1629', 'T1', 1, 'None', 0, '2020-05-22 14:39:22', '2020-05-22 14:39:22'),
(21, 'AB1T1928', 'T1', 1, 'None', 0, '2020-05-22 14:39:22', '2020-05-22 14:39:22'),
(22, 'F41T1137', 'T1', 1, 'None', 0, '2020-05-22 14:39:22', '2020-05-22 14:39:22'),
(23, '573T1E5A', 'T1', 1, 'None', 0, '2020-05-22 14:39:22', '2020-05-22 14:39:22'),
(24, '416T1544', 'T1', 1, 'None', 0, '2020-05-22 14:39:22', '2020-05-22 14:39:22'),
(25, 'BEFT1802', 'T1', 1, 'None', 0, '2020-05-22 14:39:22', '2020-05-22 14:39:22'),
(26, '1B2T1BD0', 'T1', 1, 'None', 0, '2020-05-22 14:39:22', '2020-05-22 14:39:22'),
(27, 'BFET1903', 'T1', 1, 'None', 0, '2020-05-22 14:39:22', '2020-05-22 14:39:22'),
(28, '368T154B', 'T1', 1, 'None', 0, '2020-05-22 14:39:22', '2020-05-22 14:39:22'),
(29, '707T158C', 'T1', 1, 'None', 0, '2020-05-22 14:39:22', '2020-05-22 14:39:22'),
(30, 'EA1T19FB', 'T1', 1, 'None', 0, '2020-05-22 14:39:22', '2020-05-22 14:39:22'),
(31, '594T12CF', 'T1', 1, 'None', 0, '2020-05-22 14:39:22', '2020-05-22 14:39:22'),
(32, 'EC6T1CF0', 'T1', 1, 'None', 0, '2020-05-22 14:39:22', '2020-05-22 14:39:22'),
(33, 'E18T1E07', 'T1', 1, 'None', 0, '2020-05-22 14:39:22', '2020-05-22 14:39:22'),
(34, 'B7FT1237', 'T1', 1, 'None', 0, '2020-05-22 14:39:22', '2020-05-22 14:39:22'),
(35, '69CT152F', 'T1', 1, 'None', 0, '2020-05-22 14:39:22', '2020-05-22 14:39:22'),
(36, 'B9DT1D1F', 'T1', 1, 'None', 0, '2020-05-22 14:39:22', '2020-05-22 14:39:22'),
(37, 'B27T1ECB', 'T1', 1, 'None', 0, '2020-05-22 14:39:22', '2020-05-22 14:39:22'),
(38, 'D8ET19C8', 'T1', 1, 'None', 0, '2020-05-22 14:39:22', '2020-05-22 14:39:22'),
(39, 'A54T1F32', 'T1', 1, 'None', 0, '2020-05-22 14:39:22', '2020-05-22 14:39:22'),
(40, 'D95T1515', 'T1', 1, 'None', 0, '2020-05-22 14:39:22', '2020-05-22 14:39:22'),
(41, '90FT1622', 'T1', 1, 'None', 0, '2020-05-22 14:39:22', '2020-05-22 14:39:22'),
(42, '968T1C90', 'T1', 1, 'None', 0, '2020-05-22 14:39:22', '2020-05-22 14:39:22'),
(43, '46FT13D7', 'T1', 1, 'None', 0, '2020-05-22 14:39:22', '2020-05-22 14:39:22'),
(44, '284T16BE', 'T1', 1, 'None', 0, '2020-05-22 14:39:22', '2020-05-22 14:39:22'),
(45, '7A9T1471', 'T1', 1, 'None', 0, '2020-05-22 14:39:22', '2020-05-22 14:39:22'),
(46, '890T1676', 'T1', 1, 'None', 0, '2020-05-22 14:39:22', '2020-05-22 14:39:22'),
(47, '89FT17A9', 'T1', 1, 'None', 0, '2020-05-22 14:39:22', '2020-05-22 14:39:22'),
(48, 'C4ET1311', 'T1', 1, 'None', 0, '2020-05-22 14:39:22', '2020-05-22 14:39:22'),
(49, 'A3AT1F66', 'T1', 1, 'None', 0, '2020-05-22 14:39:22', '2020-05-22 14:39:22'),
(50, '128T184F', 'T1', 1, 'None', 0, '2020-05-22 14:39:22', '2020-05-22 14:39:22'),
(51, 'E37T1146', 'T1', 1, 'None', 0, '2020-05-22 14:39:22', '2020-05-22 14:39:22'),
(52, '737T1AF8', 'T1', 1, 'None', 0, '2020-05-22 14:39:23', '2020-05-22 14:39:23'),
(53, 'F05T1CAF', 'T1', 1, 'None', 0, '2020-05-22 14:39:23', '2020-05-22 14:39:23'),
(54, '88ET1841', 'T1', 1, 'None', 0, '2020-05-22 14:39:23', '2020-05-22 14:39:23'),
(55, 'D06T1B5A', 'T1', 1, 'None', 0, '2020-05-22 14:39:23', '2020-05-22 14:39:23'),
(56, '7A3T1F11', 'T1', 1, 'None', 0, '2020-05-22 14:39:23', '2020-05-22 14:39:23'),
(57, '314T1F7D', 'T1', 1, 'None', 0, '2020-05-22 14:39:23', '2020-05-22 14:39:23'),
(58, 'AF7T169A', 'T1', 1, 'None', 0, '2020-05-22 14:39:23', '2020-05-22 14:39:23'),
(59, '5AAT1C24', 'T1', 1, 'None', 0, '2020-05-22 14:39:23', '2020-05-22 14:39:23'),
(60, '3E7T16FA', 'T1', 1, 'None', 0, '2020-05-22 14:39:23', '2020-05-22 14:39:23'),
(61, '7B4T120C', 'T1', 1, 'None', 0, '2020-05-22 14:39:23', '2020-05-22 14:39:23'),
(62, '9A6T11E9', 'T1', 1, 'None', 0, '2020-05-22 14:39:23', '2020-05-22 14:39:23'),
(63, '73CT1B76', 'T1', 1, 'None', 0, '2020-05-22 14:39:23', '2020-05-22 14:39:23'),
(64, '952T152E', 'T1', 1, 'None', 0, '2020-05-22 14:39:23', '2020-05-22 14:39:23'),
(65, 'D29T1738', 'T1', 1, 'None', 0, '2020-05-22 14:39:23', '2020-05-22 14:39:23'),
(66, '4D4T1A7F', 'T1', 1, 'None', 0, '2020-05-22 14:39:23', '2020-05-22 14:39:23'),
(67, 'F0BT1AF3', 'T1', 1, 'None', 0, '2020-05-22 14:39:23', '2020-05-22 14:39:23'),
(68, '7BCT1BD1', 'T1', 1, 'None', 0, '2020-05-22 14:39:23', '2020-05-22 14:39:23'),
(69, '220T1E7E', 'T1', 1, 'None', 0, '2020-05-22 14:39:23', '2020-05-22 14:39:23'),
(70, '4E6T1331', 'T1', 1, 'None', 0, '2020-05-22 14:39:23', '2020-05-22 14:39:23'),
(71, 'F0DT1813', 'T1', 1, 'None', 0, '2020-05-22 14:39:23', '2020-05-22 14:39:23'),
(72, '933T11FE', 'T1', 1, 'None', 0, '2020-05-22 14:39:23', '2020-05-22 14:39:23'),
(73, '483T1810', 'T1', 1, 'None', 0, '2020-05-22 14:39:23', '2020-05-22 14:39:23'),
(74, 'C2FT1D37', 'T1', 1, 'None', 0, '2020-05-22 14:39:23', '2020-05-22 14:39:23'),
(75, '77FT11A9', 'T1', 1, 'None', 0, '2020-05-22 14:39:23', '2020-05-22 14:39:23'),
(76, '527T1C86', 'T1', 1, 'None', 0, '2020-05-22 14:39:23', '2020-05-22 14:39:23'),
(77, 'E73T1633', 'T1', 1, 'None', 0, '2020-05-22 14:39:23', '2020-05-22 14:39:23'),
(78, 'E03T1A31', 'T1', 1, 'None', 0, '2020-05-22 14:39:23', '2020-05-22 14:39:23'),
(79, '26AT1E2D', 'T1', 1, 'None', 0, '2020-05-22 14:39:23', '2020-05-22 14:39:23'),
(80, 'B7BT1399', 'T1', 1, 'None', 0, '2020-05-22 14:39:23', '2020-05-22 14:39:23'),
(81, 'DE1T1A45', 'T1', 1, 'None', 0, '2020-05-22 14:39:23', '2020-05-22 14:39:23'),
(82, '3D2T15AA', 'T1', 1, 'None', 0, '2020-05-22 14:39:23', '2020-05-22 14:39:23'),
(83, '1E9T1D7F', 'T1', 1, 'None', 0, '2020-05-22 14:39:23', '2020-05-22 14:39:23'),
(84, '871T1A95', 'T1', 1, 'None', 0, '2020-05-22 14:39:23', '2020-05-22 14:39:23'),
(85, 'D0ET13E2', 'T1', 1, 'None', 0, '2020-05-22 14:39:23', '2020-05-22 14:39:23'),
(86, '5E2T125D', 'T1', 1, 'None', 0, '2020-05-22 14:39:23', '2020-05-22 14:39:23'),
(87, '6CCT1BC8', 'T1', 1, 'None', 0, '2020-05-22 14:39:23', '2020-05-22 14:39:23'),
(88, 'EB1T1DB1', 'T1', 1, 'None', 0, '2020-05-22 14:39:23', '2020-05-22 14:39:23'),
(89, 'EC4T1EA8', 'T1', 1, 'None', 0, '2020-05-22 14:39:23', '2020-05-22 14:39:23'),
(90, 'B2CT12B8', 'T1', 1, 'None', 0, '2020-05-22 14:39:23', '2020-05-22 14:39:23'),
(91, 'D60T137D', 'T1', 1, 'None', 0, '2020-05-22 14:39:23', '2020-05-22 14:39:23'),
(92, '655T164E', 'T1', 1, 'None', 0, '2020-05-22 14:39:24', '2020-05-22 14:39:24'),
(93, '895T1566', 'T1', 1, 'None', 0, '2020-05-22 14:39:24', '2020-05-22 14:39:24'),
(94, '3DBT1EA5', 'T1', 1, 'None', 0, '2020-05-22 14:39:24', '2020-05-22 14:39:24'),
(95, '184T1B03', 'T1', 1, 'None', 0, '2020-05-22 14:39:24', '2020-05-22 14:39:24'),
(96, '330T1C5A', 'T1', 1, 'None', 0, '2020-05-22 14:39:24', '2020-05-22 14:39:24'),
(97, 'D59T11A3', 'T1', 1, 'None', 0, '2020-05-22 14:39:24', '2020-05-22 14:39:24'),
(98, '401T1F26', 'T1', 1, 'None', 0, '2020-05-22 14:39:24', '2020-05-22 14:39:24'),
(99, 'AD4T1EA6', 'T1', 1, 'None', 0, '2020-05-22 14:39:24', '2020-05-22 14:39:24'),
(100, 'EBAT1EBB', 'T1', 1, 'None', 0, '2020-05-22 14:39:24', '2020-05-22 14:39:24'),
(101, 'D54T11B0', 'T1', 1, 'None', 0, '2020-05-22 14:39:24', '2020-05-22 14:39:24'),
(102, '259T1669', 'T1', 1, 'None', 0, '2020-05-22 14:39:24', '2020-05-22 14:39:24'),
(103, '4C6T1846', 'T1', 1, 'None', 0, '2020-05-22 14:39:24', '2020-05-22 14:39:24'),
(104, '7ACT1906', 'T1', 1, 'None', 0, '2020-05-22 14:39:24', '2020-05-22 14:39:24'),
(105, '323T1294', 'T1', 1, 'None', 0, '2020-05-22 14:39:24', '2020-05-22 14:39:24'),
(106, '6B7T1CA6', 'T1', 1, 'None', 0, '2020-05-22 14:39:24', '2020-05-22 14:39:24'),
(107, '9D7T1480', 'T1', 1, 'None', 0, '2020-05-22 14:39:24', '2020-05-22 14:39:24'),
(108, '48CT167B', 'T1', 1, 'None', 0, '2020-05-22 14:39:24', '2020-05-22 14:39:24'),
(109, 'B05T1D0E', 'T1', 1, 'None', 0, '2020-05-22 14:39:24', '2020-05-22 14:39:24'),
(110, '247T1E48', 'T1', 1, 'None', 0, '2020-05-22 14:39:24', '2020-05-22 14:39:24'),
(111, 'D86T195D', 'T1', 1, 'None', 0, '2020-05-22 14:39:24', '2020-05-22 14:39:24'),
(112, 'CF9T160F', 'T1', 1, 'None', 0, '2020-05-22 14:39:24', '2020-05-22 14:39:24'),
(113, '408T1C42', 'T1', 1, 'None', 0, '2020-05-22 14:39:24', '2020-05-22 14:39:24'),
(114, '3ECT1C1F', 'T1', 1, 'None', 0, '2020-05-22 14:39:24', '2020-05-22 14:39:24'),
(115, '6D1T16AF', 'T1', 1, 'None', 0, '2020-05-22 14:39:24', '2020-05-22 14:39:24'),
(116, '5D7T1950', 'T1', 1, 'None', 0, '2020-05-22 14:39:24', '2020-05-22 14:39:24'),
(117, '524T21DD', 'T2', 3, '2020-09-07 14:57:26', 1, '2020-05-22 14:39:24', '2020-09-07 08:57:26'),
(118, 'E4FT2C03', 'T2', 3, '2020-09-07 18:08:33', 6, '2020-05-22 14:39:24', '2020-09-07 12:08:33'),
(119, 'EBCT2C72', 'T2', 1, 'None', 0, '2020-05-22 14:39:24', '2020-05-22 14:39:24'),
(120, '9DCT2C37', 'T2', 1, 'None', 0, '2020-05-22 14:39:24', '2020-05-22 14:39:24'),
(121, '882T2D2D', 'T2', 1, 'None', 0, '2020-05-22 14:39:24', '2020-05-22 14:39:24'),
(122, '5C1T2BAC', 'T2', 1, 'None', 0, '2020-05-22 14:39:24', '2020-05-22 14:39:24'),
(123, '153T22A3', 'T2', 1, 'None', 0, '2020-05-22 14:39:24', '2020-05-22 14:39:24'),
(124, '474T2CD7', 'T2', 1, 'None', 0, '2020-05-22 14:39:24', '2020-05-22 14:39:24'),
(125, '5D3T2F0F', 'T2', 1, 'None', 0, '2020-05-22 14:39:24', '2020-05-22 14:39:24'),
(126, '508T2D7A', 'T2', 1, 'None', 0, '2020-05-22 14:39:25', '2020-05-22 14:39:25'),
(127, 'AE5T2DB8', 'T2', 1, 'None', 0, '2020-05-22 14:39:25', '2020-05-22 14:39:25'),
(128, 'BEET2F95', 'T2', 1, 'None', 0, '2020-05-22 14:39:25', '2020-05-22 14:39:25'),
(129, '1ECT2649', 'T2', 1, 'None', 0, '2020-05-22 14:39:25', '2020-05-22 14:39:25'),
(130, '441T2911', 'T2', 1, 'None', 0, '2020-05-22 14:39:25', '2020-05-22 14:39:25'),
(131, '8FET213F', 'T2', 1, 'None', 0, '2020-05-22 14:39:25', '2020-05-22 14:39:25'),
(132, '579T257F', 'T2', 1, 'None', 0, '2020-05-22 14:39:25', '2020-05-22 14:39:25'),
(133, '89AT2EFF', 'T2', 1, 'None', 0, '2020-05-22 14:39:25', '2020-05-22 14:39:25'),
(134, '7F7T2A79', 'T2', 1, 'None', 0, '2020-05-22 14:39:25', '2020-05-22 14:39:25'),
(135, '5A1T23E8', 'T2', 1, 'None', 0, '2020-05-22 14:39:25', '2020-05-22 14:39:25'),
(136, '829T24AF', 'T2', 1, 'None', 0, '2020-05-22 14:39:25', '2020-05-22 14:39:25'),
(137, '92AT23E7', 'T2', 1, 'None', 0, '2020-05-22 14:39:25', '2020-05-22 14:39:25'),
(138, '39ET25B0', 'T2', 1, 'None', 0, '2020-05-22 14:39:25', '2020-05-22 14:39:25'),
(139, 'B2FT2A6A', 'T2', 1, 'None', 0, '2020-05-22 14:39:25', '2020-05-22 14:39:25'),
(140, '9B4T247E', 'T2', 1, 'None', 0, '2020-05-22 14:39:25', '2020-05-22 14:39:25'),
(141, '9CFT28EE', 'T2', 1, 'None', 0, '2020-05-22 14:39:25', '2020-05-22 14:39:25'),
(142, '897T22DD', 'T2', 1, 'None', 0, '2020-05-22 14:39:25', '2020-05-22 14:39:25'),
(143, '707T256A', 'T2', 1, 'None', 0, '2020-05-22 14:39:25', '2020-05-22 14:39:25'),
(144, 'BFCT264C', 'T2', 1, 'None', 0, '2020-05-22 14:39:25', '2020-05-22 14:39:25'),
(145, '88DT2B37', 'T2', 1, 'None', 0, '2020-05-22 14:39:25', '2020-05-22 14:39:25'),
(146, 'EF0T236C', 'T2', 1, 'None', 0, '2020-05-22 14:39:25', '2020-05-22 14:39:25'),
(147, '2C3T2C05', 'T2', 1, 'None', 0, '2020-05-22 14:39:25', '2020-05-22 14:39:25'),
(148, '1D0T2D86', 'T2', 1, 'None', 0, '2020-05-22 14:39:25', '2020-05-22 14:39:25'),
(149, 'B2BT2157', 'T2', 1, 'None', 0, '2020-05-22 14:39:25', '2020-05-22 14:39:25'),
(150, '3ECT23D9', 'T2', 1, 'None', 0, '2020-05-22 14:39:25', '2020-05-22 14:39:25'),
(151, '970T28D1', 'T2', 1, 'None', 0, '2020-05-22 14:39:25', '2020-05-22 14:39:25'),
(152, 'F18T2445', 'T2', 1, 'None', 0, '2020-05-22 14:39:25', '2020-05-22 14:39:25'),
(153, 'E7AT23BB', 'T2', 1, 'None', 0, '2020-05-22 14:39:25', '2020-05-22 14:39:25'),
(154, 'A15T2C2F', 'T2', 1, 'None', 0, '2020-05-22 14:39:25', '2020-05-22 14:39:25'),
(155, '744T2F9F', 'T2', 1, 'None', 0, '2020-05-22 14:39:25', '2020-05-22 14:39:25'),
(156, 'EE2T24EE', 'T2', 1, 'None', 0, '2020-05-22 14:39:25', '2020-05-22 14:39:25'),
(157, 'F21T2605', 'T2', 1, 'None', 0, '2020-05-22 14:39:25', '2020-05-22 14:39:25'),
(158, 'E6CT2133', 'T2', 1, 'None', 0, '2020-05-22 14:39:25', '2020-05-22 14:39:25'),
(159, '776T2A9A', 'T2', 1, 'None', 0, '2020-05-22 14:39:25', '2020-05-22 14:39:25'),
(160, '648T221C', 'T2', 1, 'None', 0, '2020-05-22 14:39:25', '2020-05-22 14:39:25'),
(161, 'A73T2866', 'T2', 1, 'None', 0, '2020-05-22 14:39:26', '2020-05-22 14:39:26'),
(162, 'F33T2F5F', 'T2', 1, 'None', 0, '2020-05-22 14:39:26', '2020-05-22 14:39:26'),
(163, '1BET2892', 'T2', 1, 'None', 0, '2020-05-22 14:39:26', '2020-05-22 14:39:26'),
(164, '2A1T2CE4', 'T2', 1, 'None', 0, '2020-05-22 14:39:26', '2020-05-22 14:39:26'),
(165, '9E4T2B4C', 'T2', 1, 'None', 0, '2020-05-22 14:39:26', '2020-05-22 14:39:26'),
(166, '9ECT2D64', 'T2', 1, 'None', 0, '2020-05-22 14:39:26', '2020-05-22 14:39:26'),
(167, 'CFET2604', 'T2', 1, 'None', 0, '2020-05-22 14:39:26', '2020-05-22 14:39:26'),
(168, 'B86T2BB9', 'T2', 1, 'None', 0, '2020-05-22 14:39:26', '2020-05-22 14:39:26'),
(169, '572T2A70', 'T2', 1, 'None', 0, '2020-05-22 14:39:26', '2020-05-22 14:39:26'),
(170, 'F45T2F0D', 'T2', 1, 'None', 0, '2020-05-22 14:39:26', '2020-05-22 14:39:26'),
(171, '291T2797', 'T2', 1, 'None', 0, '2020-05-22 14:39:26', '2020-05-22 14:39:26'),
(172, '127T27C6', 'T2', 1, 'None', 0, '2020-05-22 14:39:26', '2020-05-22 14:39:26'),
(173, '63CT2E3D', 'T2', 1, 'None', 0, '2020-05-22 14:39:26', '2020-05-22 14:39:26'),
(174, 'C87T2D96', 'T2', 1, 'None', 0, '2020-05-22 14:39:26', '2020-05-22 14:39:26'),
(175, '9A7T269A', 'T2', 1, 'None', 0, '2020-05-22 14:39:26', '2020-05-22 14:39:26'),
(176, '5D5T2D08', 'T2', 1, 'None', 0, '2020-05-22 14:39:26', '2020-05-22 14:39:26'),
(177, '246T2DD3', 'T2', 1, 'None', 0, '2020-05-22 14:39:26', '2020-05-22 14:39:26'),
(178, '87AT2AE5', 'T2', 1, 'None', 0, '2020-05-22 14:39:26', '2020-05-22 14:39:26'),
(179, '269T2B23', 'T2', 1, 'None', 0, '2020-05-22 14:39:26', '2020-05-22 14:39:26'),
(180, '734T26F8', 'T2', 1, 'None', 0, '2020-05-22 14:39:26', '2020-05-22 14:39:26'),
(181, '24CT2997', 'T2', 1, 'None', 0, '2020-05-22 14:39:26', '2020-05-22 14:39:26'),
(182, 'B58T2581', 'T2', 1, 'None', 0, '2020-05-22 14:39:26', '2020-05-22 14:39:26'),
(183, '7CBT23EF', 'T2', 1, 'None', 0, '2020-05-22 14:39:26', '2020-05-22 14:39:26'),
(184, 'C5AT224B', 'T2', 1, 'None', 0, '2020-05-22 14:39:26', '2020-05-22 14:39:26'),
(185, 'EFBT256E', 'T2', 1, 'None', 0, '2020-05-22 14:39:26', '2020-05-22 14:39:26'),
(186, 'B27T24D8', 'T2', 1, 'None', 0, '2020-05-22 14:39:26', '2020-05-22 14:39:26'),
(187, 'BC0T2884', 'T2', 1, 'None', 0, '2020-05-22 14:39:26', '2020-05-22 14:39:26'),
(188, '17DT2AD4', 'T2', 1, 'None', 0, '2020-05-22 14:39:26', '2020-05-22 14:39:26'),
(189, '6C4T26B9', 'T2', 1, 'None', 0, '2020-05-22 14:39:26', '2020-05-22 14:39:26'),
(190, 'B29T2EB5', 'T2', 1, 'None', 0, '2020-05-22 14:39:26', '2020-05-22 14:39:26'),
(191, '5D1T2678', 'T2', 1, 'None', 0, '2020-05-22 14:39:26', '2020-05-22 14:39:26'),
(192, '8CFT2D8A', 'T2', 1, 'None', 0, '2020-05-22 14:39:26', '2020-05-22 14:39:26'),
(193, '1ABT24CD', 'T2', 1, 'None', 0, '2020-05-22 14:39:26', '2020-05-22 14:39:26'),
(194, '910T2352', 'T2', 1, 'None', 0, '2020-05-22 14:39:27', '2020-05-22 14:39:27'),
(195, '503T2F51', 'T2', 1, 'None', 0, '2020-05-22 14:39:27', '2020-05-22 14:39:27'),
(196, 'E9ET2B05', 'T2', 1, 'None', 0, '2020-05-22 14:39:27', '2020-05-22 14:39:27'),
(197, 'B87T2BAA', 'T2', 1, 'None', 0, '2020-05-22 14:39:27', '2020-05-22 14:39:27'),
(198, 'D42T2C4F', 'T2', 1, 'None', 0, '2020-05-22 14:39:27', '2020-05-22 14:39:27'),
(199, 'C25T25D6', 'T2', 1, 'None', 0, '2020-05-22 14:39:27', '2020-05-22 14:39:27'),
(200, '31BT2D10', 'T2', 1, 'None', 0, '2020-05-22 14:39:27', '2020-05-22 14:39:27'),
(201, 'C78T2947', 'T2', 1, 'None', 0, '2020-05-22 14:39:27', '2020-05-22 14:39:27'),
(202, '408T22C8', 'T2', 1, 'None', 0, '2020-05-22 14:39:27', '2020-05-22 14:39:27'),
(203, '2FFT2E70', 'T2', 1, 'None', 0, '2020-05-22 14:39:27', '2020-05-22 14:39:27'),
(204, 'A51T236E', 'T2', 1, 'None', 0, '2020-05-22 14:39:27', '2020-05-22 14:39:27'),
(205, 'C76T287B', 'T2', 1, 'None', 0, '2020-05-22 14:39:27', '2020-05-22 14:39:27'),
(206, '126T2F9B', 'T2', 1, 'None', 0, '2020-05-22 14:39:27', '2020-05-22 14:39:27'),
(207, '905T2693', 'T2', 1, 'None', 0, '2020-05-22 14:39:27', '2020-05-22 14:39:27'),
(208, '6FFT28BB', 'T2', 1, 'None', 0, '2020-05-22 14:39:27', '2020-05-22 14:39:27'),
(209, '62AT221E', 'T2', 1, 'None', 0, '2020-05-22 14:39:27', '2020-05-22 14:39:27'),
(210, 'BECT2A0A', 'T2', 1, 'None', 0, '2020-05-22 14:39:27', '2020-05-22 14:39:27'),
(211, '1A6T2742', 'T2', 1, 'None', 0, '2020-05-22 14:39:27', '2020-05-22 14:39:27'),
(212, 'AF5T2D07', 'T2', 1, 'None', 0, '2020-05-22 14:39:27', '2020-05-22 14:39:27'),
(213, 'F8CT2EBE', 'T2', 1, 'None', 0, '2020-05-22 14:39:27', '2020-05-22 14:39:27'),
(214, '368T276B', 'T2', 1, 'None', 0, '2020-05-22 14:39:27', '2020-05-22 14:39:27'),
(215, '555T2D58', 'T2', 1, 'None', 0, '2020-05-22 14:39:27', '2020-05-22 14:39:27'),
(216, 'F46T2ABE', 'T2', 1, 'None', 0, '2020-05-22 14:39:27', '2020-05-22 14:39:27'),
(217, 'F04T2C62', 'T2', 1, 'None', 0, '2020-05-22 14:39:27', '2020-05-22 14:39:27'),
(218, '89CT2212', 'T2', 1, 'None', 0, '2020-05-22 14:39:27', '2020-05-22 14:39:27'),
(219, '370T2CC7', 'T2', 1, 'None', 0, '2020-05-22 14:39:27', '2020-05-22 14:39:27'),
(220, '5CBT287C', 'T2', 1, 'None', 0, '2020-05-22 14:39:27', '2020-05-22 14:39:27'),
(221, '52BT2D73', 'T2', 1, 'None', 0, '2020-05-22 14:39:27', '2020-05-22 14:39:27'),
(222, '397T2F19', 'T2', 1, 'None', 0, '2020-05-22 14:39:27', '2020-05-22 14:39:27'),
(223, '120T23E4', 'T2', 1, 'None', 0, '2020-05-22 14:39:27', '2020-05-22 14:39:27'),
(224, '6FFT2148', 'T2', 1, 'None', 0, '2020-05-22 14:39:27', '2020-05-22 14:39:27'),
(225, '199T2692', 'T2', 1, 'None', 0, '2020-05-22 14:39:27', '2020-05-22 14:39:27'),
(226, 'C13T2D69', 'T2', 1, 'None', 0, '2020-05-22 14:39:28', '2020-05-22 14:39:28'),
(227, 'DABT2B7B', 'T2', 1, 'None', 0, '2020-05-22 14:39:28', '2020-05-22 14:39:28'),
(228, '21ET2E23', 'T2', 1, 'None', 0, '2020-05-22 14:39:28', '2020-05-22 14:39:28'),
(229, 'AAET2BF3', 'T2', 1, 'None', 0, '2020-05-22 14:39:28', '2020-05-22 14:39:28'),
(230, '440T2988', 'T2', 1, 'None', 0, '2020-05-22 14:39:28', '2020-05-22 14:39:28'),
(231, '220T272F', 'T2', 1, 'None', 0, '2020-05-22 14:39:28', '2020-05-22 14:39:28'),
(232, '2DAT2A71', 'T2', 1, 'None', 0, '2020-05-22 14:39:28', '2020-05-22 14:39:28'),
(233, 'D57T339B', 'T3', 1, 'None', 0, '2020-05-22 14:39:28', '2020-05-22 14:40:58'),
(234, '9D8T3C49', 'T3', 1, 'None', 0, '2020-05-22 14:39:28', '2020-05-22 14:42:19'),
(235, 'DA9T35EF', 'T3', 1, 'None', 0, '2020-05-22 14:39:28', '2020-05-22 15:14:03'),
(236, 'E73T3BDA', 'T3', 1, 'None', 0, '2020-05-22 14:39:28', '2020-05-22 15:25:08'),
(237, '3E5T32FE', 'T3', 1, 'None', 0, '2020-05-22 14:39:28', '2020-06-11 13:25:21'),
(238, '583T3875', 'T3', 1, 'None', 0, '2020-05-22 14:39:28', '2020-06-11 13:35:23'),
(239, '3FFT3A21', 'T3', 1, 'None', 0, '2020-05-22 14:39:28', '2020-06-11 13:36:23'),
(240, '2C9T3D96', 'T3', 1, 'None', 0, '2020-05-22 14:39:28', '2020-06-11 13:50:30'),
(241, '6D0T3E1B', 'T3', 1, 'None', 0, '2020-05-22 14:39:28', '2020-06-11 14:07:03'),
(242, '6C9T3542', 'T3', 1, 'None', 0, '2020-05-22 14:39:28', '2020-06-11 14:10:09'),
(243, '9D9T34F9', 'T3', 1, 'None', 0, '2020-05-22 14:39:28', '2020-06-11 14:12:38'),
(244, '84AT3431', 'T3', 1, 'None', 0, '2020-05-22 14:39:28', '2020-06-11 14:31:04'),
(245, 'D75T3AFC', 'T3', 1, 'None', 0, '2020-05-22 14:39:28', '2020-06-11 14:33:39'),
(246, '7BFT310B', 'T3', 1, 'None', 0, '2020-05-22 14:39:28', '2020-06-11 14:46:01'),
(247, 'A35T3475', 'T3', 1, 'None', 0, '2020-05-22 14:39:28', '2020-06-11 15:17:55'),
(248, '3DFT3EA4', 'T3', 1, 'None', 0, '2020-05-22 14:39:28', '2020-06-12 13:48:50'),
(249, '96CT3CD1', 'T3', 1, 'None', 0, '2020-05-22 14:39:28', '2020-06-14 04:57:57'),
(250, '995T32D4', 'T3', 1, 'None', 0, '2020-05-22 14:39:28', '2020-06-15 02:09:42'),
(251, '6ACT347E', 'T3', 1, 'None', 0, '2020-05-22 14:39:28', '2020-09-04 13:24:19'),
(252, '92BT3C82', 'T3', 1, 'None', 0, '2020-05-22 14:39:28', '2020-09-04 13:47:57'),
(253, 'B8AT359A', 'T3', 1, 'None', 0, '2020-05-22 14:39:28', '2020-05-22 14:39:28'),
(254, 'F96T3221', 'T3', 1, 'None', 0, '2020-05-22 14:39:28', '2020-05-22 14:39:28'),
(255, '9D7T3AF7', 'T3', 1, 'None', 0, '2020-05-22 14:39:28', '2020-05-22 14:39:28'),
(256, 'DDDT3BAB', 'T3', 1, 'None', 0, '2020-05-22 14:39:28', '2020-05-22 14:39:28'),
(257, 'CDBT3511', 'T3', 1, 'None', 0, '2020-05-22 14:39:28', '2020-05-22 14:39:28'),
(258, 'A4AT32F5', 'T3', 1, 'None', 0, '2020-05-22 14:39:28', '2020-05-22 14:39:28'),
(259, 'D97T37C1', 'T3', 1, 'None', 0, '2020-05-22 14:39:28', '2020-05-22 14:39:28'),
(260, '195T3CAF', 'T3', 1, 'None', 0, '2020-05-22 14:39:29', '2020-05-22 14:39:29'),
(261, 'CCCT3EC3', 'T3', 1, 'None', 0, '2020-05-22 14:39:29', '2020-05-22 14:39:29'),
(262, 'B1CT36CD', 'T3', 1, 'None', 0, '2020-05-22 14:39:29', '2020-05-22 14:39:29'),
(263, 'C11T3355', 'T3', 1, 'None', 0, '2020-05-22 14:39:29', '2020-05-22 14:39:29'),
(264, 'BD2T396D', 'T3', 1, 'None', 0, '2020-05-22 14:39:29', '2020-05-22 14:39:29'),
(265, '4EAT3AF0', 'T3', 1, 'None', 0, '2020-05-22 14:39:29', '2020-05-22 14:39:29'),
(266, 'E20T37EE', 'T3', 1, 'None', 0, '2020-05-22 14:39:29', '2020-05-22 14:39:29'),
(267, 'E93T3953', 'T3', 1, 'None', 0, '2020-05-22 14:39:29', '2020-05-22 14:39:29'),
(268, 'A17T3F91', 'T3', 1, 'None', 0, '2020-05-22 14:39:29', '2020-05-22 14:39:29'),
(269, '5DET3199', 'T3', 1, 'None', 0, '2020-05-22 14:39:29', '2020-05-22 14:39:29'),
(270, 'CC7T333E', 'T3', 1, 'None', 0, '2020-05-22 14:39:29', '2020-05-22 14:39:29'),
(271, '146T3EF4', 'T3', 1, 'None', 0, '2020-05-22 14:39:29', '2020-05-22 14:39:29'),
(272, '234T32FD', 'T3', 1, 'None', 0, '2020-05-22 14:39:29', '2020-05-22 14:39:29'),
(273, 'D42T3D1F', 'T3', 1, 'None', 0, '2020-05-22 14:39:29', '2020-05-22 14:39:29'),
(274, 'F9BT3BA8', 'T3', 1, 'None', 0, '2020-05-22 14:39:29', '2020-05-22 14:39:29'),
(275, '433T3EC0', 'T3', 1, 'None', 0, '2020-05-22 14:39:29', '2020-05-22 14:39:29'),
(276, 'BC7T394E', 'T3', 1, 'None', 0, '2020-05-22 14:39:29', '2020-05-22 14:39:29'),
(277, '938T3915', 'T3', 1, 'None', 0, '2020-05-22 14:39:29', '2020-05-22 14:39:29'),
(278, 'B8AT34AC', 'T3', 1, 'None', 0, '2020-05-22 14:39:29', '2020-05-22 14:39:29'),
(279, '939T3789', 'T3', 1, 'None', 0, '2020-05-22 14:39:29', '2020-05-22 14:39:29'),
(280, 'D56T38A3', 'T3', 1, 'None', 0, '2020-05-22 14:39:29', '2020-05-22 14:39:29'),
(281, '648T39AA', 'T3', 1, 'None', 0, '2020-05-22 14:39:29', '2020-05-22 14:39:29'),
(282, 'EB5T3468', 'T3', 1, 'None', 0, '2020-05-22 14:39:29', '2020-05-22 14:39:29'),
(283, '9F4T323D', 'T3', 1, 'None', 0, '2020-05-22 14:39:29', '2020-05-22 14:39:29'),
(284, 'E28T3EC9', 'T3', 1, 'None', 0, '2020-05-22 14:39:29', '2020-05-22 14:39:29'),
(285, '3FCT39FF', 'T3', 1, 'None', 0, '2020-05-22 14:39:29', '2020-05-22 14:39:29'),
(286, 'C1BT368D', 'T3', 1, 'None', 0, '2020-05-22 14:39:29', '2020-05-22 14:39:29'),
(287, 'F30T3E69', 'T3', 1, 'None', 0, '2020-05-22 14:39:29', '2020-05-22 14:39:29'),
(288, '245T3386', 'T3', 1, 'None', 0, '2020-05-22 14:39:29', '2020-05-22 14:39:29'),
(289, 'B2AT3D65', 'T3', 1, 'None', 0, '2020-05-22 14:39:29', '2020-05-22 14:39:29'),
(290, '75CT3C9D', 'T3', 1, 'None', 0, '2020-05-22 14:39:29', '2020-05-22 14:39:29'),
(291, '2FDT3136', 'T3', 1, 'None', 0, '2020-05-22 14:39:29', '2020-05-22 14:39:29'),
(292, '9F4T3689', 'T3', 1, 'None', 0, '2020-05-22 14:39:29', '2020-05-22 14:39:29'),
(293, '51ET3181', 'T3', 1, 'None', 0, '2020-05-22 14:39:29', '2020-05-22 14:39:29'),
(294, 'ACET36CB', 'T3', 1, 'None', 0, '2020-05-22 14:39:29', '2020-05-22 14:39:29'),
(295, '6A4T3C8C', 'T3', 1, 'None', 0, '2020-05-22 14:39:29', '2020-05-22 14:39:29'),
(296, '824T3BFD', 'T3', 1, 'None', 0, '2020-05-22 14:39:29', '2020-05-22 14:39:29'),
(297, 'A50T33E7', 'T3', 1, 'None', 0, '2020-05-22 14:39:29', '2020-05-22 14:39:29'),
(298, 'F60T3B6C', 'T3', 1, 'None', 0, '2020-05-22 14:39:29', '2020-05-22 14:39:29'),
(299, 'D12T32CD', 'T3', 1, 'None', 0, '2020-05-22 14:39:29', '2020-05-22 14:39:29'),
(300, '517T3461', 'T3', 1, 'None', 0, '2020-05-22 14:39:30', '2020-05-22 14:39:30'),
(301, '260T3A2C', 'T3', 1, 'None', 0, '2020-05-22 14:39:30', '2020-05-22 14:39:30'),
(302, '68FT3E4D', 'T3', 1, 'None', 0, '2020-05-22 14:39:30', '2020-05-22 14:39:30'),
(303, '719T312D', 'T3', 1, 'None', 0, '2020-05-22 14:39:30', '2020-05-22 14:39:30'),
(304, '9B4T32DB', 'T3', 1, 'None', 0, '2020-05-22 14:39:30', '2020-05-22 14:39:30'),
(305, '66FT3F6C', 'T3', 1, 'None', 0, '2020-05-22 14:39:30', '2020-05-22 14:39:30'),
(306, 'C13T3C42', 'T3', 1, 'None', 0, '2020-05-22 14:39:30', '2020-05-22 14:39:30'),
(307, 'D1BT39CD', 'T3', 1, 'None', 0, '2020-05-22 14:39:30', '2020-05-22 14:39:30'),
(308, '226T35D8', 'T3', 1, 'None', 0, '2020-05-22 14:39:30', '2020-05-22 14:39:30'),
(309, '6A5T333C', 'T3', 1, 'None', 0, '2020-05-22 14:39:30', '2020-05-22 14:39:30'),
(310, '407T3D7B', 'T3', 1, 'None', 0, '2020-05-22 14:39:30', '2020-05-22 14:39:30'),
(311, '276T3F31', 'T3', 1, 'None', 0, '2020-05-22 14:39:30', '2020-05-22 14:39:30'),
(312, '9B8T3609', 'T3', 1, 'None', 0, '2020-05-22 14:39:30', '2020-05-22 14:39:30'),
(313, '897T31C8', 'T3', 1, 'None', 0, '2020-05-22 14:39:30', '2020-05-22 14:39:30'),
(314, 'F98T3303', 'T3', 1, 'None', 0, '2020-05-22 14:39:30', '2020-05-22 14:39:30'),
(315, '9B4T369A', 'T3', 1, 'None', 0, '2020-05-22 14:39:30', '2020-05-22 14:39:30'),
(316, '4B8T38EE', 'T3', 1, 'None', 0, '2020-05-22 14:39:30', '2020-05-22 14:39:30'),
(317, '5A0T37E2', 'T3', 1, 'None', 0, '2020-05-22 14:39:30', '2020-05-22 14:39:30'),
(318, '92ET3546', 'T3', 1, 'None', 0, '2020-05-22 14:39:30', '2020-05-22 14:39:30'),
(319, '453T389D', 'T3', 1, 'None', 0, '2020-05-22 14:39:30', '2020-05-22 14:39:30'),
(320, '426T3C5D', 'T3', 1, 'None', 0, '2020-05-22 14:39:30', '2020-05-22 14:39:30'),
(321, '485T3116', 'T3', 1, 'None', 0, '2020-05-22 14:39:30', '2020-05-22 14:39:30'),
(322, 'BFCT32E0', 'T3', 1, 'None', 0, '2020-05-22 14:39:30', '2020-05-22 14:39:30'),
(323, 'E5AT32D0', 'T3', 1, 'None', 0, '2020-05-22 14:39:30', '2020-05-22 14:39:30'),
(324, 'DB6T3352', 'T3', 1, 'None', 0, '2020-05-22 14:39:30', '2020-05-22 14:39:30'),
(325, 'A89T3B50', 'T3', 1, 'None', 0, '2020-05-22 14:39:30', '2020-05-22 14:39:30'),
(326, 'C9CT3BBE', 'T3', 1, 'None', 0, '2020-05-22 14:39:30', '2020-05-22 14:39:30'),
(327, '1CBT34B1', 'T3', 1, 'None', 0, '2020-05-22 14:39:30', '2020-05-22 14:39:30'),
(328, '6F1T3B5D', 'T3', 1, 'None', 0, '2020-05-22 14:39:30', '2020-05-22 14:39:30'),
(329, 'AE1T3A9C', 'T3', 1, 'None', 0, '2020-05-22 14:39:30', '2020-05-22 14:39:30'),
(330, '93AT3913', 'T3', 1, 'None', 0, '2020-05-22 14:39:30', '2020-05-22 14:39:30'),
(331, '2EET31BC', 'T3', 1, 'None', 0, '2020-05-22 14:39:30', '2020-05-22 14:39:30'),
(332, '2A5T3456', 'T3', 1, 'None', 0, '2020-05-22 14:39:30', '2020-05-22 14:39:30'),
(333, 'A47T332E', 'T3', 1, 'None', 0, '2020-05-22 14:39:30', '2020-05-22 14:39:30'),
(334, '936T3DB3', 'T3', 1, 'None', 0, '2020-05-22 14:39:31', '2020-05-22 14:39:31'),
(335, '3DFT3F0B', 'T3', 1, 'None', 0, '2020-05-22 14:39:31', '2020-05-22 14:39:31'),
(336, 'C37T382A', 'T3', 1, 'None', 0, '2020-05-22 14:39:31', '2020-05-22 14:39:31'),
(337, '419T38DE', 'T3', 1, 'None', 0, '2020-05-22 14:39:31', '2020-05-22 14:39:31'),
(338, 'ECBT390C', 'T3', 1, 'None', 0, '2020-05-22 14:39:31', '2020-05-22 14:39:31'),
(339, 'E1BT35FB', 'T3', 1, 'None', 0, '2020-05-22 14:39:31', '2020-05-22 14:39:31'),
(340, 'B3DT3D88', 'T3', 1, 'None', 0, '2020-05-22 14:39:31', '2020-05-22 14:39:31'),
(341, 'E2DT31B3', 'T3', 1, 'None', 0, '2020-05-22 14:39:31', '2020-05-22 14:39:31'),
(342, 'C18T34A0', 'T3', 1, 'None', 0, '2020-05-22 14:39:31', '2020-05-22 14:39:31'),
(343, 'D33T3457', 'T3', 1, 'None', 0, '2020-05-22 14:39:31', '2020-05-22 14:39:31'),
(344, '32CT3BD7', 'T3', 1, 'None', 0, '2020-05-22 14:39:31', '2020-05-22 14:39:31'),
(345, '5CDT3E96', 'T3', 1, 'None', 0, '2020-05-22 14:39:31', '2020-05-22 14:39:31'),
(346, '35AT3810', 'T3', 1, 'None', 0, '2020-05-22 14:39:31', '2020-05-22 14:39:31'),
(347, 'B8DT3DCD', 'T3', 1, 'None', 0, '2020-05-22 14:39:31', '2020-05-22 14:39:31'),
(348, 'E55T315A', 'T3', 1, 'None', 0, '2020-05-22 14:39:31', '2020-05-22 14:39:31'),
(349, '697T4E42', 'T4', 3, '2020-09-15 04:20:20', 1, '2020-05-22 14:39:31', '2020-09-14 22:20:20'),
(350, 'DAFT4818', 'T4', 1, 'None', 0, '2020-05-22 14:39:31', '2020-06-14 06:26:29'),
(351, 'A83T4CE2', 'T4', 1, 'None', 0, '2020-05-22 14:39:31', '2020-06-15 02:10:27'),
(352, 'B17T439D', 'T4', 1, 'None', 0, '2020-05-22 14:39:31', '2020-05-22 14:39:31'),
(353, 'F9BT42E5', 'T4', 1, 'None', 0, '2020-05-22 14:39:31', '2020-05-22 14:39:31'),
(354, 'D7ET4F53', 'T4', 1, 'None', 0, '2020-05-22 14:39:31', '2020-05-22 14:39:31'),
(355, 'DBAT4209', 'T4', 1, 'None', 0, '2020-05-22 14:39:31', '2020-05-22 14:39:31'),
(356, 'C38T48D8', 'T4', 1, 'None', 0, '2020-05-22 14:39:31', '2020-05-22 14:39:31'),
(357, '419T48ED', 'T4', 1, 'None', 0, '2020-05-22 14:39:31', '2020-05-22 14:39:31'),
(358, 'E64T465B', 'T4', 1, 'None', 0, '2020-05-22 14:39:31', '2020-05-22 14:39:31'),
(359, '8BET4F30', 'T4', 1, 'None', 0, '2020-05-22 14:39:31', '2020-05-22 14:39:31'),
(360, '76FT4D91', 'T4', 1, 'None', 0, '2020-05-22 14:39:31', '2020-05-22 14:39:31'),
(361, 'C75T4E30', 'T4', 1, 'None', 0, '2020-05-22 14:39:31', '2020-05-22 14:39:31'),
(362, '514T46E3', 'T4', 1, 'None', 0, '2020-05-22 14:39:31', '2020-05-22 14:39:31'),
(363, '3DFT4DA9', 'T4', 1, 'None', 0, '2020-05-22 14:39:32', '2020-05-22 14:39:32'),
(364, '97CT4170', 'T4', 1, 'None', 0, '2020-05-22 14:39:32', '2020-05-22 14:39:32'),
(365, '5CBT4F87', 'T4', 1, 'None', 0, '2020-05-22 14:39:32', '2020-05-22 14:39:32'),
(366, '616T460B', 'T4', 1, 'None', 0, '2020-05-22 14:39:32', '2020-05-22 14:39:32'),
(367, '8ACT49A7', 'T4', 1, 'None', 0, '2020-05-22 14:39:32', '2020-05-22 14:39:32'),
(368, '50AT4DCE', 'T4', 1, 'None', 0, '2020-05-22 14:39:32', '2020-05-22 14:39:32'),
(369, 'DA6T42E0', 'T4', 1, 'None', 0, '2020-05-22 14:39:32', '2020-05-22 14:39:32'),
(370, '785T4861', 'T4', 1, 'None', 0, '2020-05-22 14:39:32', '2020-05-22 14:39:32'),
(371, '552T4A56', 'T4', 1, 'None', 0, '2020-05-22 14:39:32', '2020-05-22 14:39:32'),
(372, '5A2T4237', 'T4', 1, 'None', 0, '2020-05-22 14:39:32', '2020-05-22 14:39:32'),
(373, '6D9T4763', 'T4', 1, 'None', 0, '2020-05-22 14:39:32', '2020-05-22 14:39:32'),
(374, '542T4784', 'T4', 1, 'None', 0, '2020-05-22 14:39:32', '2020-05-22 14:39:32'),
(375, '707T4E89', 'T4', 1, 'None', 0, '2020-05-22 14:39:32', '2020-05-22 14:39:32'),
(376, '1DAT4C8C', 'T4', 1, 'None', 0, '2020-05-22 14:39:32', '2020-05-22 14:39:32'),
(377, '645T4CB1', 'T4', 1, 'None', 0, '2020-05-22 14:39:32', '2020-05-22 14:39:32'),
(378, '585T487A', 'T4', 1, 'None', 0, '2020-05-22 14:39:32', '2020-05-22 14:39:32'),
(379, 'C6FT4130', 'T4', 1, 'None', 0, '2020-05-22 14:39:32', '2020-05-22 14:39:32'),
(380, '8D5T4422', 'T4', 1, 'None', 0, '2020-05-22 14:39:32', '2020-05-22 14:39:32'),
(381, 'C11T4BAA', 'T4', 1, 'None', 0, '2020-05-22 14:39:32', '2020-05-22 14:39:32'),
(382, '1A7T4149', 'T4', 1, 'None', 0, '2020-05-22 14:39:32', '2020-05-22 14:39:32'),
(383, '2ABT4C73', 'T4', 1, 'None', 0, '2020-05-22 14:39:32', '2020-05-22 14:39:32'),
(384, 'E14T4777', 'T4', 1, 'None', 0, '2020-05-22 14:39:32', '2020-05-22 14:39:32'),
(385, '8A7T4CEF', 'T4', 1, 'None', 0, '2020-05-22 14:39:32', '2020-05-22 14:39:32'),
(386, '501T4158', 'T4', 1, 'None', 0, '2020-05-22 14:39:32', '2020-05-22 14:39:32'),
(387, '2AFT4F0B', 'T4', 1, 'None', 0, '2020-05-22 14:39:32', '2020-05-22 14:39:32'),
(388, '17ET4ACE', 'T4', 1, 'None', 0, '2020-05-22 14:39:32', '2020-05-22 14:39:32'),
(389, '486T4D5A', 'T4', 1, 'None', 0, '2020-05-22 14:39:32', '2020-05-22 14:39:32'),
(390, 'CB0T440E', 'T4', 1, 'None', 0, '2020-05-22 14:39:32', '2020-05-22 14:39:32'),
(391, '760T43F5', 'T4', 1, 'None', 0, '2020-05-22 14:39:32', '2020-05-22 14:39:32'),
(392, 'D78T43B8', 'T4', 1, 'None', 0, '2020-05-22 14:39:32', '2020-05-22 14:39:32'),
(393, '8EAT4507', 'T4', 1, 'None', 0, '2020-05-22 14:39:32', '2020-05-22 14:39:32'),
(394, '37ET47C5', 'T4', 1, 'None', 0, '2020-05-22 14:39:32', '2020-05-22 14:39:32'),
(395, 'B20T4C2F', 'T4', 1, 'None', 0, '2020-05-22 14:39:32', '2020-05-22 14:39:32'),
(396, 'A87T460A', 'T4', 1, 'None', 0, '2020-05-22 14:39:32', '2020-05-22 14:39:32'),
(397, 'D7DT4367', 'T4', 1, 'None', 0, '2020-05-22 14:39:32', '2020-05-22 14:39:32'),
(398, 'BF8T4BAA', 'T4', 1, 'None', 0, '2020-05-22 14:39:32', '2020-05-22 14:39:32'),
(399, 'CE5T41B5', 'T4', 1, 'None', 0, '2020-05-22 14:39:32', '2020-05-22 14:39:32'),
(400, 'C39T46EA', 'T4', 1, 'None', 0, '2020-05-22 14:39:32', '2020-05-22 14:39:32'),
(401, '965T41A2', 'T4', 1, 'None', 0, '2020-05-22 14:39:33', '2020-05-22 14:39:33'),
(402, '426T45C0', 'T4', 1, 'None', 0, '2020-05-22 14:39:33', '2020-05-22 14:39:33'),
(403, '768T4CAA', 'T4', 1, 'None', 0, '2020-05-22 14:39:33', '2020-05-22 14:39:33'),
(404, '278T458C', 'T4', 1, 'None', 0, '2020-05-22 14:39:33', '2020-05-22 14:39:33'),
(405, '362T4E8E', 'T4', 1, 'None', 0, '2020-05-22 14:39:33', '2020-05-22 14:39:33'),
(406, '11DT4E40', 'T4', 1, 'None', 0, '2020-05-22 14:39:33', '2020-05-22 14:39:33'),
(407, '7BFT4C81', 'T4', 1, 'None', 0, '2020-05-22 14:39:33', '2020-05-22 14:39:33'),
(408, '58CT4A51', 'T4', 1, 'None', 0, '2020-05-22 14:39:33', '2020-05-22 14:39:33'),
(409, 'DC6T4ADF', 'T4', 1, 'None', 0, '2020-05-22 14:39:33', '2020-05-22 14:39:33'),
(410, '5A0T43A6', 'T4', 1, 'None', 0, '2020-05-22 14:39:33', '2020-05-22 14:39:33'),
(411, '65DT4AFF', 'T4', 1, 'None', 0, '2020-05-22 14:39:33', '2020-05-22 14:39:33'),
(412, 'A69T45E7', 'T4', 1, 'None', 0, '2020-05-22 14:39:33', '2020-05-22 14:39:33'),
(413, '4E7T41D5', 'T4', 1, 'None', 0, '2020-05-22 14:39:33', '2020-05-22 14:39:33'),
(414, 'F9ET4701', 'T4', 1, 'None', 0, '2020-05-22 14:39:33', '2020-05-22 14:39:33'),
(415, 'B83T4486', 'T4', 1, 'None', 0, '2020-05-22 14:39:33', '2020-05-22 14:39:33'),
(416, 'A4BT42B3', 'T4', 1, 'None', 0, '2020-05-22 14:39:33', '2020-05-22 14:39:33'),
(417, '6E5T4DDD', 'T4', 1, 'None', 0, '2020-05-22 14:39:33', '2020-05-22 14:39:33'),
(418, '6DBT44AC', 'T4', 1, 'None', 0, '2020-05-22 14:39:33', '2020-05-22 14:39:33'),
(419, 'ED3T4903', 'T4', 1, 'None', 0, '2020-05-22 14:39:33', '2020-05-22 14:39:33'),
(420, 'D42T47D6', 'T4', 1, 'None', 0, '2020-05-22 14:39:33', '2020-05-22 14:39:33'),
(421, 'BECT41C8', 'T4', 1, 'None', 0, '2020-05-22 14:39:33', '2020-05-22 14:39:33'),
(422, '804T4780', 'T4', 1, 'None', 0, '2020-05-22 14:39:33', '2020-05-22 14:39:33'),
(423, '621T4433', 'T4', 1, 'None', 0, '2020-05-22 14:39:33', '2020-05-22 14:39:33'),
(424, '8E6T4C56', 'T4', 1, 'None', 0, '2020-05-22 14:39:33', '2020-05-22 14:39:33'),
(425, '9D5T4A05', 'T4', 1, 'None', 0, '2020-05-22 14:39:33', '2020-05-22 14:39:33'),
(426, 'C4BT4199', 'T4', 1, 'None', 0, '2020-05-22 14:39:33', '2020-05-22 14:39:33'),
(427, 'F7ET4CB7', 'T4', 1, 'None', 0, '2020-05-22 14:39:33', '2020-05-22 14:39:33'),
(428, '7B3T4A23', 'T4', 1, 'None', 0, '2020-05-22 14:39:33', '2020-05-22 14:39:33'),
(429, '342T4292', 'T4', 1, 'None', 0, '2020-05-22 14:39:33', '2020-05-22 14:39:33'),
(430, '22DT41BA', 'T4', 1, 'None', 0, '2020-05-22 14:39:33', '2020-05-22 14:39:33'),
(431, '7A6T4805', 'T4', 1, 'None', 0, '2020-05-22 14:39:33', '2020-05-22 14:39:33'),
(432, 'CDAT4E39', 'T4', 1, 'None', 0, '2020-05-22 14:39:33', '2020-05-22 14:39:33'),
(433, '3D9T47FA', 'T4', 1, 'None', 0, '2020-05-22 14:39:33', '2020-05-22 14:39:33'),
(434, 'C16T477D', 'T4', 1, 'None', 0, '2020-05-22 14:39:33', '2020-05-22 14:39:33'),
(435, 'AFAT44AD', 'T4', 1, 'None', 0, '2020-05-22 14:39:33', '2020-05-22 14:39:33'),
(436, '7D9T4B88', 'T4', 1, 'None', 0, '2020-05-22 14:39:34', '2020-05-22 14:39:34'),
(437, '717T4C11', 'T4', 1, 'None', 0, '2020-05-22 14:39:34', '2020-05-22 14:39:34'),
(438, 'C7BT466A', 'T4', 1, 'None', 0, '2020-05-22 14:39:34', '2020-05-22 14:39:34'),
(439, 'BEBT43BF', 'T4', 1, 'None', 0, '2020-05-22 14:39:34', '2020-05-22 14:39:34'),
(440, '66FT4A7B', 'T4', 1, 'None', 0, '2020-05-22 14:39:34', '2020-05-22 14:39:34'),
(441, 'F06T43EC', 'T4', 1, 'None', 0, '2020-05-22 14:39:34', '2020-05-22 14:39:34'),
(442, '977T47C3', 'T4', 1, 'None', 0, '2020-05-22 14:39:34', '2020-05-22 14:39:34'),
(443, '71CT4D78', 'T4', 1, 'None', 0, '2020-05-22 14:39:34', '2020-05-22 14:39:34'),
(444, 'A13T4D3B', 'T4', 1, 'None', 0, '2020-05-22 14:39:34', '2020-05-22 14:39:34'),
(445, '3D8T4E54', 'T4', 1, 'None', 0, '2020-05-22 14:39:34', '2020-05-22 14:39:34'),
(446, '656T429F', 'T4', 1, 'None', 0, '2020-05-22 14:39:34', '2020-05-22 14:39:34'),
(447, 'B46T4EB6', 'T4', 1, 'None', 0, '2020-05-22 14:39:34', '2020-05-22 14:39:34'),
(448, 'C59T4E77', 'T4', 1, 'None', 0, '2020-05-22 14:39:34', '2020-05-22 14:39:34'),
(449, '77CT493C', 'T4', 1, 'None', 0, '2020-05-22 14:39:34', '2020-05-22 14:39:34'),
(450, '6D2T4EDB', 'T4', 1, 'None', 0, '2020-05-22 14:39:34', '2020-05-22 14:39:34'),
(451, '5F9T4843', 'T4', 1, 'None', 0, '2020-05-22 14:39:34', '2020-05-22 14:39:34'),
(452, '977T4F8A', 'T4', 1, 'None', 0, '2020-05-22 14:39:34', '2020-05-22 14:39:34'),
(453, '392T4CF4', 'T4', 1, 'None', 0, '2020-05-22 14:39:34', '2020-05-22 14:39:34'),
(454, 'DEDT455A', 'T4', 1, 'None', 0, '2020-05-22 14:39:34', '2020-05-22 14:39:34'),
(455, '8EFT4769', 'T4', 1, 'None', 0, '2020-05-22 14:39:34', '2020-05-22 14:39:34'),
(456, '971T487E', 'T4', 1, 'None', 0, '2020-05-22 14:39:34', '2020-05-22 14:39:34'),
(457, 'B10T4DE3', 'T4', 1, 'None', 0, '2020-05-22 14:39:34', '2020-05-22 14:39:34'),
(458, '87FT4B23', 'T4', 1, 'None', 0, '2020-05-22 14:39:34', '2020-05-22 14:39:34'),
(459, 'C31T4916', 'T4', 1, 'None', 0, '2020-05-22 14:39:34', '2020-05-22 14:39:34'),
(460, 'D2ET4AB4', 'T4', 1, 'None', 0, '2020-05-22 14:39:34', '2020-05-22 14:39:34'),
(461, 'AF6T423C', 'T4', 1, 'None', 0, '2020-05-22 14:39:34', '2020-05-22 14:39:34'),
(462, 'B84T4E61', 'T4', 1, 'None', 0, '2020-05-22 14:39:34', '2020-05-22 14:39:34'),
(463, 'AAFT49B0', 'T4', 1, 'None', 0, '2020-05-22 14:39:34', '2020-05-22 14:39:34'),
(464, '255T4A71', 'T4', 1, 'None', 0, '2020-05-22 14:39:34', '2020-05-22 14:39:34'),
(465, '9AAT5825', 'T5', 1, 'None', 0, '2020-05-22 14:39:34', '2020-06-11 05:50:54'),
(466, '5B7T5450', 'T5', 1, 'None', 0, '2020-05-22 14:39:34', '2020-06-11 14:28:36'),
(467, '448T5555', 'T5', 1, 'None', 0, '2020-05-22 14:39:34', '2020-06-11 14:34:41'),
(468, '5D6T5896', 'T5', 1, 'None', 0, '2020-05-22 14:39:34', '2020-06-11 14:35:51'),
(469, 'DEET528F', 'T5', 1, 'None', 0, '2020-05-22 14:39:34', '2020-06-11 15:06:00'),
(470, '89DT5F37', 'T5', 1, 'None', 0, '2020-05-22 14:39:34', '2020-06-11 15:12:21'),
(471, 'D65T5599', 'T5', 1, 'None', 0, '2020-05-22 14:39:35', '2020-06-14 05:51:09'),
(472, '206T52A8', 'T5', 1, 'None', 0, '2020-05-22 14:39:35', '2020-06-15 02:06:10'),
(473, 'C7ET5D67', 'T5', 1, 'None', 0, '2020-05-22 14:39:35', '2020-06-15 02:14:53'),
(474, '24AT5BB0', 'T5', 1, 'None', 0, '2020-05-22 14:39:35', '2020-05-22 14:39:35'),
(475, 'F13T5960', 'T5', 1, 'None', 0, '2020-05-22 14:39:35', '2020-05-22 14:39:35'),
(476, '89DT546D', 'T5', 1, 'None', 0, '2020-05-22 14:39:35', '2020-05-22 14:39:35'),
(477, 'D97T58CC', 'T5', 1, 'None', 0, '2020-05-22 14:39:35', '2020-05-22 14:39:35'),
(478, '225T5C05', 'T5', 1, 'None', 0, '2020-05-22 14:39:35', '2020-05-22 14:39:35'),
(479, '674T5DAD', 'T5', 1, 'None', 0, '2020-05-22 14:39:35', '2020-05-22 14:39:35'),
(480, 'DFFT5B46', 'T5', 1, 'None', 0, '2020-05-22 14:39:35', '2020-05-22 14:39:35'),
(481, '470T57A2', 'T5', 1, 'None', 0, '2020-05-22 14:39:35', '2020-05-22 14:39:35'),
(482, 'A04T5B8E', 'T5', 1, 'None', 0, '2020-05-22 14:39:35', '2020-05-22 14:39:35'),
(483, '1CBT5CA4', 'T5', 1, 'None', 0, '2020-05-22 14:39:35', '2020-05-22 14:39:35'),
(484, 'CDDT5938', 'T5', 1, 'None', 0, '2020-05-22 14:39:35', '2020-05-22 14:39:35'),
(485, 'F72T5756', 'T5', 1, 'None', 0, '2020-05-22 14:39:35', '2020-05-22 14:39:35'),
(486, 'CF3T583A', 'T5', 1, 'None', 0, '2020-05-22 14:39:35', '2020-05-22 14:39:35'),
(487, 'F27T550A', 'T5', 1, 'None', 0, '2020-05-22 14:39:35', '2020-05-22 14:39:35'),
(488, '433T589D', 'T5', 1, 'None', 0, '2020-05-22 14:39:35', '2020-05-22 14:39:35'),
(489, '2E7T5159', 'T5', 1, 'None', 0, '2020-05-22 14:39:35', '2020-05-22 14:39:35'),
(490, '7FET5340', 'T5', 1, 'None', 0, '2020-05-22 14:39:35', '2020-05-22 14:39:35'),
(491, '603T5533', 'T5', 1, 'None', 0, '2020-05-22 14:39:35', '2020-05-22 14:39:35'),
(492, '626T5999', 'T5', 1, 'None', 0, '2020-05-22 14:39:35', '2020-05-22 14:39:35'),
(493, 'A66T5D79', 'T5', 1, 'None', 0, '2020-05-22 14:39:35', '2020-05-22 14:39:35'),
(494, '61AT5C05', 'T5', 1, 'None', 0, '2020-05-22 14:39:35', '2020-05-22 14:39:35'),
(495, '3A7T5865', 'T5', 1, 'None', 0, '2020-05-22 14:39:35', '2020-05-22 14:39:35'),
(496, '7F6T537D', 'T5', 1, 'None', 0, '2020-05-22 14:39:36', '2020-05-22 14:39:36'),
(497, '2B7T5C0A', 'T5', 1, 'None', 0, '2020-05-22 14:39:36', '2020-05-22 14:39:36'),
(498, '15DT59C1', 'T5', 1, 'None', 0, '2020-05-22 14:39:36', '2020-05-22 14:39:36'),
(499, '919T5B11', 'T5', 1, 'None', 0, '2020-05-22 14:39:36', '2020-05-22 14:39:36'),
(500, '2A7T595B', 'T5', 1, 'None', 0, '2020-05-22 14:39:36', '2020-05-22 14:39:36'),
(501, 'D04T5774', 'T5', 1, 'None', 0, '2020-05-22 14:39:36', '2020-05-22 14:39:36'),
(502, '47FT5648', 'T5', 1, 'None', 0, '2020-05-22 14:39:36', '2020-05-22 14:39:36'),
(503, '168T5797', 'T5', 1, 'None', 0, '2020-05-22 14:39:36', '2020-05-22 14:39:36'),
(504, '96FT5BC4', 'T5', 1, 'None', 0, '2020-05-22 14:39:36', '2020-05-22 14:39:36'),
(505, 'AEET5D91', 'T5', 1, 'None', 0, '2020-05-22 14:39:36', '2020-05-22 14:39:36'),
(506, '926T5600', 'T5', 1, 'None', 0, '2020-05-22 14:39:36', '2020-05-22 14:39:36'),
(507, '75FT5411', 'T5', 1, 'None', 0, '2020-05-22 14:39:36', '2020-05-22 14:39:36'),
(508, 'EF6T5C62', 'T5', 1, 'None', 0, '2020-05-22 14:39:36', '2020-05-22 14:39:36'),
(509, '644T52E0', 'T5', 1, 'None', 0, '2020-05-22 14:39:36', '2020-05-22 14:39:36'),
(510, '3D4T5C20', 'T5', 1, 'None', 0, '2020-05-22 14:39:36', '2020-05-22 14:39:36'),
(511, '667T5D4B', 'T5', 1, 'None', 0, '2020-05-22 14:39:36', '2020-05-22 14:39:36'),
(512, '972T586C', 'T5', 1, 'None', 0, '2020-05-22 14:39:36', '2020-05-22 14:39:36'),
(513, '2C7T5153', 'T5', 1, 'None', 0, '2020-05-22 14:39:36', '2020-05-22 14:39:36'),
(514, '1B7T57DF', 'T5', 1, 'None', 0, '2020-05-22 14:39:36', '2020-05-22 14:39:36'),
(515, 'AD2T52E1', 'T5', 1, 'None', 0, '2020-05-22 14:39:36', '2020-05-22 14:39:36'),
(516, '66CT54C4', 'T5', 1, 'None', 0, '2020-05-22 14:39:36', '2020-05-22 14:39:36'),
(517, '8FFT5159', 'T5', 1, 'None', 0, '2020-05-22 14:39:36', '2020-05-22 14:39:36'),
(518, 'C2FT524F', 'T5', 1, 'None', 0, '2020-05-22 14:39:36', '2020-05-22 14:39:36'),
(519, 'C90T5F46', 'T5', 1, 'None', 0, '2020-05-22 14:39:36', '2020-05-22 14:39:36'),
(520, '219T53FE', 'T5', 1, 'None', 0, '2020-05-22 14:39:36', '2020-05-22 14:39:36'),
(521, 'AFAT5804', 'T5', 1, 'None', 0, '2020-05-22 14:39:36', '2020-05-22 14:39:36'),
(522, '3C2T57EA', 'T5', 1, 'None', 0, '2020-05-22 14:39:36', '2020-05-22 14:39:36'),
(523, 'CECT55A8', 'T5', 1, 'None', 0, '2020-05-22 14:39:36', '2020-05-22 14:39:36'),
(524, '42BT5B49', 'T5', 1, 'None', 0, '2020-05-22 14:39:36', '2020-05-22 14:39:36'),
(525, 'A86T5E3F', 'T5', 1, 'None', 0, '2020-05-22 14:39:36', '2020-05-22 14:39:36'),
(526, '2A2T5C8B', 'T5', 1, 'None', 0, '2020-05-22 14:39:36', '2020-05-22 14:39:36'),
(527, 'D6DT5386', 'T5', 1, 'None', 0, '2020-05-22 14:39:36', '2020-05-22 14:39:36'),
(528, '684T51C2', 'T5', 1, 'None', 0, '2020-05-22 14:39:36', '2020-05-22 14:39:36'),
(529, '451T51DD', 'T5', 1, 'None', 0, '2020-05-22 14:39:37', '2020-05-22 14:39:37'),
(530, 'ADFT56D0', 'T5', 1, 'None', 0, '2020-05-22 14:39:37', '2020-05-22 14:39:37'),
(531, 'E79T5ABA', 'T5', 1, 'None', 0, '2020-05-22 14:39:37', '2020-05-22 14:39:37'),
(532, 'A7ET590B', 'T5', 1, 'None', 0, '2020-05-22 14:39:37', '2020-05-22 14:39:37'),
(533, 'AF9T5414', 'T5', 1, 'None', 0, '2020-05-22 14:39:37', '2020-05-22 14:39:37'),
(534, '1D8T5F04', 'T5', 1, 'None', 0, '2020-05-22 14:39:37', '2020-05-22 14:39:37'),
(535, 'E5AT5DC3', 'T5', 1, 'None', 0, '2020-05-22 14:39:37', '2020-05-22 14:39:37'),
(536, '981T59F1', 'T5', 1, 'None', 0, '2020-05-22 14:39:37', '2020-05-22 14:39:37'),
(537, '639T5A0E', 'T5', 1, 'None', 0, '2020-05-22 14:39:37', '2020-05-22 14:39:37'),
(538, '5BAT5F73', 'T5', 1, 'None', 0, '2020-05-22 14:39:37', '2020-05-22 14:39:37'),
(539, '5A6T55AF', 'T5', 1, 'None', 0, '2020-05-22 14:39:37', '2020-05-22 14:39:37'),
(540, 'D20T57D6', 'T5', 1, 'None', 0, '2020-05-22 14:39:37', '2020-05-22 14:39:37'),
(541, '2BET58E2', 'T5', 1, 'None', 0, '2020-05-22 14:39:37', '2020-05-22 14:39:37'),
(542, '947T52FB', 'T5', 1, 'None', 0, '2020-05-22 14:39:37', '2020-05-22 14:39:37'),
(543, 'D4DT5973', 'T5', 1, 'None', 0, '2020-05-22 14:39:37', '2020-05-22 14:39:37'),
(544, '913T56EE', 'T5', 1, 'None', 0, '2020-05-22 14:39:37', '2020-05-22 14:39:37'),
(545, '93CT5764', 'T5', 1, 'None', 0, '2020-05-22 14:39:37', '2020-05-22 14:39:37'),
(546, '2D4T59B5', 'T5', 1, 'None', 0, '2020-05-22 14:39:37', '2020-05-22 14:39:37'),
(547, 'D97T585D', 'T5', 1, 'None', 0, '2020-05-22 14:39:37', '2020-05-22 14:39:37'),
(548, 'D97T51F1', 'T5', 1, 'None', 0, '2020-05-22 14:39:37', '2020-05-22 14:39:37'),
(549, '694T53CA', 'T5', 1, 'None', 0, '2020-05-22 14:39:37', '2020-05-22 14:39:37'),
(550, '112T544A', 'T5', 1, 'None', 0, '2020-05-22 14:39:37', '2020-05-22 14:39:37'),
(551, '5DET5111', 'T5', 1, 'None', 0, '2020-05-22 14:39:37', '2020-05-22 14:39:37'),
(552, '970T59C8', 'T5', 1, 'None', 0, '2020-05-22 14:39:37', '2020-05-22 14:39:37'),
(553, '38CT56A4', 'T5', 1, 'None', 0, '2020-05-22 14:39:37', '2020-05-22 14:39:37'),
(554, '676T5C1F', 'T5', 1, 'None', 0, '2020-05-22 14:39:37', '2020-05-22 14:39:37'),
(555, 'C49T59B7', 'T5', 1, 'None', 0, '2020-05-22 14:39:37', '2020-05-22 14:39:37'),
(556, '18AT5A91', 'T5', 1, 'None', 0, '2020-05-22 14:39:37', '2020-05-22 14:39:37'),
(557, 'A05T5CC5', 'T5', 1, 'None', 0, '2020-05-22 14:39:37', '2020-05-22 14:39:37'),
(558, 'F95T5F77', 'T5', 1, 'None', 0, '2020-05-22 14:39:37', '2020-05-22 14:39:37'),
(559, '887T5944', 'T5', 1, 'None', 0, '2020-05-22 14:39:37', '2020-05-22 14:39:37'),
(560, '3E0T522C', 'T5', 1, 'None', 0, '2020-05-22 14:39:38', '2020-05-22 14:39:38'),
(561, '784T5A10', 'T5', 1, 'None', 0, '2020-05-22 14:39:38', '2020-05-22 14:39:38'),
(562, 'E04T5F1B', 'T5', 1, 'None', 0, '2020-05-22 14:39:38', '2020-05-22 14:39:38'),
(563, '2FFT56CF', 'T5', 1, 'None', 0, '2020-05-22 14:39:38', '2020-05-22 14:39:38'),
(564, '549T5A17', 'T5', 1, 'None', 0, '2020-05-22 14:39:38', '2020-05-22 14:39:38'),
(565, '242T5EF6', 'T5', 1, 'None', 0, '2020-05-22 14:39:38', '2020-05-22 14:39:38'),
(566, '4F8T5235', 'T5', 1, 'None', 0, '2020-05-22 14:39:38', '2020-05-22 14:39:38'),
(567, '704T5AD4', 'T5', 1, 'None', 0, '2020-05-22 14:39:38', '2020-05-22 14:39:38'),
(568, 'BB1T57D5', 'T5', 1, 'None', 0, '2020-05-22 14:39:38', '2020-05-22 14:39:38'),
(569, '587T55C3', 'T5', 1, 'None', 0, '2020-05-22 14:39:38', '2020-05-22 14:39:38'),
(570, 'C25T5CD5', 'T5', 1, 'None', 0, '2020-05-22 14:39:38', '2020-05-22 14:39:38'),
(571, 'D4BT558C', 'T5', 1, 'None', 0, '2020-05-22 14:39:38', '2020-05-22 14:39:38'),
(572, 'A2AT5806', 'T5', 1, 'None', 0, '2020-05-22 14:39:38', '2020-05-22 14:39:38'),
(573, '93ET54AE', 'T5', 1, 'None', 0, '2020-05-22 14:39:38', '2020-05-22 14:39:38'),
(574, '1E6T5BAF', 'T5', 1, 'None', 0, '2020-05-22 14:39:38', '2020-05-22 14:39:38'),
(575, '523T5464', 'T5', 1, 'None', 0, '2020-05-22 14:39:38', '2020-05-22 14:39:38'),
(576, 'C54T5C96', 'T5', 1, 'None', 0, '2020-05-22 14:39:38', '2020-05-22 14:39:38'),
(577, 'AC1T514E', 'T5', 1, 'None', 0, '2020-05-22 14:39:38', '2020-05-22 14:39:38'),
(578, '690T5F4B', 'T5', 1, 'None', 0, '2020-05-22 14:39:38', '2020-05-22 14:39:38'),
(579, 'C11T53D4', 'T5', 1, 'None', 0, '2020-05-22 14:39:38', '2020-05-22 14:39:38'),
(580, '389T5720', 'T5', 1, 'None', 0, '2020-05-22 14:39:38', '2020-05-22 14:39:38'),
(581, '557T63DB', 'T6', 3, '2020-09-07 11:49:39', 1, '2020-05-22 14:39:38', '2020-09-07 05:49:39'),
(582, '4F8T6DA9', 'T6', 1, 'None', 0, '2020-05-22 14:39:38', '2020-05-22 14:39:38'),
(583, '20FT64C7', 'T6', 1, 'None', 0, '2020-05-22 14:39:38', '2020-05-22 14:39:38'),
(584, '382T66AF', 'T6', 1, 'None', 0, '2020-05-22 14:39:38', '2020-05-22 14:39:38'),
(585, 'ACAT628A', 'T6', 1, 'None', 0, '2020-05-22 14:39:38', '2020-05-22 14:39:38'),
(586, '8D8T64F5', 'T6', 1, 'None', 0, '2020-05-22 14:39:38', '2020-05-22 14:39:38'),
(587, 'CA5T6898', 'T6', 1, 'None', 0, '2020-05-22 14:39:38', '2020-05-22 14:39:38'),
(588, '77FT6960', 'T6', 1, 'None', 0, '2020-05-22 14:39:38', '2020-05-22 14:39:38'),
(589, '540T6866', 'T6', 1, 'None', 0, '2020-05-22 14:39:38', '2020-05-22 14:39:38'),
(590, '3FDT6757', 'T6', 1, 'None', 0, '2020-05-22 14:39:38', '2020-05-22 14:39:38'),
(591, '4D4T685B', 'T6', 1, 'None', 0, '2020-05-22 14:39:38', '2020-05-22 14:39:38'),
(592, 'BABT6D5D', 'T6', 1, 'None', 0, '2020-05-22 14:39:38', '2020-05-22 14:39:38'),
(593, '35ET6EA1', 'T6', 1, 'None', 0, '2020-05-22 14:39:38', '2020-05-22 14:39:38'),
(594, '4DFT6B18', 'T6', 1, 'None', 0, '2020-05-22 14:39:38', '2020-05-22 14:39:38'),
(595, '7BDT6E99', 'T6', 1, 'None', 0, '2020-05-22 14:39:39', '2020-05-22 14:39:39'),
(596, '6BDT6B4A', 'T6', 1, 'None', 0, '2020-05-22 14:39:39', '2020-05-22 14:39:39'),
(597, 'AC3T6F64', 'T6', 1, 'None', 0, '2020-05-22 14:39:39', '2020-05-22 14:39:39'),
(598, '37ET65F3', 'T6', 1, 'None', 0, '2020-05-22 14:39:39', '2020-05-22 14:39:39'),
(599, '6F2T6A96', 'T6', 1, 'None', 0, '2020-05-22 14:39:39', '2020-05-22 14:39:39');
INSERT INTO `fscodes` (`id`, `fscode`, `tier`, `status`, `sale_date`, `sale_by`, `created_at`, `updated_at`) VALUES
(600, '60AT6D9A', 'T6', 1, 'None', 0, '2020-05-22 14:39:39', '2020-05-22 14:39:39'),
(601, 'B43T669C', 'T6', 1, 'None', 0, '2020-05-22 14:39:39', '2020-05-22 14:39:39'),
(602, '2AET6CCD', 'T6', 1, 'None', 0, '2020-05-22 14:39:39', '2020-05-22 14:39:39'),
(603, '440T6C7A', 'T6', 1, 'None', 0, '2020-05-22 14:39:39', '2020-05-22 14:39:39'),
(604, 'F99T62DD', 'T6', 1, 'None', 0, '2020-05-22 14:39:39', '2020-05-22 14:39:39'),
(605, '29AT629E', 'T6', 1, 'None', 0, '2020-05-22 14:39:39', '2020-05-22 14:39:39'),
(606, '127T6E22', 'T6', 1, 'None', 0, '2020-05-22 14:39:39', '2020-05-22 14:39:39'),
(607, '546T6385', 'T6', 1, 'None', 0, '2020-05-22 14:39:39', '2020-05-22 14:39:39'),
(608, '26ET619D', 'T6', 1, 'None', 0, '2020-05-22 14:39:39', '2020-05-22 14:39:39'),
(609, '9E1T6A93', 'T6', 1, 'None', 0, '2020-05-22 14:39:39', '2020-05-22 14:39:39'),
(610, '665T6979', 'T6', 1, 'None', 0, '2020-05-22 14:39:39', '2020-05-22 14:39:39'),
(611, '6C6T665C', 'T6', 1, 'None', 0, '2020-05-22 14:39:39', '2020-05-22 14:39:39'),
(612, 'F4CT6184', 'T6', 1, 'None', 0, '2020-05-22 14:39:39', '2020-05-22 14:39:39'),
(613, 'C00T6B7F', 'T6', 1, 'None', 0, '2020-05-22 14:39:39', '2020-05-22 14:39:39'),
(614, 'D8DT625F', 'T6', 1, 'None', 0, '2020-05-22 14:39:39', '2020-05-22 14:39:39'),
(615, '421T647D', 'T6', 1, 'None', 0, '2020-05-22 14:39:39', '2020-05-22 14:39:39'),
(616, '318T6CAC', 'T6', 1, 'None', 0, '2020-05-22 14:39:39', '2020-05-22 14:39:39'),
(617, '275T64DA', 'T6', 1, 'None', 0, '2020-05-22 14:39:39', '2020-05-22 14:39:39'),
(618, 'EF3T6B27', 'T6', 1, 'None', 0, '2020-05-22 14:39:39', '2020-05-22 14:39:39'),
(619, '15AT6C0C', 'T6', 1, 'None', 0, '2020-05-22 14:39:39', '2020-05-22 14:39:39'),
(620, '6BAT6993', 'T6', 1, 'None', 0, '2020-05-22 14:39:39', '2020-05-22 14:39:39'),
(621, '44DT6398', 'T6', 1, 'None', 0, '2020-05-22 14:39:39', '2020-05-22 14:39:39'),
(622, '220T618A', 'T6', 1, 'None', 0, '2020-05-22 14:39:39', '2020-05-22 14:39:39'),
(623, 'EDBT6349', 'T6', 1, 'None', 0, '2020-05-22 14:39:39', '2020-05-22 14:39:39'),
(624, 'E66T64AE', 'T6', 1, 'None', 0, '2020-05-22 14:39:39', '2020-05-22 14:39:39'),
(625, '700T65E7', 'T6', 1, 'None', 0, '2020-05-22 14:39:39', '2020-05-22 14:39:39'),
(626, '1DFT676B', 'T6', 1, 'None', 0, '2020-05-22 14:39:39', '2020-05-22 14:39:39'),
(627, '559T69E5', 'T6', 1, 'None', 0, '2020-05-22 14:39:39', '2020-05-22 14:39:39'),
(628, 'BFAT65BD', 'T6', 1, 'None', 0, '2020-05-22 14:39:39', '2020-05-22 14:39:39'),
(629, '212T6760', 'T6', 1, 'None', 0, '2020-05-22 14:39:39', '2020-05-22 14:39:39'),
(630, 'C35T6ADC', 'T6', 1, 'None', 0, '2020-05-22 14:39:39', '2020-05-22 14:39:39'),
(631, 'C01T6D77', 'T6', 1, 'None', 0, '2020-05-22 14:39:39', '2020-05-22 14:39:39'),
(632, 'CD5T6BD7', 'T6', 1, 'None', 0, '2020-05-22 14:39:39', '2020-05-22 14:39:39'),
(633, '980T6D7D', 'T6', 1, 'None', 0, '2020-05-22 14:39:39', '2020-05-22 14:39:39'),
(634, '1C7T61B4', 'T6', 1, 'None', 0, '2020-05-22 14:39:40', '2020-05-22 14:39:40'),
(635, 'B76T6D5F', 'T6', 1, 'None', 0, '2020-05-22 14:39:40', '2020-05-22 14:39:40'),
(636, '4ACT64BD', 'T6', 1, 'None', 0, '2020-05-22 14:39:40', '2020-05-22 14:39:40'),
(637, '9E7T6256', 'T6', 1, 'None', 0, '2020-05-22 14:39:40', '2020-05-22 14:39:40'),
(638, 'A33T664F', 'T6', 1, 'None', 0, '2020-05-22 14:39:40', '2020-05-22 14:39:40'),
(639, 'AD6T65B1', 'T6', 1, 'None', 0, '2020-05-22 14:39:40', '2020-05-22 14:39:40'),
(640, '2D6T64CB', 'T6', 1, 'None', 0, '2020-05-22 14:39:40', '2020-05-22 14:39:40'),
(641, 'C28T6536', 'T6', 1, 'None', 0, '2020-05-22 14:39:40', '2020-05-22 14:39:40'),
(642, '4CFT6652', 'T6', 1, 'None', 0, '2020-05-22 14:39:40', '2020-05-22 14:39:40'),
(643, '69AT620C', 'T6', 1, 'None', 0, '2020-05-22 14:39:40', '2020-05-22 14:39:40'),
(644, '450T6AE2', 'T6', 1, 'None', 0, '2020-05-22 14:39:40', '2020-05-22 14:39:40'),
(645, 'EBBT6B39', 'T6', 1, 'None', 0, '2020-05-22 14:39:40', '2020-05-22 14:39:40'),
(646, '80AT668F', 'T6', 1, 'None', 0, '2020-05-22 14:39:40', '2020-05-22 14:39:40'),
(647, '128T6881', 'T6', 1, 'None', 0, '2020-05-22 14:39:40', '2020-05-22 14:39:40'),
(648, 'CE1T64DB', 'T6', 1, 'None', 0, '2020-05-22 14:39:40', '2020-05-22 14:39:40'),
(649, 'D9CT6439', 'T6', 1, 'None', 0, '2020-05-22 14:39:40', '2020-05-22 14:39:40'),
(650, '17DT6F65', 'T6', 1, 'None', 0, '2020-05-22 14:39:40', '2020-05-22 14:39:40'),
(651, '72FT6B17', 'T6', 1, 'None', 0, '2020-05-22 14:39:40', '2020-05-22 14:39:40'),
(652, '97AT62E1', 'T6', 1, 'None', 0, '2020-05-22 14:39:40', '2020-05-22 14:39:40'),
(653, 'D83T6D23', 'T6', 1, 'None', 0, '2020-05-22 14:39:40', '2020-05-22 14:39:40'),
(654, '5A6T61A0', 'T6', 1, 'None', 0, '2020-05-22 14:39:40', '2020-05-22 14:39:40'),
(655, '4ADT6774', 'T6', 1, 'None', 0, '2020-05-22 14:39:40', '2020-05-22 14:39:40'),
(656, 'C76T671A', 'T6', 1, 'None', 0, '2020-05-22 14:39:40', '2020-05-22 14:39:40'),
(657, '5EET6684', 'T6', 1, 'None', 0, '2020-05-22 14:39:40', '2020-05-22 14:39:40'),
(658, 'BC8T6DBF', 'T6', 1, 'None', 0, '2020-05-22 14:39:40', '2020-05-22 14:39:40'),
(659, '64BT62E6', 'T6', 1, 'None', 0, '2020-05-22 14:39:40', '2020-05-22 14:39:40'),
(660, 'E76T64BB', 'T6', 1, 'None', 0, '2020-05-22 14:39:40', '2020-05-22 14:39:40'),
(661, '947T6150', 'T6', 1, 'None', 0, '2020-05-22 14:39:40', '2020-05-22 14:39:40'),
(662, '124T6D68', 'T6', 1, 'None', 0, '2020-05-22 14:39:40', '2020-05-22 14:39:40'),
(663, 'DC8T6E70', 'T6', 1, 'None', 0, '2020-05-22 14:39:40', '2020-05-22 14:39:40'),
(664, '8A9T6918', 'T6', 1, 'None', 0, '2020-05-22 14:39:40', '2020-05-22 14:39:40'),
(665, '4F7T6900', 'T6', 1, 'None', 0, '2020-05-22 14:39:40', '2020-05-22 14:39:40'),
(666, 'A33T6A6C', 'T6', 1, 'None', 0, '2020-05-22 14:39:40', '2020-05-22 14:39:40'),
(667, '89FT66E9', 'T6', 1, 'None', 0, '2020-05-22 14:39:40', '2020-05-22 14:39:40'),
(668, 'EEDT69B4', 'T6', 1, 'None', 0, '2020-05-22 14:39:40', '2020-05-22 14:39:40'),
(669, 'A7CT65E5', 'T6', 1, 'None', 0, '2020-05-22 14:39:40', '2020-05-22 14:39:40'),
(670, 'E29T6678', 'T6', 1, 'None', 0, '2020-05-22 14:39:40', '2020-05-22 14:39:40'),
(671, '80FT61A4', 'T6', 1, 'None', 0, '2020-05-22 14:39:40', '2020-05-22 14:39:40'),
(672, '339T684D', 'T6', 1, 'None', 0, '2020-05-22 14:39:40', '2020-05-22 14:39:40'),
(673, '845T6863', 'T6', 1, 'None', 0, '2020-05-22 14:39:40', '2020-05-22 14:39:40'),
(674, '9BFT6E2F', 'T6', 1, 'None', 0, '2020-05-22 14:39:41', '2020-05-22 14:39:41'),
(675, 'CA5T69AF', 'T6', 1, 'None', 0, '2020-05-22 14:39:41', '2020-05-22 14:39:41'),
(676, 'B18T63EE', 'T6', 1, 'None', 0, '2020-05-22 14:39:41', '2020-05-22 14:39:41'),
(677, 'B85T6C4A', 'T6', 1, 'None', 0, '2020-05-22 14:39:41', '2020-05-22 14:39:41'),
(678, 'DFAT6AF9', 'T6', 1, 'None', 0, '2020-05-22 14:39:41', '2020-05-22 14:39:41'),
(679, '547T6D6F', 'T6', 1, 'None', 0, '2020-05-22 14:39:41', '2020-05-22 14:39:41'),
(680, 'BEAT6D48', 'T6', 1, 'None', 0, '2020-05-22 14:39:41', '2020-05-22 14:39:41'),
(681, '4B3T663D', 'T6', 1, 'None', 0, '2020-05-22 14:39:41', '2020-05-22 14:39:41'),
(682, 'C57T656F', 'T6', 1, 'None', 0, '2020-05-22 14:39:41', '2020-05-22 14:39:41'),
(683, '625T6B8C', 'T6', 1, 'None', 0, '2020-05-22 14:39:41', '2020-05-22 14:39:41'),
(684, '517T6D82', 'T6', 1, 'None', 0, '2020-05-22 14:39:41', '2020-05-22 14:39:41'),
(685, 'A0BT6F48', 'T6', 1, 'None', 0, '2020-05-22 14:39:41', '2020-05-22 14:39:41'),
(686, '4E6T6C0B', 'T6', 1, 'None', 0, '2020-05-22 14:39:41', '2020-05-22 14:39:41'),
(687, 'B1ET68F5', 'T6', 1, 'None', 0, '2020-05-22 14:39:41', '2020-05-22 14:39:41'),
(688, '16CT62AA', 'T6', 1, 'None', 0, '2020-05-22 14:39:41', '2020-05-22 14:39:41'),
(689, 'AAFT6454', 'T6', 1, 'None', 0, '2020-05-22 14:39:41', '2020-05-22 14:39:41'),
(690, '868T6489', 'T6', 1, 'None', 0, '2020-05-22 14:39:41', '2020-05-22 14:39:41'),
(691, 'CE3T6997', 'T6', 1, 'None', 0, '2020-05-22 14:39:41', '2020-05-22 14:39:41'),
(692, 'AB9T6CB7', 'T6', 1, 'None', 0, '2020-05-22 14:39:41', '2020-05-22 14:39:41'),
(693, '91AT648F', 'T6', 1, 'None', 0, '2020-05-22 14:39:41', '2020-05-22 14:39:41'),
(694, '936T61CB', 'T6', 1, 'None', 0, '2020-05-22 14:39:41', '2020-05-22 14:39:41'),
(695, '899T6334', 'T6', 1, 'None', 0, '2020-05-22 14:39:41', '2020-05-22 14:39:41'),
(696, '2C4T63A0', 'T6', 1, 'None', 0, '2020-05-22 14:39:41', '2020-05-22 14:39:41'),
(697, '9D8T714D', 'T7', 1, 'None', 0, '2020-05-22 14:39:41', '2020-05-22 14:39:41'),
(698, '8E5T7BC9', 'T7', 1, 'None', 0, '2020-05-22 14:39:41', '2020-05-22 14:39:41'),
(699, '93FT7DEE', 'T7', 1, 'None', 0, '2020-05-22 14:39:41', '2020-05-22 14:39:41'),
(700, 'F33T7F20', 'T7', 1, 'None', 0, '2020-05-22 14:39:41', '2020-05-22 14:39:41'),
(701, 'AA2T7601', 'T7', 1, 'None', 0, '2020-05-22 14:39:41', '2020-05-22 14:39:41'),
(702, '2F9T7D71', 'T7', 1, 'None', 0, '2020-05-22 14:39:41', '2020-05-22 14:39:41'),
(703, '761T72AB', 'T7', 1, 'None', 0, '2020-05-22 14:39:41', '2020-05-22 14:39:41'),
(704, '5E1T7DF5', 'T7', 1, 'None', 0, '2020-05-22 14:39:41', '2020-05-22 14:39:41'),
(705, 'AE0T78C7', 'T7', 1, 'None', 0, '2020-05-22 14:39:41', '2020-05-22 14:39:41'),
(706, 'C84T792D', 'T7', 1, 'None', 0, '2020-05-22 14:39:41', '2020-05-22 14:39:41'),
(707, '347T7145', 'T7', 1, 'None', 0, '2020-05-22 14:39:41', '2020-05-22 14:39:41'),
(708, '98BT74C7', 'T7', 1, 'None', 0, '2020-05-22 14:39:41', '2020-05-22 14:39:41'),
(709, 'E2DT7516', 'T7', 1, 'None', 0, '2020-05-22 14:39:41', '2020-05-22 14:39:41'),
(710, '692T7D4E', 'T7', 1, 'None', 0, '2020-05-22 14:39:41', '2020-05-22 14:39:41'),
(711, '27BT744E', 'T7', 1, 'None', 0, '2020-05-22 14:39:41', '2020-05-22 14:39:41'),
(712, '1EET74DB', 'T7', 1, 'None', 0, '2020-05-22 14:39:42', '2020-05-22 14:39:42'),
(713, 'F2BT7C01', 'T7', 1, 'None', 0, '2020-05-22 14:39:42', '2020-05-22 14:39:42'),
(714, '870T7AD6', 'T7', 1, 'None', 0, '2020-05-22 14:39:42', '2020-05-22 14:39:42'),
(715, '623T7821', 'T7', 1, 'None', 0, '2020-05-22 14:39:42', '2020-05-22 14:39:42'),
(716, '9D4T74F6', 'T7', 1, 'None', 0, '2020-05-22 14:39:42', '2020-05-22 14:39:42'),
(717, '7CDT713D', 'T7', 1, 'None', 0, '2020-05-22 14:39:42', '2020-05-22 14:39:42'),
(718, '1A0T7237', 'T7', 1, 'None', 0, '2020-05-22 14:39:42', '2020-05-22 14:39:42'),
(719, '568T744C', 'T7', 1, 'None', 0, '2020-05-22 14:39:42', '2020-05-22 14:39:42'),
(720, 'ED8T790A', 'T7', 1, 'None', 0, '2020-05-22 14:39:42', '2020-05-22 14:39:42'),
(721, '5E6T7205', 'T7', 1, 'None', 0, '2020-05-22 14:39:42', '2020-05-22 14:39:42'),
(722, 'A04T7D85', 'T7', 1, 'None', 0, '2020-05-22 14:39:42', '2020-05-22 14:39:42'),
(723, '963T78AC', 'T7', 1, 'None', 0, '2020-05-22 14:39:42', '2020-05-22 14:39:42'),
(724, '45AT7AB9', 'T7', 1, 'None', 0, '2020-05-22 14:39:42', '2020-05-22 14:39:42'),
(725, '291T7996', 'T7', 1, 'None', 0, '2020-05-22 14:39:42', '2020-05-22 14:39:42'),
(726, 'ADBT7A40', 'T7', 1, 'None', 0, '2020-05-22 14:39:42', '2020-05-22 14:39:42'),
(727, '2DCT7351', 'T7', 1, 'None', 0, '2020-05-22 14:39:42', '2020-05-22 14:39:42'),
(728, '672T7812', 'T7', 1, 'None', 0, '2020-05-22 14:39:42', '2020-05-22 14:39:42'),
(729, 'A9CT7AF7', 'T7', 1, 'None', 0, '2020-05-22 14:39:42', '2020-05-22 14:39:42'),
(730, 'ACFT7B30', 'T7', 1, 'None', 0, '2020-05-22 14:39:42', '2020-05-22 14:39:42'),
(731, '4D2T740D', 'T7', 1, 'None', 0, '2020-05-22 14:39:42', '2020-05-22 14:39:42'),
(732, 'B8FT7748', 'T7', 1, 'None', 0, '2020-05-22 14:39:42', '2020-05-22 14:39:42'),
(733, 'DE7T7E94', 'T7', 1, 'None', 0, '2020-05-22 14:39:42', '2020-05-22 14:39:42'),
(734, 'A65T7F6E', 'T7', 1, 'None', 0, '2020-05-22 14:39:42', '2020-05-22 14:39:42'),
(735, '6F4T7B81', 'T7', 1, 'None', 0, '2020-05-22 14:39:42', '2020-05-22 14:39:42'),
(736, '8CFT76BC', 'T7', 1, 'None', 0, '2020-05-22 14:39:42', '2020-05-22 14:39:42'),
(737, 'DDFT7BBE', 'T7', 1, 'None', 0, '2020-05-22 14:39:42', '2020-05-22 14:39:42'),
(738, '108T7A43', 'T7', 1, 'None', 0, '2020-05-22 14:39:42', '2020-05-22 14:39:42'),
(739, 'A9DT7C44', 'T7', 1, 'None', 0, '2020-05-22 14:39:42', '2020-05-22 14:39:42'),
(740, 'F7FT7C8C', 'T7', 1, 'None', 0, '2020-05-22 14:39:42', '2020-05-22 14:39:42'),
(741, '59AT7C08', 'T7', 1, 'None', 0, '2020-05-22 14:39:42', '2020-05-22 14:39:42'),
(742, 'C34T740C', 'T7', 1, 'None', 0, '2020-05-22 14:39:42', '2020-05-22 14:39:42'),
(743, '10AT7C44', 'T7', 1, 'None', 0, '2020-05-22 14:39:42', '2020-05-22 14:39:42'),
(744, 'ECET7324', 'T7', 1, 'None', 0, '2020-05-22 14:39:42', '2020-05-22 14:39:42'),
(745, 'AB9T7D74', 'T7', 1, 'None', 0, '2020-05-22 14:39:42', '2020-05-22 14:39:42'),
(746, '707T7632', 'T7', 1, 'None', 0, '2020-05-22 14:39:42', '2020-05-22 14:39:42'),
(747, 'D97T7AF7', 'T7', 1, 'None', 0, '2020-05-22 14:39:42', '2020-05-22 14:39:42'),
(748, 'E45T712A', 'T7', 1, 'None', 0, '2020-05-22 14:39:42', '2020-05-22 14:39:42'),
(749, '8C3T79A5', 'T7', 1, 'None', 0, '2020-05-22 14:39:43', '2020-05-22 14:39:43'),
(750, 'B87T7DCA', 'T7', 1, 'None', 0, '2020-05-22 14:39:43', '2020-05-22 14:39:43'),
(751, '2DCT73CB', 'T7', 1, 'None', 0, '2020-05-22 14:39:43', '2020-05-22 14:39:43'),
(752, '74BT78F8', 'T7', 1, 'None', 0, '2020-05-22 14:39:43', '2020-05-22 14:39:43'),
(753, '694T7E39', 'T7', 1, 'None', 0, '2020-05-22 14:39:43', '2020-05-22 14:39:43'),
(754, 'BD2T750A', 'T7', 1, 'None', 0, '2020-05-22 14:39:43', '2020-05-22 14:39:43'),
(755, 'BD4T7C8B', 'T7', 1, 'None', 0, '2020-05-22 14:39:43', '2020-05-22 14:39:43'),
(756, 'D78T757D', 'T7', 1, 'None', 0, '2020-05-22 14:39:43', '2020-05-22 14:39:43'),
(757, '1DDT7DEE', 'T7', 1, 'None', 0, '2020-05-22 14:39:43', '2020-05-22 14:39:43'),
(758, '264T72A7', 'T7', 1, 'None', 0, '2020-05-22 14:39:43', '2020-05-22 14:39:43'),
(759, 'A5DT7221', 'T7', 1, 'None', 0, '2020-05-22 14:39:43', '2020-05-22 14:39:43'),
(760, '73AT751E', 'T7', 1, 'None', 0, '2020-05-22 14:39:43', '2020-05-22 14:39:43'),
(761, '666T74FA', 'T7', 1, 'None', 0, '2020-05-22 14:39:43', '2020-05-22 14:39:43'),
(762, '8B5T793E', 'T7', 1, 'None', 0, '2020-05-22 14:39:43', '2020-05-22 14:39:43'),
(763, 'C1DT79D9', 'T7', 1, 'None', 0, '2020-05-22 14:39:43', '2020-05-22 14:39:43'),
(764, 'B41T77F2', 'T7', 1, 'None', 0, '2020-05-22 14:39:43', '2020-05-22 14:39:43'),
(765, '118T74F3', 'T7', 1, 'None', 0, '2020-05-22 14:39:43', '2020-05-22 14:39:43'),
(766, '42FT73E5', 'T7', 1, 'None', 0, '2020-05-22 14:39:43', '2020-05-22 14:39:43'),
(767, 'C6FT7C72', 'T7', 1, 'None', 0, '2020-05-22 14:39:43', '2020-05-22 14:39:43'),
(768, '48AT7609', 'T7', 1, 'None', 0, '2020-05-22 14:39:43', '2020-05-22 14:39:43'),
(769, '5BDT737A', 'T7', 1, 'None', 0, '2020-05-22 14:39:43', '2020-05-22 14:39:43'),
(770, 'A1AT753F', 'T7', 1, 'None', 0, '2020-05-22 14:39:43', '2020-05-22 14:39:43'),
(771, '539T7527', 'T7', 1, 'None', 0, '2020-05-22 14:39:43', '2020-05-22 14:39:43'),
(772, '4F3T7E1B', 'T7', 1, 'None', 0, '2020-05-22 14:39:43', '2020-05-22 14:39:43'),
(773, '8ACT73AB', 'T7', 1, 'None', 0, '2020-05-22 14:39:43', '2020-05-22 14:39:43'),
(774, 'DF9T7BC2', 'T7', 1, 'None', 0, '2020-05-22 14:39:43', '2020-05-22 14:39:43'),
(775, 'E7CT7EF8', 'T7', 1, 'None', 0, '2020-05-22 14:39:43', '2020-05-22 14:39:43'),
(776, 'DF6T711E', 'T7', 1, 'None', 0, '2020-05-22 14:39:43', '2020-05-22 14:39:43'),
(777, '46BT7259', 'T7', 1, 'None', 0, '2020-05-22 14:39:43', '2020-05-22 14:39:43'),
(778, 'C3CT7C51', 'T7', 1, 'None', 0, '2020-05-22 14:39:43', '2020-05-22 14:39:43'),
(779, '4AAT74BF', 'T7', 1, 'None', 0, '2020-05-22 14:39:43', '2020-05-22 14:39:43'),
(780, '479T781C', 'T7', 1, 'None', 0, '2020-05-22 14:39:43', '2020-05-22 14:39:43'),
(781, '9BDT7DF6', 'T7', 1, 'None', 0, '2020-05-22 14:39:43', '2020-05-22 14:39:43'),
(782, 'E3CT763B', 'T7', 1, 'None', 0, '2020-05-22 14:39:43', '2020-05-22 14:39:43'),
(783, '9F7T7B2A', 'T7', 1, 'None', 0, '2020-05-22 14:39:43', '2020-05-22 14:39:43'),
(784, 'F7FT7911', 'T7', 1, 'None', 0, '2020-05-22 14:39:43', '2020-05-22 14:39:43'),
(785, '1A2T7D9F', 'T7', 1, 'None', 0, '2020-05-22 14:39:43', '2020-05-22 14:39:43'),
(786, 'DEDT78FD', 'T7', 1, 'None', 0, '2020-05-22 14:39:43', '2020-05-22 14:39:43'),
(787, 'DD1T7A34', 'T7', 1, 'None', 0, '2020-05-22 14:39:43', '2020-05-22 14:39:43'),
(788, '67FT7343', 'T7', 1, 'None', 0, '2020-05-22 14:39:44', '2020-05-22 14:39:44'),
(789, 'D7AT710F', 'T7', 1, 'None', 0, '2020-05-22 14:39:44', '2020-05-22 14:39:44'),
(790, '42CT7B06', 'T7', 1, 'None', 0, '2020-05-22 14:39:44', '2020-05-22 14:39:44'),
(791, '534T7C5B', 'T7', 1, 'None', 0, '2020-05-22 14:39:44', '2020-05-22 14:39:44'),
(792, '1BAT7D13', 'T7', 1, 'None', 0, '2020-05-22 14:39:44', '2020-05-22 14:39:44'),
(793, '9D6T775A', 'T7', 1, 'None', 0, '2020-05-22 14:39:44', '2020-05-22 14:39:44'),
(794, 'D17T7EC4', 'T7', 1, 'None', 0, '2020-05-22 14:39:44', '2020-05-22 14:39:44'),
(795, '4A2T7CE6', 'T7', 1, 'None', 0, '2020-05-22 14:39:44', '2020-05-22 14:39:44'),
(796, '5FET719C', 'T7', 1, 'None', 0, '2020-05-22 14:39:44', '2020-05-22 14:39:44'),
(797, '125T7BF3', 'T7', 1, 'None', 0, '2020-05-22 14:39:44', '2020-05-22 14:39:44'),
(798, '2E0T7814', 'T7', 1, 'None', 0, '2020-05-22 14:39:44', '2020-05-22 14:39:44'),
(799, '327T774A', 'T7', 1, 'None', 0, '2020-05-22 14:39:44', '2020-05-22 14:39:44'),
(800, 'BF3T7928', 'T7', 1, 'None', 0, '2020-05-22 14:39:44', '2020-05-22 14:39:44'),
(801, '630T7A8B', 'T7', 1, 'None', 0, '2020-05-22 14:39:44', '2020-05-22 14:39:44'),
(802, '610T7903', 'T7', 1, 'None', 0, '2020-05-22 14:39:44', '2020-05-22 14:39:44'),
(803, '6F1T75AA', 'T7', 1, 'None', 0, '2020-05-22 14:39:44', '2020-05-22 14:39:44'),
(804, 'BB4T7B69', 'T7', 1, 'None', 0, '2020-05-22 14:39:44', '2020-05-22 14:39:44'),
(805, 'DB7T7A6F', 'T7', 1, 'None', 0, '2020-05-22 14:39:44', '2020-05-22 14:39:44'),
(806, '3B9T7D09', 'T7', 1, 'None', 0, '2020-05-22 14:39:44', '2020-05-22 14:39:44'),
(807, '11CT7EE8', 'T7', 1, 'None', 0, '2020-05-22 14:39:44', '2020-05-22 14:39:44'),
(808, '351T7E27', 'T7', 1, 'None', 0, '2020-05-22 14:39:44', '2020-05-22 14:39:44'),
(809, '71FT7962', 'T7', 1, 'None', 0, '2020-05-22 14:39:44', '2020-05-22 14:39:44'),
(810, '1D5T75CF', 'T7', 1, 'None', 0, '2020-05-22 14:39:44', '2020-05-22 14:39:44'),
(811, '682T7C94', 'T7', 1, 'None', 0, '2020-05-22 14:39:44', '2020-05-22 14:39:44'),
(812, '462T7513', 'T7', 1, 'None', 0, '2020-05-22 14:39:44', '2020-05-22 14:39:44');

-- --------------------------------------------------------

--
-- Table structure for table `imei`
--

CREATE TABLE `imei` (
  `id` int(11) NOT NULL,
  `imei_four_digit` varchar(255) NOT NULL,
  `imei_full` varchar(255) NOT NULL
) ENGINE=InnoDB DEFAULT CHARSET=utf8mb4;

--
-- Dumping data for table `imei`
--

INSERT INTO `imei` (`id`, `imei_four_digit`, `imei_full`) VALUES
(1, '2345', '123456789012345'),
(2, '2341', '123456789012341'),
(3, '9874', '123456789069874'),
(4, '1545', '915020781721545');

-- --------------------------------------------------------

--
-- Table structure for table `imeis`
--

CREATE TABLE `imeis` (
  `id` bigint(20) UNSIGNED NOT NULL,
  `imei` varchar(191) COLLATE utf8mb4_unicode_ci NOT NULL,
  `model` varchar(191) COLLATE utf8mb4_unicode_ci NOT NULL,
  `device_price` varchar(191) COLLATE utf8mb4_unicode_ci NOT NULL,
  `status` int(11) NOT NULL,
  `sale_date` varchar(191) COLLATE utf8mb4_unicode_ci NOT NULL,
  `sale_by` int(11) NOT NULL,
  `created_at` timestamp NULL DEFAULT NULL,
  `updated_at` timestamp NULL DEFAULT NULL
) ENGINE=InnoDB DEFAULT CHARSET=utf8mb4 COLLATE=utf8mb4_unicode_ci;

--
-- Dumping data for table `imeis`
--

INSERT INTO `imeis` (`id`, `imei`, `model`, `device_price`, `status`, `sale_date`, `sale_by`, `created_at`, `updated_at`) VALUES
(1, '918523383627751', 'Nokia C3', '7000', 3, '2020-09-14 15:30:08', 1, '2020-09-14 07:06:59', '2020-09-14 09:30:08'),
(2, '985595999374869', 'Nokia C2 Tava', '12000', 1, 'None', 0, '2020-09-14 07:06:59', '2020-09-14 08:38:01'),
(3, '495713598395218', 'Redmi note 3', '35000', 1, 'None', 0, '2020-09-14 07:06:59', '2020-09-14 08:38:01'),
(4, '981224473337458', 'Mate 20', '20000', 1, 'None', 0, '2020-09-14 07:06:59', '2020-09-14 08:38:01'),
(5, '512524736974379', 'Mate 8', '15000', 1, 'None', 0, '2020-09-14 07:06:59', '2020-09-14 08:38:01'),
(6, '496487168387363', 'Samsung M20', '14990', 1, 'None', 0, '2020-09-14 07:06:59', '2020-09-14 08:38:01'),
(7, '537317725414387', 'Realme450', '25000', 1, 'None', 0, '2020-09-14 07:06:59', '2020-09-14 07:06:59'),
(8, '860373656907128', 'Walton', '20000', 3, '2020-09-15 04:20:20', 1, '2020-09-14 07:06:59', '2020-09-14 22:20:20');

-- --------------------------------------------------------

--
-- Table structure for table `import_exports`
--

CREATE TABLE `import_exports` (
  `id` bigint(20) UNSIGNED NOT NULL,
  `SN` varchar(191) COLLATE utf8mb4_unicode_ci NOT NULL,
  `Variable_code` varchar(191) COLLATE utf8mb4_unicode_ci NOT NULL,
  `Industry_aggregation_NZSIOC` varchar(191) COLLATE utf8mb4_unicode_ci NOT NULL,
  `Industry_code_NZSIOC` varchar(191) COLLATE utf8mb4_unicode_ci NOT NULL,
  `Industry_name_NZSIOC` varchar(191) COLLATE utf8mb4_unicode_ci NOT NULL,
  `Units` varchar(191) COLLATE utf8mb4_unicode_ci NOT NULL,
  `Year` varchar(191) COLLATE utf8mb4_unicode_ci NOT NULL,
  `Variable_name` varchar(191) COLLATE utf8mb4_unicode_ci NOT NULL,
  `Variable_category` varchar(191) COLLATE utf8mb4_unicode_ci NOT NULL,
  `Value` varchar(191) COLLATE utf8mb4_unicode_ci NOT NULL,
  `Industry_code_ANZSIC06` varchar(191) COLLATE utf8mb4_unicode_ci NOT NULL,
  `created_at` timestamp NULL DEFAULT NULL,
  `updated_at` timestamp NULL DEFAULT NULL
) ENGINE=InnoDB DEFAULT CHARSET=utf8mb4 COLLATE=utf8mb4_unicode_ci;

-- --------------------------------------------------------

--
-- Table structure for table `migrations`
--

CREATE TABLE `migrations` (
  `id` int(10) UNSIGNED NOT NULL,
  `migration` varchar(191) COLLATE utf8mb4_unicode_ci NOT NULL,
  `batch` int(11) NOT NULL
) ENGINE=InnoDB DEFAULT CHARSET=utf8mb4 COLLATE=utf8mb4_unicode_ci;

--
-- Dumping data for table `migrations`
--

INSERT INTO `migrations` (`id`, `migration`, `batch`) VALUES
(35, '2014_10_12_000000_create_users_table', 1),
(36, '2014_10_12_100000_create_password_resets_table', 1),
(37, '2019_08_19_000000_create_failed_jobs_table', 1),
(38, '2020_03_10_052332_laratrust_setup_tables', 1),
(41, '2020_03_12_090924_create_import_exports_table', 1),
(42, '2020_03_15_080257_create_reports_table', 1),
(52, '2020_03_12_042445_create_outlets_table', 7),
(54, '2020_03_18_182901_create_fscodes_table', 8),
(59, '2020_04_13_215947_create_files_table', 10),
(61, '2020_03_18_090120_create_service_histories_table', 12),
(63, '2020_06_14_210308_create_receive_delivery_histories_table', 14),
(69, '2020_03_10_110050_create_sales_table', 17),
(72, '2020_09_14_044338_create_imeis_table', 19),
(73, '2020_05_13_190853_create_tiers_table', 20),
(74, '2020_06_10_094024_create_phone_models_table', 20);

-- --------------------------------------------------------

--
-- Table structure for table `outlets`
--

CREATE TABLE `outlets` (
  `id` bigint(20) UNSIGNED NOT NULL,
  `store_code` varchar(191) COLLATE utf8mb4_unicode_ci NOT NULL,
  `store_name` varchar(191) COLLATE utf8mb4_unicode_ci NOT NULL,
  `address` varchar(191) COLLATE utf8mb4_unicode_ci NOT NULL,
  `district` varchar(191) COLLATE utf8mb4_unicode_ci NOT NULL,
  `area` varchar(191) COLLATE utf8mb4_unicode_ci DEFAULT NULL,
  `contact_details` varchar(191) COLLATE utf8mb4_unicode_ci NOT NULL,
  `created_at` timestamp NULL DEFAULT NULL,
  `updated_at` timestamp NULL DEFAULT NULL
) ENGINE=InnoDB DEFAULT CHARSET=utf8mb4 COLLATE=utf8mb4_unicode_ci;

--
-- Dumping data for table `outlets`
--

INSERT INTO `outlets` (`id`, `store_code`, `store_name`, `address`, `district`, `area`, `contact_details`, `created_at`, `updated_at`) VALUES
(1, '0001', 'test store', 'rainkhola, section-2, mirpur', 'Dhaka', 'Mirpur', 'Dhaka', '2020-05-22 14:37:25', '2020-05-22 14:37:25'),
(5, '0002', 'M/S Karim Enterprise', 'rainkhola, section-2, mirpur', 'Bandarban', NULL, 'Dhaka', '2020-05-23 11:52:22', '2020-05-23 11:52:22'),
(6, '0003', 'M/S Zakir enterprize', 'rainkhola, section-2, mirpur', 'Barishal', NULL, 'Dhaka', '2020-06-14 15:24:59', '2020-06-14 15:24:59');

-- --------------------------------------------------------

--
-- Table structure for table `password_resets`
--

CREATE TABLE `password_resets` (
  `email` varchar(191) COLLATE utf8mb4_unicode_ci NOT NULL,
  `token` varchar(191) COLLATE utf8mb4_unicode_ci NOT NULL,
  `created_at` timestamp NULL DEFAULT NULL
) ENGINE=InnoDB DEFAULT CHARSET=utf8mb4 COLLATE=utf8mb4_unicode_ci;

-- --------------------------------------------------------

--
-- Table structure for table `permissions`
--

CREATE TABLE `permissions` (
  `id` int(10) UNSIGNED NOT NULL,
  `name` varchar(191) COLLATE utf8mb4_unicode_ci NOT NULL,
  `display_name` varchar(191) COLLATE utf8mb4_unicode_ci DEFAULT NULL,
  `description` varchar(191) COLLATE utf8mb4_unicode_ci DEFAULT NULL,
  `created_at` timestamp NULL DEFAULT NULL,
  `updated_at` timestamp NULL DEFAULT NULL
) ENGINE=InnoDB DEFAULT CHARSET=utf8mb4 COLLATE=utf8mb4_unicode_ci;

--
-- Dumping data for table `permissions`
--

INSERT INTO `permissions` (`id`, `name`, `display_name`, `description`, `created_at`, `updated_at`) VALUES
(1, 'create-users', 'Create Users', 'Create Users', '2020-03-19 05:50:52', '2020-03-19 05:50:52'),
(2, 'read-users', 'Read Users', 'Read Users', '2020-03-19 05:50:52', '2020-03-19 05:50:52'),
(3, 'update-users', 'Update Users', 'Update Users', '2020-03-19 05:50:53', '2020-03-19 05:50:53'),
(4, 'delete-users', 'Delete Users', 'Delete Users', '2020-03-19 05:50:53', '2020-03-19 05:50:53'),
(5, 'create-profile', 'Create Profile', 'Create Profile', '2020-03-19 05:50:53', '2020-03-19 05:50:53'),
(6, 'read-profile', 'Read Profile', 'Read Profile', '2020-03-19 05:50:53', '2020-03-19 05:50:53'),
(7, 'update-profile', 'Update Profile', 'Update Profile', '2020-03-19 05:50:53', '2020-03-19 05:50:53'),
(8, 'delete-profile', 'Delete Profile', 'Delete Profile', '2020-03-19 05:50:53', '2020-03-19 05:50:53'),
(9, 'create-report', 'Create Report', 'Create Report', '2020-03-19 05:50:53', '2020-03-19 05:50:53'),
(10, 'read-report', 'Read Report', 'Read Report', '2020-03-19 05:50:53', '2020-03-19 05:50:53'),
(11, 'update-report', 'Update Report', 'Update Report', '2020-03-19 05:50:53', '2020-03-19 05:50:53'),
(12, 'delete-report', 'Delete Report', 'Delete Report', '2020-03-19 05:50:53', '2020-03-19 05:50:53'),
(13, 'create-store', 'Create Store', 'Create Store', '2020-03-19 05:50:53', '2020-03-19 05:50:53'),
(14, 'read-store', 'Read Store', 'Read Store', '2020-03-19 05:50:53', '2020-03-19 05:50:53'),
(15, 'update-store', 'Update Store', 'Update Store', '2020-03-19 05:50:54', '2020-03-19 05:50:54'),
(16, 'delete-store', 'Delete Store', 'Delete Store', '2020-03-19 05:50:54', '2020-03-19 05:50:54'),
(17, 'create-file', 'Create File', 'Create File', '2020-03-19 05:50:54', '2020-03-19 05:50:54'),
(18, 'read-file', 'Read File', 'Read File', '2020-03-19 05:50:54', '2020-03-19 05:50:54'),
(19, 'update-file', 'Update File', 'Update File', '2020-03-19 05:50:54', '2020-03-19 05:50:54'),
(20, 'delete-file', 'Delete File', 'Delete File', '2020-03-19 05:50:54', '2020-03-19 05:50:54'),
(21, 'create-sales', 'Create Sales', 'Create Sales', '2020-03-19 05:50:54', '2020-03-19 05:50:54'),
(22, 'read-sales', 'Read Sales', 'Read Sales', '2020-03-19 05:50:54', '2020-03-19 05:50:54'),
(23, 'update-sales', 'Update Sales', 'Update Sales', '2020-03-19 05:50:54', '2020-03-19 05:50:54'),
(24, 'delete-sales', 'Delete Sales', 'Delete Sales', '2020-03-19 05:50:54', '2020-03-19 05:50:54'),
(25, 'read-service', 'Read Service', 'Read Service', '2020-03-19 05:50:56', '2020-03-19 05:50:56'),
(26, 'update-service', 'Update Service', 'Update Service', '2020-03-19 05:50:56', '2020-03-19 05:50:56');

-- --------------------------------------------------------

--
-- Table structure for table `permission_role`
--

CREATE TABLE `permission_role` (
  `permission_id` int(10) UNSIGNED NOT NULL,
  `role_id` int(10) UNSIGNED NOT NULL
) ENGINE=InnoDB DEFAULT CHARSET=utf8mb4 COLLATE=utf8mb4_unicode_ci;

--
-- Dumping data for table `permission_role`
--

INSERT INTO `permission_role` (`permission_id`, `role_id`) VALUES
(1, 1),
(2, 1),
(3, 1),
(4, 1),
(5, 1),
(6, 1),
(7, 1),
(8, 1),
(9, 1),
(10, 1),
(10, 2),
(11, 1),
(12, 1),
(13, 1),
(14, 1),
(15, 1),
(16, 1),
(17, 1),
(18, 1),
(19, 1),
(20, 1),
(21, 1),
(21, 3),
(22, 1),
(22, 3),
(23, 1),
(23, 3),
(24, 1),
(24, 3),
(25, 4),
(26, 4);

-- --------------------------------------------------------

--
-- Table structure for table `permission_user`
--

CREATE TABLE `permission_user` (
  `permission_id` int(10) UNSIGNED NOT NULL,
  `user_id` int(10) UNSIGNED NOT NULL,
  `user_type` varchar(191) COLLATE utf8mb4_unicode_ci NOT NULL
) ENGINE=InnoDB DEFAULT CHARSET=utf8mb4 COLLATE=utf8mb4_unicode_ci;

--
-- Dumping data for table `permission_user`
--

INSERT INTO `permission_user` (`permission_id`, `user_id`, `user_type`) VALUES
(5, 5, 'App\\User'),
(6, 5, 'App\\User'),
(7, 5, 'App\\User');

-- --------------------------------------------------------

--
-- Table structure for table `phone_models`
--

CREATE TABLE `phone_models` (
  `id` bigint(20) UNSIGNED NOT NULL,
  `model_name` varchar(191) COLLATE utf8mb4_unicode_ci NOT NULL,
  `mrp` varchar(191) COLLATE utf8mb4_unicode_ci NOT NULL,
  `retailler_commission` varchar(191) COLLATE utf8mb4_unicode_ci NOT NULL,
  `status` int(11) NOT NULL,
  `added_by` int(11) NOT NULL,
  `created_at` timestamp NULL DEFAULT NULL,
  `updated_at` timestamp NULL DEFAULT NULL
) ENGINE=InnoDB DEFAULT CHARSET=utf8mb4 COLLATE=utf8mb4_unicode_ci;

--
-- Dumping data for table `phone_models`
--

INSERT INTO `phone_models` (`id`, `model_name`, `mrp`, `retailler_commission`, `status`, `added_by`, `created_at`, `updated_at`) VALUES
(1, 'mate20', '1550', '120', 1, 1, '2020-09-20 09:21:48', '2020-09-20 09:21:48'),
(2, 'Mate30', '1220', '70', 1, 1, '2020-09-20 09:23:28', '2020-09-20 09:23:28');

-- --------------------------------------------------------

--
-- Table structure for table `receive_delivery_histories`
--

CREATE TABLE `receive_delivery_histories` (
  `id` bigint(20) UNSIGNED NOT NULL,
  `store_id` int(11) NOT NULL,
  `imei` varchar(191) COLLATE utf8mb4_unicode_ci NOT NULL,
  `status` int(11) NOT NULL,
  `created_at` timestamp NULL DEFAULT NULL,
  `updated_at` timestamp NULL DEFAULT NULL
) ENGINE=InnoDB DEFAULT CHARSET=utf8mb4 COLLATE=utf8mb4_unicode_ci;

--
-- Dumping data for table `receive_delivery_histories`
--

INSERT INTO `receive_delivery_histories` (`id`, `store_id`, `imei`, `status`, `created_at`, `updated_at`) VALUES
(34, 1, '123456789012345', 4, '2020-09-20 15:14:41', '2020-09-20 15:14:41');

-- --------------------------------------------------------

--
-- Table structure for table `roles`
--

CREATE TABLE `roles` (
  `id` int(10) UNSIGNED NOT NULL,
  `name` varchar(191) COLLATE utf8mb4_unicode_ci NOT NULL,
  `display_name` varchar(191) COLLATE utf8mb4_unicode_ci DEFAULT NULL,
  `description` varchar(191) COLLATE utf8mb4_unicode_ci DEFAULT NULL,
  `created_at` timestamp NULL DEFAULT NULL,
  `updated_at` timestamp NULL DEFAULT NULL
) ENGINE=InnoDB DEFAULT CHARSET=utf8mb4 COLLATE=utf8mb4_unicode_ci;

--
-- Dumping data for table `roles`
--

INSERT INTO `roles` (`id`, `name`, `display_name`, `description`, `created_at`, `updated_at`) VALUES
(1, 'supadmin', 'CPP Admin', 'Supadmin', '2020-03-19 05:50:52', '2020-04-16 02:45:48'),
(2, 'admin', 'Business Partner(1000Fix Head Office)', 'Admin', '2020-03-19 05:50:55', '2020-03-19 05:50:55'),
(3, 'salescenter', 'Sales Center', 'Salescenter', '2020-03-19 05:50:56', '2020-03-19 05:50:56'),
(4, 'servicepoint', 'Service Center', 'Servicepoint', '2020-03-19 05:50:56', '2020-03-19 05:50:56'),
(7, 'insurance', 'Insurance Company', 'Insurance Company', '2020-04-16 02:36:07', '2020-04-16 02:40:46'),
(8, 'callcenter', 'Call Centre', 'Call Centre', '2020-09-20 13:01:44', '2020-09-20 13:05:28');

-- --------------------------------------------------------

--
-- Table structure for table `role_user`
--

CREATE TABLE `role_user` (
  `role_id` int(10) UNSIGNED NOT NULL,
  `user_id` int(10) UNSIGNED NOT NULL,
  `user_type` varchar(191) COLLATE utf8mb4_unicode_ci NOT NULL
) ENGINE=InnoDB DEFAULT CHARSET=utf8mb4 COLLATE=utf8mb4_unicode_ci;

--
-- Dumping data for table `role_user`
--

INSERT INTO `role_user` (`role_id`, `user_id`, `user_type`) VALUES
(1, 1, 'App\\User'),
(2, 2, 'App\\User'),
(3, 3, 'App\\User'),
(4, 4, 'App\\User'),
(4, 8, 'App\\User'),
(3, 9, 'App\\User'),
(7, 11, 'App\\User'),
(3, 14, 'App\\User'),
(8, 15, 'App\\User');

-- --------------------------------------------------------

--
-- Table structure for table `sales`
--

CREATE TABLE `sales` (
  `id` int(10) UNSIGNED NOT NULL,
  `store_id` int(11) NOT NULL,
  `service_type` varchar(191) COLLATE utf8mb4_unicode_ci NOT NULL,
  `imei` varchar(191) COLLATE utf8mb4_unicode_ci NOT NULL,
  `brand` varchar(191) COLLATE utf8mb4_unicode_ci DEFAULT NULL,
  `model` varchar(191) COLLATE utf8mb4_unicode_ci NOT NULL,
  `price` varchar(191) COLLATE utf8mb4_unicode_ci NOT NULL,
  `title` varchar(191) COLLATE utf8mb4_unicode_ci NOT NULL,
  `gender` varchar(191) COLLATE utf8mb4_unicode_ci DEFAULT NULL,
  `customer_name` varchar(191) COLLATE utf8mb4_unicode_ci NOT NULL,
  `date_of_birth` varchar(191) COLLATE utf8mb4_unicode_ci DEFAULT NULL,
  `mobile` varchar(191) COLLATE utf8mb4_unicode_ci NOT NULL,
  `emergency_contact` varchar(191) COLLATE utf8mb4_unicode_ci DEFAULT NULL,
  `email` varchar(191) COLLATE utf8mb4_unicode_ci DEFAULT NULL,
  `district` varchar(191) COLLATE utf8mb4_unicode_ci NOT NULL,
  `address` varchar(191) COLLATE utf8mb4_unicode_ci NOT NULL,
  `fs_code` varchar(191) COLLATE utf8mb4_unicode_ci NOT NULL,
  `fs_mrp` varchar(191) COLLATE utf8mb4_unicode_ci NOT NULL,
  `retailed_commission` varchar(191) COLLATE utf8mb4_unicode_ci DEFAULT NULL,
  `created_at` timestamp NULL DEFAULT NULL,
  `updated_at` timestamp NULL DEFAULT NULL
) ENGINE=InnoDB DEFAULT CHARSET=utf8mb4 COLLATE=utf8mb4_unicode_ci;

--
-- Dumping data for table `sales`
--

INSERT INTO `sales` (`id`, `store_id`, `service_type`, `imei`, `brand`, `model`, `price`, `title`, `gender`, `customer_name`, `date_of_birth`, `mobile`, `emergency_contact`, `email`, `district`, `address`, `fs_code`, `fs_mrp`, `retailed_commission`, `created_at`, `updated_at`) VALUES
(18, 1, 'Dont Worry Screen Protection', '123456789012345', 'NOKIA', 'mate20', '5000', 'MR', 'M', 'S. M. Olive Hasan', NULL, '01798786889', '01934804551', 'olivehasan99@gmail.com', 'Dhaka', 'rainkhola, section-2, mirpur', '991T1866', '1550', '120', '2020-09-20 15:08:28', '2020-09-20 15:08:28');

-- --------------------------------------------------------

--
-- Table structure for table `service_histories`
--

CREATE TABLE `service_histories` (
  `id` bigint(20) UNSIGNED NOT NULL,
  `store_id` int(11) NOT NULL,
  `imei` varchar(191) COLLATE utf8mb4_unicode_ci NOT NULL,
  `model` varchar(191) COLLATE utf8mb4_unicode_ci NOT NULL,
  `price` varchar(191) COLLATE utf8mb4_unicode_ci NOT NULL,
  `fs_code` varchar(191) COLLATE utf8mb4_unicode_ci NOT NULL,
  `purchase_date` varchar(191) COLLATE utf8mb4_unicode_ci NOT NULL,
  `status` int(11) UNSIGNED NOT NULL,
  `delivery_date` timestamp NULL DEFAULT NULL,
  `created_at` timestamp NULL DEFAULT NULL,
  `updated_at` timestamp NULL DEFAULT NULL
) ENGINE=InnoDB DEFAULT CHARSET=utf8mb4 COLLATE=utf8mb4_unicode_ci;

--
-- Dumping data for table `service_histories`
--

INSERT INTO `service_histories` (`id`, `store_id`, `imei`, `model`, `price`, `fs_code`, `purchase_date`, `status`, `delivery_date`, `created_at`, `updated_at`) VALUES
(42, 1, '123456789012345', 'mate20', '5000', '991T1866', '2020-09-20 21:08:28', 4, NULL, '2020-09-20 15:14:41', '2020-09-20 15:14:41');

-- --------------------------------------------------------

--
-- Table structure for table `tiers`
--

CREATE TABLE `tiers` (
  `id` bigint(20) UNSIGNED NOT NULL,
  `tier` varchar(191) COLLATE utf8mb4_unicode_ci NOT NULL,
  `price_range_start` varchar(191) COLLATE utf8mb4_unicode_ci NOT NULL,
  `price_range_end` varchar(191) COLLATE utf8mb4_unicode_ci NOT NULL,
  `status` int(11) NOT NULL,
  `added_by` int(11) NOT NULL,
  `created_at` timestamp NULL DEFAULT NULL,
  `updated_at` timestamp NULL DEFAULT NULL
) ENGINE=InnoDB DEFAULT CHARSET=utf8mb4 COLLATE=utf8mb4_unicode_ci;

--
-- Dumping data for table `tiers`
--

INSERT INTO `tiers` (`id`, `tier`, `price_range_start`, `price_range_end`, `status`, `added_by`, `created_at`, `updated_at`) VALUES
(1, 'T1', '5000', '10000', 1, 1, '2020-09-20 10:59:24', '2020-09-20 11:02:23'),
(2, 'T2', '10000', '15000', 1, 1, '2020-09-20 11:01:18', '2020-09-20 11:01:18'),
(3, 'T3', '15000', '20000', 1, 1, '2020-09-20 11:01:31', '2020-09-20 11:01:31');

-- --------------------------------------------------------

--
-- Table structure for table `users`
--

CREATE TABLE `users` (
  `id` bigint(20) UNSIGNED NOT NULL,
  `name` varchar(191) COLLATE utf8mb4_unicode_ci NOT NULL,
  `username` varchar(191) COLLATE utf8mb4_unicode_ci NOT NULL,
  `email` varchar(191) COLLATE utf8mb4_unicode_ci DEFAULT NULL,
  `email_verified_at` timestamp NULL DEFAULT NULL,
  `password` varchar(191) COLLATE utf8mb4_unicode_ci NOT NULL,
  `store_id` int(11) DEFAULT NULL,
  `remember_token` varchar(100) COLLATE utf8mb4_unicode_ci DEFAULT NULL,
  `created_at` timestamp NULL DEFAULT NULL,
  `updated_at` timestamp NULL DEFAULT NULL
) ENGINE=InnoDB DEFAULT CHARSET=utf8mb4 COLLATE=utf8mb4_unicode_ci;

--
-- Dumping data for table `users`
--

INSERT INTO `users` (`id`, `name`, `username`, `email`, `email_verified_at`, `password`, `store_id`, `remember_token`, `created_at`, `updated_at`) VALUES
(1, 'Supadmin', 'cpp_supadmin', 'supadmin@cpp.com', NULL, '$2b$10$lEnsQD997tG4GvtrEmqfdOqpQrYpk3xSJHsPiLXihxD2LWkmtRTUO', 0, NULL, '2020-03-19 05:50:55', '2020-05-23 10:18:13'),
(2, 'Admin', 'cpp_admin', 'admin@cpp.com', NULL, '$2y$10$QL275kwT8aHhkacBievCduUVNy7rFITL3DAiUHcUcJenlowt6Xy0.', 0, NULL, '2020-03-19 05:50:56', '2020-05-23 10:18:22'),
(3, 'Salescenter', 'cpp_salescenter', 'salescenter@cpp.com', NULL, '$2y$10$cuhVN.7jaOh8oqzTm/VHBe.nTiZB38vN9g5mmC021JL8KgHq9ENyS', NULL, NULL, '2020-03-19 05:50:56', '2020-03-19 05:50:56'),
(4, 'Servicepoint', 'cpp_servicepoint', 'servicepoint@cpp.com', NULL, '$2y$10$Sbul7o5f8AVGYHVQykZKUOyt5Jv6Ll0jQ9Zp2b.eL3GmWPWxHhuo6', NULL, NULL, '2020-03-19 05:50:57', '2020-03-19 05:50:57'),
(5, 'Cru User', 'cpp_cru_user', 'cru_user@cpp.com', NULL, '$2y$10$GMrayh5olm7elR04.cqCO.5GZLuiPqWTxh0Piy/bhtyVO56KF33IC', NULL, '53JBuzqGdB', '2020-03-19 05:50:57', '2020-03-19 05:50:57'),
(8, 'S. M. Olive Hasan', 'service', 'olivehasan99@gmail.com', NULL, '$2y$10$tsCBM3I3CQ9RPdnw.NeY0eCozWza0nD5yqlkiXIvGvWFO2etnxBLy', 5, NULL, '2020-05-23 11:59:32', '2020-05-23 11:59:32'),
(9, 'S. M. Olive Hasan', 'sales', 'olivehasan99@gmail.com', NULL, '$2y$10$EUh2eQGTfcEYZkyjp9o44uEwBn.NHaNC.dsK1QBfXW.hprRJQoFve', 1, NULL, '2020-06-10 03:27:23', '2020-06-10 03:27:23'),
(11, 'S. M. Olive Hasan', 'insurance', NULL, NULL, '$2y$10$8EQcar04W1dUfROK53JDJeO2Xa2s27A3o55ajkg.urCQtRE8Tl7Om', 5, NULL, '2020-09-05 10:54:52', '2020-09-05 10:54:52'),
(14, 'Zakir', 'sales2', NULL, NULL, '$2y$10$0b7n7zxyVCJvGtAGTzLD0ORNPI4BLz0XMI07DXUCqGytKeHV6bkZC', 6, NULL, '2020-09-07 12:06:37', '2020-09-07 12:06:37'),
(15, 'S. M. Olive Hasan', 'call', 'olivehasan99@gmail.com', NULL, '$2y$10$Bcr7NNMPTsCzqfTs7pGB2OM0SuWbaTLb.Bh1opi2B0wX.TKzEzw5m', 1, NULL, '2020-09-20 13:07:37', '2020-09-20 13:07:37');

--
-- Indexes for dumped tables
--

--
-- Indexes for table `failed_jobs`
--
ALTER TABLE `failed_jobs`
  ADD PRIMARY KEY (`id`);

--
-- Indexes for table `files`
--
ALTER TABLE `files`
  ADD PRIMARY KEY (`file_id`);

--
-- Indexes for table `fscodes`
--
ALTER TABLE `fscodes`
  ADD PRIMARY KEY (`id`);

--
-- Indexes for table `imei`
--
ALTER TABLE `imei`
  ADD PRIMARY KEY (`id`);

--
-- Indexes for table `imeis`
--
ALTER TABLE `imeis`
  ADD PRIMARY KEY (`id`),
  ADD KEY `imei` (`imei`);

--
-- Indexes for table `import_exports`
--
ALTER TABLE `import_exports`
  ADD PRIMARY KEY (`id`);

--
-- Indexes for table `migrations`
--
ALTER TABLE `migrations`
  ADD PRIMARY KEY (`id`);

--
-- Indexes for table `outlets`
--
ALTER TABLE `outlets`
  ADD PRIMARY KEY (`id`);

--
-- Indexes for table `password_resets`
--
ALTER TABLE `password_resets`
  ADD KEY `password_resets_email_index` (`email`);

--
-- Indexes for table `permissions`
--
ALTER TABLE `permissions`
  ADD PRIMARY KEY (`id`),
  ADD UNIQUE KEY `permissions_name_unique` (`name`);

--
-- Indexes for table `permission_role`
--
ALTER TABLE `permission_role`
  ADD PRIMARY KEY (`permission_id`,`role_id`),
  ADD KEY `permission_role_role_id_foreign` (`role_id`);

--
-- Indexes for table `permission_user`
--
ALTER TABLE `permission_user`
  ADD PRIMARY KEY (`user_id`,`permission_id`,`user_type`),
  ADD KEY `permission_user_permission_id_foreign` (`permission_id`);

--
-- Indexes for table `phone_models`
--
ALTER TABLE `phone_models`
  ADD PRIMARY KEY (`id`);

--
-- Indexes for table `receive_delivery_histories`
--
ALTER TABLE `receive_delivery_histories`
  ADD PRIMARY KEY (`id`);

--
-- Indexes for table `roles`
--
ALTER TABLE `roles`
  ADD PRIMARY KEY (`id`),
  ADD UNIQUE KEY `roles_name_unique` (`name`);

--
-- Indexes for table `role_user`
--
ALTER TABLE `role_user`
  ADD PRIMARY KEY (`user_id`,`role_id`,`user_type`),
  ADD KEY `role_user_role_id_foreign` (`role_id`);

--
-- Indexes for table `sales`
--
ALTER TABLE `sales`
  ADD PRIMARY KEY (`id`),
  ADD UNIQUE KEY `sales_id_unique` (`id`);

--
-- Indexes for table `service_histories`
--
ALTER TABLE `service_histories`
  ADD PRIMARY KEY (`id`);

--
-- Indexes for table `tiers`
--
ALTER TABLE `tiers`
  ADD PRIMARY KEY (`id`);

--
-- Indexes for table `users`
--
ALTER TABLE `users`
  ADD PRIMARY KEY (`id`);

--
-- AUTO_INCREMENT for dumped tables
--

--
-- AUTO_INCREMENT for table `failed_jobs`
--
ALTER TABLE `failed_jobs`
  MODIFY `id` bigint(20) UNSIGNED NOT NULL AUTO_INCREMENT;

--
-- AUTO_INCREMENT for table `files`
--
ALTER TABLE `files`
  MODIFY `file_id` bigint(20) UNSIGNED NOT NULL AUTO_INCREMENT, AUTO_INCREMENT=120;

--
-- AUTO_INCREMENT for table `fscodes`
--
ALTER TABLE `fscodes`
  MODIFY `id` bigint(20) UNSIGNED NOT NULL AUTO_INCREMENT, AUTO_INCREMENT=813;

--
-- AUTO_INCREMENT for table `imei`
--
ALTER TABLE `imei`
  MODIFY `id` int(11) NOT NULL AUTO_INCREMENT, AUTO_INCREMENT=5;

--
-- AUTO_INCREMENT for table `imeis`
--
ALTER TABLE `imeis`
  MODIFY `id` bigint(20) UNSIGNED NOT NULL AUTO_INCREMENT, AUTO_INCREMENT=9;

--
-- AUTO_INCREMENT for table `import_exports`
--
ALTER TABLE `import_exports`
  MODIFY `id` bigint(20) UNSIGNED NOT NULL AUTO_INCREMENT;

--
-- AUTO_INCREMENT for table `migrations`
--
ALTER TABLE `migrations`
  MODIFY `id` int(10) UNSIGNED NOT NULL AUTO_INCREMENT, AUTO_INCREMENT=75;

--
-- AUTO_INCREMENT for table `outlets`
--
ALTER TABLE `outlets`
  MODIFY `id` bigint(20) UNSIGNED NOT NULL AUTO_INCREMENT, AUTO_INCREMENT=7;

--
-- AUTO_INCREMENT for table `permissions`
--
ALTER TABLE `permissions`
  MODIFY `id` int(10) UNSIGNED NOT NULL AUTO_INCREMENT, AUTO_INCREMENT=27;

--
-- AUTO_INCREMENT for table `phone_models`
--
ALTER TABLE `phone_models`
  MODIFY `id` bigint(20) UNSIGNED NOT NULL AUTO_INCREMENT, AUTO_INCREMENT=3;

--
-- AUTO_INCREMENT for table `receive_delivery_histories`
--
ALTER TABLE `receive_delivery_histories`
  MODIFY `id` bigint(20) UNSIGNED NOT NULL AUTO_INCREMENT, AUTO_INCREMENT=35;

--
-- AUTO_INCREMENT for table `roles`
--
ALTER TABLE `roles`
  MODIFY `id` int(10) UNSIGNED NOT NULL AUTO_INCREMENT, AUTO_INCREMENT=9;

--
-- AUTO_INCREMENT for table `sales`
--
ALTER TABLE `sales`
  MODIFY `id` int(10) UNSIGNED NOT NULL AUTO_INCREMENT, AUTO_INCREMENT=19;

--
-- AUTO_INCREMENT for table `service_histories`
--
ALTER TABLE `service_histories`
  MODIFY `id` bigint(20) UNSIGNED NOT NULL AUTO_INCREMENT, AUTO_INCREMENT=43;

--
-- AUTO_INCREMENT for table `tiers`
--
ALTER TABLE `tiers`
  MODIFY `id` bigint(20) UNSIGNED NOT NULL AUTO_INCREMENT, AUTO_INCREMENT=4;

--
-- AUTO_INCREMENT for table `users`
--
ALTER TABLE `users`
  MODIFY `id` bigint(20) UNSIGNED NOT NULL AUTO_INCREMENT, AUTO_INCREMENT=16;

--
-- Constraints for dumped tables
--

--
-- Constraints for table `permission_role`
--
ALTER TABLE `permission_role`
  ADD CONSTRAINT `permission_role_permission_id_foreign` FOREIGN KEY (`permission_id`) REFERENCES `permissions` (`id`) ON DELETE CASCADE ON UPDATE CASCADE,
  ADD CONSTRAINT `permission_role_role_id_foreign` FOREIGN KEY (`role_id`) REFERENCES `roles` (`id`) ON DELETE CASCADE ON UPDATE CASCADE;

--
-- Constraints for table `permission_user`
--
ALTER TABLE `permission_user`
  ADD CONSTRAINT `permission_user_permission_id_foreign` FOREIGN KEY (`permission_id`) REFERENCES `permissions` (`id`) ON DELETE CASCADE ON UPDATE CASCADE;

--
-- Constraints for table `role_user`
--
ALTER TABLE `role_user`
  ADD CONSTRAINT `role_user_role_id_foreign` FOREIGN KEY (`role_id`) REFERENCES `roles` (`id`) ON DELETE CASCADE ON UPDATE CASCADE;
COMMIT;

/*!40101 SET CHARACTER_SET_CLIENT=@OLD_CHARACTER_SET_CLIENT */;
/*!40101 SET CHARACTER_SET_RESULTS=@OLD_CHARACTER_SET_RESULTS */;
/*!40101 SET COLLATION_CONNECTION=@OLD_COLLATION_CONNECTION */;
